adult_smoking,adult_obesity,sti,excessive_drinking,population,under_18_pct,diabetes_prevalence,no_time_activity,edu_college,unemployment,children_single_parent,mental_health_providers,median_household_income,driving_alone_to_work,life_expectancy,65older,fipscode,diabetes_pop,obesity_pop,smoking_pop,drinking_pop,physical_inactivity,life_total
0.21092716,0.363,636.9,0.1479924765,4921532,0.220923688,0.122,0.308,761762,131065.0,339392.0,5818,53958.0,1778257.0,74.83594896,874244,1000,600426.904,1786516.116,1038084.76760912,728349.708853998,1515831.856,368307517.5570067
0.197,0.353,578.1,0.1616123561,56145,0.2318461127,0.112,0.322,8733,1262.0,3628.0,21,67565.0,21633.0,76.585649727,9082,1001,6288.24,19819.184999999998,11060.565,9073.7257332345,18078.69,4299901.303922415
0.199,0.296,336.0,0.2150352994,229287,0.2112854196,0.094,0.276,33289,5425.0,8613.0,228,71135.0,80588.0,77.724729177,49485,1003,21552.978,67868.95199999999,45628.113000000005,49304.798693527795,63283.21200000001,17821269.978806797
0.278,0.404,895.2,0.1392764247,24589,0.2047256903,0.165,0.416,2566,605.0,2822.0,6,38866.0,7189.0,72.867210115,4982,1005,4057.1850000000004,9933.956,6835.742,3424.6680069483004,10229.024,1791731.8295177352
0.252,0.412,540.3,0.1601675952,22136,0.1999457897,0.127,0.377,2392,573.0,1666.0,6,50907.0,7106.0,73.609363092,3780,1007,2811.272,9120.032,5578.272,3545.4698873472003,8345.272,1629416.8614045118
0.222,0.387,404.7,0.1617350466,57879,0.2280274365,0.114,0.333,7843,1008.0,3012.0,10,55203.0,19997.0,74.1714626,10999,1009,6598.206,22399.173,12849.138,9361.062762161398,19273.707000000002,4292970.0838254
0.252,0.438,742.5,0.1344554277,9976,0.2081996792,0.178,0.413,640,265.0,1333.0,2,33124.0,3207.0,73.81468226,1763,1011,1775.7279999999998,4369.488,2513.952,1341.3273467351999,4120.088,736375.27022576
0.246,0.397,1064.4,0.1355700813,19504,0.2205701395,0.151,0.407,1777,801.0,1809.0,13,42268.0,6818.0,73.473279047,4171,1013,2945.104,7743.088000000001,4797.984,2644.1588656752,7938.128,1433022.8345326881
0.226,0.359,729.7,0.1617061711,113469,0.2140055874,0.127,0.326,16656,3260.0,7621.0,161,50259.0,40053.0,72.825007074,21030,1015,14410.563,40735.371,25643.994000000002,18348.6375285459,36990.894,8263380.727679706
0.236,0.395,721.7,0.1419632837,32865,0.2052943861,0.139,0.369,4310,1078.0,2205.0,1,39318.0,12402.0,73.761104989,6768,1017,4568.235000000001,12981.675000000001,7756.139999999999,4665.6233188005,12127.185,2424158.715463485
0.247,0.343,274.9,0.1639801671,26294,0.1848710732,0.114,0.36,2890,530.0,1021.0,6,50388.0,8776.0,74.014400904,6382,1019,2997.516,9018.842,6494.6179999999995,4311.6945137274,9465.84,1946134.657369776
0.239,0.392,337.6,0.1595507776,44397,0.2376511926,0.123,0.353,4813,974.0,2723.0,27,52693.0,15032.0,74.391084705,7771,1021,5460.831,17403.624,10610.883,7083.5758731072,15672.141,3302740.987647885
0.246,0.397,500.4,0.1410653485,12418,0.1970526655,0.147,0.378,1712,308.0,1119.0,1,41649.0,3714.0,74.214010199,2982,1023,1825.446,4929.946,3054.828,1751.749497673,4694.004,921589.578651182
0.25,0.444,778.9,0.1377941267,23291,0.2127431197,0.148,0.396,2314,700.0,1862.0,21,44178.0,7203.0,71.737339284,4861,1025,3447.0679999999998,10341.204,5822.75,3209.3630049697,9223.236,1670834.369263644
0.256,0.371,559.1,0.1564713178,13112,0.2032489323,0.129,0.371,1096,245.0,689.0,2,44763.0,4725.0,72.89639799,2805,1027,1691.448,4864.552,3356.672,2051.6519189936002,4864.552,955817.5704448799
0.238,0.356,234.7,0.1644920509,14967,0.228502706,0.111,0.336,1728,262.0,590.0,8,50134.0,4911.0,74.346662647,3034,1029,1661.337,5328.2519999999995,3562.1459999999997,2461.9525258203,5028.912,1112746.499837649
0.207,0.346,638.1,0.1583282802,53230,0.2343791095,0.115,0.333,8583,944.0,3705.0,46,54203.0,19385.0,75.268544718,9371,1031,6121.45,18417.579999999998,11018.609999999999,8427.814355046,17725.59,4006544.63533914
0.215,0.359,582.9,0.1640679138,55411,0.2093627619,0.115,0.332,7267,1550.0,3692.0,24,54185.0,20096.0,73.875034169,11387,1033,6372.265,19892.549,11913.365,9091.1671715718,18396.452,4093489.518338459
0.251,0.41,596.7,0.1351741676,11851,0.2036958906,0.149,0.395,1232,331.0,1297.0,7,34664.0,3475.0,71.194267398,2843,1035,1765.799,4858.91,2974.601,1601.9490602276,4681.145,843723.2629336979
0.237,0.392,844.0,0.1537298549,10650,0.1624413146,0.131,0.348,1043,242.0,584.0,2,46509.0,3237.0,73.925127489,2629,1037,1395.15,4174.8,2524.0499999999997,1637.2229546849999,3706.2,787302.6077578501
0.247,0.366,431.9,0.1517981228,36930,0.2190089358,0.121,0.356,4356,738.0,2181.0,28,43544.0,13002.0,72.917641871,8095,1039,4468.53,13516.38,9121.71,5605.904675004,13147.08,2692848.51429603
0.24,0.356,798.7,0.1521043403,13681,0.2255683064,0.129,0.356,1611,357.0,1074.0,9,45927.0,4405.0,72.58910799,2729,1041,1764.8490000000002,4870.436,3283.44,2080.9394796443,4870.436,993091.58641119
0.234,0.332,229.2,0.1723723195,84515,0.2224220553,0.108,0.336,11204,1650.0,3507.0,128,51844.0,30332.0,73.914253636,16141,1043,9127.62,28058.980000000003,19776.510000000002,14568.046582542502,28397.04,6246863.14604654
0.22,0.381,567.4,0.1529976171,48959,0.2283134868,0.128,0.329,7657,1009.0,3406.0,52,48493.0,16286.0,74.908845911,8733,1045,6266.752,18653.379,10770.98,7490.610335598901,16107.511,3667462.186956649
0.243,0.474,935.6,0.1278288674,36098,0.2325890631,0.173,0.412,4742,1570.0,5867.0,23,37679.0,12162.0,71.087503782,7053,1047,6244.954,17110.451999999997,8771.814,4614.366455405199,14872.375999999998,2566116.711522636
0.25,0.353,299.2,0.1440018372,71658,0.2396103715,0.13,0.405,8831,1388.0,3557.0,21,47156.0,25019.0,73.842478266,12839,1049,9315.54,25295.273999999998,17914.5,10318.883650077601,29021.49,5291404.307585028
0.204,0.358,561.5,0.160762107,82158,0.2196864578,0.118,0.331,12093,1777.0,4178.0,21,62524.0,30115.0,75.289530854,13411,1051,9694.644,29412.564,16760.232,13207.893186906,27194.298000000003,6185637.2759029325
0.246,0.387,690.6,0.1407605286,36281,0.2230368512,0.145,0.391,3662,864.0,3476.0,30,41212.0,11296.0,72.208512051,6794,1053,5260.745,14040.747000000001,8925.126,5106.932738136599,14185.871000000001,2619797.025722331
0.235,0.345,609.2,0.1535866531,102371,0.2135175001,0.119,0.339,14027,3126.0,7507.0,135,47872.0,37095.0,72.537031187,20061,1055,12182.149,35317.994999999995,24057.184999999998,15722.8192645001,34703.769,7425688.419644376
0.245,0.371,429.4,0.1547976348,16241,0.2112554646,0.123,0.354,1806,326.0,1006.0,2,45937.0,5240.0,73.059710184,3575,1057,1997.643,6025.411,3979.045,2514.0683867868,5749.313999999999,1186562.753098344
0.228,0.379,382.6,0.1544392324,31507,0.2472466436,0.127,0.372,3343,638.0,2572.0,1,40448.0,10734.0,73.676389027,5444,1059,4001.389,11941.153,7183.5960000000005,4865.916895226799,11720.604,2321321.989073689
0.252,0.359,411.1,0.1539123168,26411,0.2166521525,0.121,0.354,2809,444.0,1573.0,6,39882.0,8904.0,72.630878775,5604,1061,3195.7309999999998,9481.548999999999,6655.572,4064.9781990048,9349.493999999999,1918254.139326525
0.282,0.47,1158.9,0.1104611201,7990,0.2147684606,0.205,0.459,872,328.0,1236.0,1,33609.0,1659.0,72.860772885,1950,1063,1637.9499999999998,3755.2999999999997,2253.18,882.584349599,3667.4100000000003,582157.57535115
0.258,0.438,1174.0,0.1370031534,14670,0.2327880027,0.161,0.395,1650,572.0,1747.0,4,41836.0,4719.0,72.54515094,2960,1065,2361.87,6425.46,3784.86,2009.836260378,5794.650000000001,1064237.3642898
0.225,0.385,587.0,0.1594232706,17223,0.2039133717,0.126,0.349,1918,327.0,837.0,4,51126.0,5872.0,75.537585201,4067,1067,2170.098,6630.8550000000005,3875.175,2745.7469895438,6010.826999999999,1300983.829916823
0.217,0.402,693.2,0.1494374252,106580,0.2281103397,0.126,0.359,15657,2497.0,7942.0,170,54391.0,38706.0,75.648321725,19910,1069,13429.08,42845.16,23127.86,15927.040777816,38262.22,8062598.1294505
0.241,0.386,257.6,0.1590360172,51582,0.2056143616,0.122,0.357,6097,1203.0,2735.0,29,46606.0,16668.0,73.268808729,10897,1071,6293.004,19910.652000000002,12431.261999999999,8203.3958392104,18414.773999999998,3779351.691859278
0.176,0.342,898.6,0.165653545,655342,0.2272675946,0.126,0.304,124466,19675.0,54536.0,1379,57802.0,244098.0,74.060552348,109511,1073,82573.092,224126.964,115340.192,108559.72548739001,199223.968,48534990.49684302
0.25,0.364,369.4,0.1588006156,13764,0.2143998838,0.126,0.371,1500,278.0,845.0,2,40204.0,4640.0,75.261510187,3099,1075,1734.2640000000001,5010.096,3441.0,2185.7316731184,5106.4439999999995,1035899.426213868
0.205,0.327,490.7,0.1700132828,93368,0.1947133922,0.109,0.301,12469,2321.0,4722.0,153,52293.0,34870.0,75.94632606,19471,1077,10177.112,30531.336000000003,19140.44,15873.800188470399,28103.768,7090956.571570081
0.256,0.355,300.7,0.1610058869,32857,0.2155705025,0.124,0.35,4143,703.0,1693.0,43,48924.0,11447.0,72.860354717,6325,1079,4074.268,11664.234999999999,8411.392,5290.1704258733,11499.949999999999,2393972.674936469
0.184,0.336,448.5,0.1529454037,166831,0.2090858414,0.119,0.292,31806,3935.0,9271.0,178,58963.0,61846.0,77.719816714,21587,1081,19852.889,56055.216,30696.904,25516.034644674703,48714.651999999995,12966074.742213335
0.207,0.337,341.7,0.1597604553,102228,0.2204190633,0.112,0.31,15779,1900.0,4000.0,51,70850.0,37116.0,77.09611375,16088,1083,11449.536,34450.836,21161.196,16331.9918244084,31690.68,7881381.516435
0.256,0.458,925.4,0.1175767774,9641,0.2191681361,0.179,0.428,948,488.0,1154.0,0,37499.0,3022.0,70.301468043,1957,1085,1725.739,4415.578,2468.096,1133.5577109134,4126.348,677776.453402563
0.23,0.404,1228.7,0.1208068656,17895,0.1743503772,0.175,0.386,1993,773.0,1655.0,75,37736.0,5866.0,71.278186331,3803,1087,3131.625,7229.580000000001,4115.85,2161.838859912,6907.47,1275523.144393245
0.161,0.325,762.9,0.1762005853,379453,0.2158185599,0.106,0.278,72447,8668.0,21482.0,613,67810.0,153807.0,77.353246658,59238,1089,40222.018,123322.225,61091.933000000005,66859.8406938409,105487.93400000001,29351921.504118074
0.239,0.436,784.6,0.1390964841,18733,0.2213740458,0.15,0.398,2089,485.0,2221.0,6,43198.0,5862.0,71.033099769,3866,1091,2809.95,8167.588,4477.187,2605.6944366453,7455.734,1330663.057972677
0.243,0.359,296.2,0.1638104316,29703,0.2067804599,0.115,0.342,3819,661.0,1361.0,5,44333.0,9936.0,73.078828998,6424,1093,3415.8450000000003,10663.377,7217.829,4865.6612498148,10158.426000000001,2170660.4577275943
0.223,0.38,336.9,0.1430833352,96990,0.2512011548,0.124,0.362,12458,1845.0,6434.0,261,51417.0,33782.0,73.893120847,16922,1095,12026.76,36856.2,21628.77,13877.652681047999,35110.38,7166893.79095053
0.214,0.364,811.0,0.1702700637,412716,0.2322832165,0.131,0.321,63704,15121.0,34793.0,441,50871.0,148366.0,74.441641678,70526,1097,54065.796,150228.62399999998,88321.224,70273.1796100092,132481.836,30723256.586777445
0.253,0.411,564.3,0.1469296993,20459,0.2070482428,0.151,0.412,1611,610.0,2019.0,22,38812.0,6068.0,73.288869531,4448,1099,3089.3089999999997,8408.649,5176.127,3006.0347179787,8429.108,1499416.9817347291
0.201,0.376,1134.3,0.1501692634,224639,0.2343983013,0.14,0.319,39851,8368.0,23278.0,394,49607.0,82400.0,75.248792407,35947,1101,31449.460000000003,84464.264,45152.439000000006,33733.8731609126,71659.841,16903813.477516074
0.206,0.345,396.1,0.1487018877,119883,0.2285728585,0.115,0.312,15892,2634.0,6583.0,193,55688.0,45264.0,74.195469777,21897,1103,13786.545,41359.634999999995,24695.897999999997,17826.8284031391,37403.496,8894775.503276091
0.254,0.462,818.1,0.1143507061,8687,0.2031771613,0.189,0.434,712,373.0,1287.0,5,33712.0,1873.0,70.790399594,1814,1105,1641.843,4013.3940000000002,2206.498,993.3645838907,3770.158,614956.201273078
0.234,0.401,612.1,0.1483701696,19793,0.1912797454,0.146,0.383,2504,499.0,1750.0,7,41870.0,5635.0,73.91421578,3927,1107,2889.778,7936.993,4631.562,2936.6907668927997,7580.719,1462984.0729335402
0.206,0.363,954.3,0.1424461724,32966,0.1904386337,0.139,0.338,4486,772.0,2624.0,22,43141.0,11580.0,73.931379851,5194,1109,4582.274,11966.658,6790.995999999999,4695.8805193384,11142.508000000002,2437221.8681680663
0.233,0.345,554.5,0.1507626845,22920,0.2089877836,0.12,0.347,2377,447.0,1337.0,6,46679.0,7578.0,73.921619865,4892,1111,2750.4,7907.4,5340.360000000001,3455.48072874,7953.24,1694283.5273058
0.217,0.385,781.6,0.1386944835,58237,0.2396586363,0.147,0.363,10367,1210.0,6012.0,28,40821.0,20422.0,73.380676587,8779,1113,8560.839,22421.245,12637.429,8077.1506355895,21140.031,4273470.462397119
0.231,0.352,338.5,0.1830909045,90739,0.2229030516,0.108,0.318,13425,1986.0,3685.0,23,61973.0,34199.0,74.738053073,15895,1115,9799.812,31940.127999999997,20960.709000000003,16613.4855834255,28855.002,6781656.197790948
0.153,0.302,275.1,0.1561696113,221428,0.2289683328,0.09,0.236,43715,4402.0,8307.0,209,88444.0,89722.0,80.261566455,36343,1117,19928.52,66871.256,33878.484,34580.3246909364,52257.007999999994,17772158.136997737
0.232,0.435,1094.4,0.1207948521,12225,0.1931288344,0.178,0.395,1350,331.0,1349.0,3,32275.0,3725.0,71.90939336,2426,1119,2176.0499999999997,5317.875,2836.2000000000003,1476.7170669225,4828.875,879092.333826
0.25,0.371,678.9,0.1364737455,79985,0.206938801,0.132,0.36,10598,2532.0,6067.0,19,44802.0,26264.0,72.926037062,15103,1121,10558.02,29674.435,19996.25,10915.852533817499,28794.6,5832989.07440407
0.236,0.386,408.7,0.1545096639,40133,0.2030996935,0.129,0.366,4160,1239.0,3481.0,13,46654.0,12900.0,73.926745977,9154,1123,5177.157,15491.338,9471.387999999999,6200.9363412987,14688.678,2966902.096294941
0.202,0.383,734.2,0.1642700399,210758,0.2086421393,0.12,0.313,36110,6749.0,15018.0,330,56610.0,78892.0,75.826336033,29766,1125,25290.96,80720.314,42573.116,34621.2250692442,65967.254,15981006.929643014
0.259,0.353,283.4,0.1487783565,63143,0.2210696356,0.115,0.362,8372,1446.0,4123.0,68,46519.0,20607.0,69.629256842,12720,1127,7261.445000000001,22289.479,16354.037,9394.311764479498,22857.766,4396600.164774407
0.246,0.403,465.5,0.1412897778,15976,0.2120681022,0.139,0.381,1822,539.0,931.0,5,36346.0,4876.0,75.287942564,3279,1129,2220.664,6438.328,3930.096,2257.2454901327997,6086.856,1202800.170402464
0.275,0.454,1349.7,0.1148924465,10206,0.2275132275,0.186,0.441,972,423.0,1598.0,1,31909.0,2771.0,69.845386462,2145,1131,1898.316,4633.524,2806.65,1172.5923089789999,4500.8460000000005,712842.0142311719
0.263,0.383,275.1,0.1557040485,23508,0.1999744768,0.12,0.377,2598,475.0,1384.0,4,46453.0,7062.0,74.823226352,5310,1133,2820.96,9003.564,6182.604,3660.2907721379997,8862.516,1758944.4050828163
0.1732177599,0.307,854.9,0.1814785009,731158,0.2444492162,0.071,0.216,138592,27196.0,36389.0,4542,79961.0,239445.0,78.615640554,95876,2000,51912.21799999999,224465.506,126649.5508929642,132689.4577610422,157930.128,57480454.51618153
0.195,0.315,329.6,0.163061054,3401,0.0705674802,0.129,0.281,513,100.0,122.0,3,79128.0,592.0,112.50385595,374,2013,438.729,1071.315,663.195,554.570644654,955.681,382625.61408595
0.168,0.277,248.5,0.1884720205,5680,0.1198943662,0.108,0.238,978,169.0,135.0,8,92216.0,1806.0,91.47865596,441,2016,613.4399999999999,1573.3600000000001,954.24,1070.5210764400001,1351.84,519598.7658528
0.153,0.307,962.2,0.2106190841,287095,0.2383810237,0.083,0.205,64089,10971.0,13949.0,1752,84577.0,113208.0,78.683915473,35114,2020,23828.885000000002,88138.165,43925.534999999996,60467.6859496895,58854.475,22589758.712720934
0.349,0.383,2724.9,0.1683395457,18437,0.3543418127,0.16,0.326,1554,805.0,1564.0,484,52214.0,1486.0,70.711690412,1510,2050,2949.92,7061.371,6434.513,3103.6762040709,6010.462,1303711.436126044
0.212,0.341,598.1,0.2090795829,788,0.1992385787,0.096,0.216,134,31.0,23.0,0,87032.0,290.0,,152,2060,75.648,268.708,167.05599999999998,164.7547113252,170.208,
0.178,0.284,333.8,0.2168640495,2081,0.1691494474,0.085,0.199,416,107.0,29.0,0,80192.0,561.0,89.085612122,264,2068,176.88500000000002,591.0039999999999,370.418,451.2940870095,414.119,185387.158825882
0.307,0.357,1729.0,0.193227931,4833,0.3155390027,0.132,0.277,647,143.0,527.0,42,72334.0,550.0,70.240750907,525,2070,637.956,1725.3809999999999,1483.731,933.8705905229999,1338.7410000000002,339473.54913353105
0.176,0.304,863.2,0.1968063609,95651,0.236756542,0.081,0.222,21203,2841.0,4384.0,675,76650.0,37227.0,80.2125933,11227,2090,7747.731000000001,29077.904,16834.575999999997,18824.725226445902,21234.522,7672414.761738299
0.179,0.302,237.2,0.2116353793,2614,0.1740627391,0.082,0.196,377,159.0,44.0,6,105044.0,446.0,84.359986653,625,2100,214.348,789.428,467.906,553.2148814902,512.344,220517.00511094203
0.227,0.348,,0.199925697,2141,0.1816907987,0.106,0.236,210,142.0,62.0,6,55593.0,378.0,84.327972523,537,2105,226.946,745.068,486.007,428.040917277,505.27599999999995,180546.189171743
0.151,0.275,406.6,0.216668357,31849,0.2070708656,0.076,0.167,6814,1081.0,1106.0,283,89204.0,10951.0,81.074345674,4720,2110,2420.524,8758.475,4809.199,6900.670502093,5318.783,2582136.835371226
0.199,0.274,264.0,0.2206660622,59414,0.2229945804,0.083,0.22,8391,2393.0,2501.0,191,68448.0,17283.0,79.226274401,11420,2122,4931.362,16279.436000000002,11823.386,13110.653419550801,13071.08,4707149.867261014
0.195,0.317,568.3,0.2251248935,13747,0.2095729977,0.086,0.215,2226,627.0,695.0,169,76780.0,4611.0,80.190629837,2355,2130,1182.242,4357.799,2680.665,3094.7919109445,2955.605,1102380.5883692391
0.165,0.292,330.8,0.1914648961,12992,0.2415332512,0.091,0.23,2952,380.0,482.0,53,72028.0,4132.0,80.545960366,1609,2150,1182.272,3793.6639999999998,2143.6800000000003,2487.5119301312,2988.1600000000003,1046453.117075072
0.43,0.451,3848.9,0.1576743601,8328,0.4158261287,0.197,0.382,456,445.0,1120.0,10,37566.0,107.0,67.687245673,546,2158,1640.616,3755.928,3581.04,1313.1120709128,3181.2960000000003,563699.3819647441
0.293,0.371,753.8,0.1846833081,1493,0.288680509,0.136,0.283,204,65.0,69.0,3,54386.0,115.0,,169,2164,203.048,553.903,437.44899999999996,275.7321789933,422.51899999999995,
0.198,0.32,358.2,0.2019834716,110213,0.262210447,0.081,0.239,17260,3990.0,4859.0,291,89502.0,31528.0,78.991712039,14446,2170,8927.253,35268.16,21822.174000000003,22261.204355450798,26340.907,8705913.558954308
0.308,0.418,2469.0,0.1885637265,9909,0.3418104753,0.14,0.288,1082,411.0,943.0,100,64309.0,918.0,70.318965308,842,2180,1387.2600000000002,4141.9619999999995,3051.9719999999998,1868.4779658885,2853.792,696790.627236972
0.241,0.351,976.4,0.2091069073,9294,0.2779212395,0.112,0.237,1545,189.0,757.0,11,94759.0,939.0,76.21044775,723,2185,1040.928,3262.194,2239.854,1943.4395964462,2202.678,708299.9013885
0.343,0.391,2873.6,0.1779774752,7644,0.3626373626,0.15,0.292,674,352.0,854.0,83,65194.0,447.0,71.252485897,594,2188,1146.6,2988.804,2621.8920000000003,1360.4598204288002,2232.048,544654.002196668
0.181,0.282,,0.231488212,3296,0.2123786408,0.081,0.205,399,123.0,116.0,14,66096.0,825.0,80.638920457,666,2195,266.976,929.4719999999999,596.576,762.985146752,675.68,265785.881826272
0.256,0.37,241.8,0.1962587345,6147,0.2188059216,0.113,0.248,775,260.0,317.0,37,53638.0,1410.0,76.446952936,1192,2198,694.611,2274.39,1573.632,1206.4024409715,1524.456,469919.41969759203
0.172,0.289,341.5,0.2129476275,8405,0.2042831648,0.083,0.201,1802,285.0,359.0,210,79363.0,2984.0,80.913571449,1436,2220,697.615,2429.0449999999996,1445.6599999999999,1789.8248091374999,1689.4050000000002,680078.568028845
0.168,0.307,,0.2238148783,1179,0.155216285,0.076,0.202,249,130.0,39.0,1,78421.0,320.0,,183,2230,89.604,361.953,198.072,263.8777415157,238.15800000000002,
0.209,0.323,159.6,0.2123955319,6957,0.257294811,0.087,0.23,937,217.0,250.0,13,64544.0,1793.0,77.236080688,1112,2240,605.259,2247.111,1454.013,1477.6357154282998,1600.1100000000001,537331.413346416
0.171,0.307,423.8,0.2319759263,9346,0.2303659319,0.079,0.202,1678,395.0,427.0,22,,3186.0,78.045021011,1470,2261,738.3340000000001,2869.2219999999998,1598.1660000000002,2168.0470071997997,1887.892,729408.766368806
0.214,0.305,,0.2071792997,2510,0.1888446215,0.089,0.223,316,83.0,106.0,60,64643.0,704.0,79.212160921,650,2275,223.39,765.55,537.14,520.020042247,559.73,198822.52391171
0.225,0.335,863.6,0.2009485342,637,0.2072213501,0.108,0.23,137,22.0,7.0,2,68352.0,125.0,,127,2282,68.79599999999999,213.395,143.32500000000002,128.0042162854,146.51000000000002,
0.309,0.384,1491.4,0.204495028,5077,0.2802836321,0.136,0.274,574,280.0,543.0,10,43060.0,523.0,72.497379507,847,2290,690.4720000000001,1949.568,1568.793,1038.2212571559999,1391.0980000000002,368069.195757039
0.1562910521,0.319,591.6,0.173805594,7421401,0.2218480042,0.098,0.236,1209223,282069.0,428549.0,11215,64652.0,2369970.0,79.061023365,1373975,4000,727297.2980000001,2367426.919,1159898.570345992,1289881.009117194,1751450.636,586743557.8620343
0.239,0.369,760.9,0.1532443986,71875,0.2651130435,0.157,0.294,9255,2581.0,7354.0,75,36319.0,14458.0,70.134960561,11834,4001,11284.375,26521.875,17178.125,11014.441149375,21131.25,5040950.290321875
0.176,0.339,382.8,0.1826988435,127450,0.2096900745,0.113,0.272,19657,3627.0,7877.0,156,51171.0,37189.0,78.247948135,30285,4003,14401.85,43205.55,22431.199999999997,23284.967604075002,34666.4,9972700.98980575
0.181,0.276,784.8,0.2048340439,142481,0.1992265635,0.094,0.205,25277,7295.0,9220.0,316,57146.0,45084.0,77.965251028,19744,4005,13393.214,39324.756,25789.060999999998,29184.9594089159,29208.605,11108566.931720467
0.198,0.312,412.8,0.2149143316,54303,0.1930464247,0.112,0.272,5223,1621.0,2962.0,40,49280.0,14658.0,72.677026021,16358,4007,6081.936,16942.536,10751.994,11670.4929488748,14770.416000000001,3946580.544018363
0.174,0.368,486.6,0.1853242539,39211,0.2654612226,0.119,0.302,5541,1008.0,2502.0,16,55419.0,10320.0,76.9683221,5598,4009,4666.1089999999995,14429.648,6822.714,7266.7493196729,11841.722,3018004.8778631
0.152,0.358,358.0,0.1953095381,9341,0.2677443529,0.115,0.267,1372,244.0,561.0,1,67530.0,3385.0,79.922212028,1291,4011,1074.2150000000001,3344.078,1419.8319999999999,1824.3863953921002,2494.047,746553.3825535481
0.195,0.37,350.6,0.1705180125,21480,0.1560055866,0.124,0.315,1374,636.0,1407.0,18,41637.0,4937.0,77.702550268,8956,4012,2663.52,7947.599999999999,4188.6,3662.7269085000003,6766.2,1669050.7797566399
0.143,0.31,632.6,0.1763595285,4579081,0.2309354213,0.102,0.248,812889,172361.0,260595.0,7168,71799.0,1548339.0,79.637280503,729812,4013,467066.262,1419515.11,654808.583,807564.5661233085,1135612.088,364665558.0429577
0.21,0.323,253.1,0.1959488267,217206,0.1635083745,0.102,0.311,20919,8854.0,11081.0,164,46678.0,56941.0,75.46716119,69474,4015,22155.012,70157.538,45613.259999999995,42561.2608522002,67551.066,16391920.21343514
0.207,0.378,724.8,0.1439276406,112112,0.2567700157,0.136,0.284,13252,4097.0,10334.0,103,46698.0,25484.0,71.398138372,21896,4017,15247.232000000002,42378.336,23207.183999999997,16136.015642947199,31839.807999999997,8004588.089161664
0.143,0.308,637.6,0.1822504155,1061175,0.202385092,0.095,0.234,171504,38308.0,63886.0,2146,56551.0,337360.0,78.472345648,221336,4019,100811.625,326841.9,151748.025,193399.5846682125,248314.95,83272891.3930164
0.174,0.346,440.4,0.2015405942,480828,0.2187809362,0.109,0.312,63001,14400.0,23406.0,361,66992.0,126644.0,81.797805936,103815,4021,52410.252,166366.48799999998,83664.072,96906.3608279976,150018.336,39330675.43259501
0.145,0.371,524.8,0.1638915816,46808,0.263736968,0.145,0.321,5819,2220.0,3239.0,18,44402.0,14114.0,81.185355742,8955,4023,6787.16,17365.768,6787.16,7671.4371515328,15025.368,3800124.131571536
0.172,0.278,238.6,0.1830943987,240226,0.1558823774,0.084,0.244,25175,8007.0,8126.0,489,58860.0,67120.0,78.387383332,80939,4025,20178.984,66782.82800000001,41318.871999999996,43984.035022106196,58615.144,18830687.548313033
0.151,0.384,536.5,0.1718976395,217824,0.2478377038,0.134,0.297,28965,16810.0,15999.0,133,54278.0,63937.0,80.484502751,43682,4027,29188.416,83644.416,32891.424,37443.431426448,64693.727999999996,17531456.32723382
0.2110430259,0.38,569.8,0.1593922112,3030522,0.230888936,0.121,0.304,451914,81952.0,198144.0,7597,51146.0,1065652.0,75.48838534,536306,5000,366693.162,1151598.36,639570.5329365197,483041.6026702464,921278.688,228769212.51734746
0.237,0.368,823.5,0.1501487162,17383,0.2310878444,0.116,0.336,2170,378.0,1162.0,20,51186.0,6841.0,72.94702319,3562,5001,2016.428,6396.9439999999995,4119.771,2610.0351337046,5840.688,1268038.10411177
0.242,0.391,610.5,0.1489064703,19339,0.2255028698,0.128,0.357,2118,668.0,1144.0,15,44677.0,6143.0,73.814209739,4181,5003,2475.392,7561.549,4680.038,2879.7022291317003,6904.023,1427493.002142521
0.223,0.32,202.7,0.1752796254,42242,0.176672506,0.096,0.279,4930,981.0,1454.0,122,44833.0,12154.0,76.058274693,13294,5005,4055.232,13517.44,9419.966,7404.1619361468,11785.518000000002,3212853.639581706
0.164,0.298,328.9,0.1656442791,288774,0.2576755525,0.095,0.265,51204,6231.0,12830.0,665,78678.0,109704.0,79.47153427,39776,5007,27433.53,86054.652,47358.936,47833.76105282341,76525.11,22949312.837284982
0.226,0.324,259.1,0.1560836916,37625,0.2241328904,0.1,0.336,5134,830.0,1471.0,59,48153.0,13138.0,76.130925946,8083,5009,3762.5,12190.5,8503.25,5872.6488964499995,12642.0,2864426.0887182504
0.226,0.383,483.1,0.1358929912,10639,0.2436319203,0.134,0.373,1199,256.0,841.0,6,41578.0,3469.0,72.151960849,2070,5011,1425.626,4074.737,2404.414,1445.7655333768,3968.347,767624.7114725111
0.233,0.389,443.2,0.1557046335,5113,0.1811069822,0.12,0.344,594,125.0,241.0,0,50865.0,1872.0,72.92553611,1146,5013,613.56,1988.957,1191.3290000000002,796.1177910855,1758.8719999999998,372868.26613043
0.202,0.339,257.2,0.1552993695,28276,0.2163318716,0.107,0.326,2447,720.0,734.0,26,45397.0,9187.0,76.106042866,6841,5015,3025.532,9585.564,5711.752,4391.244971982001,9217.976,2151974.468079016
0.252,0.446,810.4,0.1280835555,9924,0.2183595324,0.157,0.389,1058,336.0,973.0,60,35992.0,2771.0,72.207551561,2230,5017,1558.068,4426.104,2500.848,1271.101204782,3860.436,716587.741691364
0.205,0.401,797.5,0.1555030603,22103,0.1891598426,0.118,0.322,2489,549.0,1425.0,69,46464.0,7783.0,75.320180917,3783,5019,2608.154,8863.303,4531.115,3437.0841418109,7117.166,1664801.958808451
0.25,0.376,254.3,0.1555066353,14375,0.212173913,0.113,0.353,1867,333.0,932.0,15,43723.0,4923.0,73.030348193,3146,5021,1624.375,5405.0,3593.75,2235.4078824375,5074.375,1049811.255274375
0.244,0.357,184.6,0.1687673556,24935,0.185361941,0.099,0.322,2170,697.0,1016.0,29,49964.0,8373.0,75.189754419,6933,5023,2468.565,8901.795,6084.139999999999,4208.214011886,8029.070000000001,1874856.526437765
0.239,0.389,264.0,0.1576413424,7957,0.2135226844,0.115,0.349,969,195.0,504.0,0,57697.0,2667.0,75.051562289,1718,5025,915.0550000000001,3095.273,1901.723,1254.3521614768,2776.993,597185.281133573
0.244,0.425,950.7,0.1480122278,23331,0.2075779006,0.136,0.37,2967,620.0,1319.0,45,44925.0,7434.0,73.931945789,4167,5027,3173.016,9915.675,5692.764,3453.2732868018,8632.47,1724906.227203159
0.232,0.352,446.1,0.162357759,21037,0.225792651,0.114,0.324,2523,504.0,1237.0,59,47049.0,7049.0,75.330870797,4234,5029,2398.2180000000003,7405.023999999999,4880.584,3415.520176083,6815.988,1584735.5289564892
0.216,0.396,842.9,0.1480252534,112245,0.2484386832,0.112,0.331,19158,2972.0,8366.0,455,51797.0,41869.0,76.101241233,15883,5031,12571.44,44449.020000000004,24244.92,16615.094567883,37153.095,8541983.822198085
0.227,0.378,325.7,0.1612406495,63409,0.2405021369,0.112,0.334,8460,1438.0,3963.0,36,54534.0,22589.0,76.354144152,11221,5033,7101.808,23968.602,14393.843,10224.1083441455,21178.606,4841539.926534168
0.239,0.426,1184.4,0.1317706105,47616,0.2691532258,0.143,0.378,6853,1750.0,6020.0,114,47545.0,16573.0,72.170411508,6944,5035,6809.088,20284.416,11380.224,6274.389389567999,17998.848,3436466.314364928
0.246,0.386,694.3,0.1506705746,16142,0.2337380746,0.12,0.348,1982,444.0,1494.0,17,40587.0,5894.0,72.089328692,3095,5037,1937.04,6230.812,3970.932,2432.1244151932,5617.415999999999,1163665.9437462639
0.235,0.407,841.8,0.1423496415,6802,0.2097912379,0.131,0.358,727,151.0,346.0,18,34649.0,2371.0,73.848973866,1705,5039,891.062,2768.4139999999998,1598.4699999999998,968.2622614830001,2435.116,502320.720236532
0.262,0.427,774.6,0.120812653,11110,0.2540054005,0.155,0.405,1074,373.0,1299.0,8,37421.0,3632.0,72.152740246,2179,5041,1722.05,4743.97,2910.82,1342.22857483,4499.55,801616.9441330599
0.215,0.388,675.1,0.1446552306,17977,0.2167769928,0.121,0.336,2620,534.0,994.0,113,46787.0,6281.0,74.0408529,3282,5043,2175.217,6975.076,3865.055,2600.4670804961997,6040.272,1331032.4125833001
0.2,0.374,536.5,0.1572012456,126919,0.2268139522,0.107,0.325,22272,3361.0,6057.0,211,57367.0,49581.0,76.310880918,16945,5045,13580.333,47467.706,25383.800000000003,19951.8248903064,41248.675,9685300.69523164
0.261,0.37,287.9,0.1508600193,17897,0.2222160139,0.117,0.353,2424,419.0,733.0,1,47256.0,5635.0,73.997614703,3646,5047,2093.949,6621.89,4671.117,2699.9417654121003,6317.641,1324335.310339591
0.26,0.371,160.3,0.1574718849,12381,0.2084645828,0.118,0.354,1403,253.0,467.0,7,39839.0,3284.0,75.32146628,3301,5049,1460.9579999999999,4593.351,3219.06,1949.6594069469,4382.874,932555.07401268
0.21,0.362,476.9,0.1777078024,99789,0.1979476696,0.107,0.318,13914,3295.0,6424.0,292,46459.0,31978.0,74.315747053,24664,5051,10677.423,36123.618,20955.69,17733.2838936936,31732.902000000002,7415894.082671816
0.213,0.346,240.9,0.1647745716,18449,0.219253076,0.096,0.304,2436,426.0,969.0,19,62077.0,6400.0,76.155820404,3453,5053,1771.104,6383.353999999999,3929.6369999999997,3039.9260714484,5608.496,1404998.730633396
0.238,0.342,505.2,0.1695655581,45597,0.2405860035,0.104,0.335,5876,1158.0,3046.0,98,53821.0,15655.0,75.07499474,7585,5055,4742.088,15594.174,10852.086,7731.680752685701,15274.995,3423194.5351597797
0.224,0.393,817.4,0.1385378164,21253,0.2531407331,0.137,0.379,2802,499.0,1921.0,22,42790.0,7035.0,75.577810086,4071,5057,2911.661,8352.429,4760.6720000000005,2944.3442119492,8054.887,1606255.197757758
0.227,0.368,450.1,0.158394402,33787,0.2051380709,0.111,0.318,4514,815.0,1808.0,72,49582.0,10951.0,73.96822977,6736,5059,3750.357,12433.616,7669.649,5351.671660374,10744.266,2499164.57923899
0.217,0.423,659.0,0.1397047935,13109,0.2599740636,0.127,0.368,1566,276.0,1331.0,15,40566.0,4515.0,73.488728951,2429,5061,1664.843,5545.107,2844.653,1831.3901379915,4824.112,963363.747818659
0.224,0.351,330.5,0.1582403001,37757,0.2409619408,0.105,0.328,5428,959.0,1890.0,69,50834.0,13445.0,75.87457343,6960,5063,3964.4849999999997,13252.706999999999,8457.568,5974.6790108757,12384.296,2864796.2689965097
0.24,0.35,286.2,0.1682488488,13613,0.180415779,0.106,0.321,1480,391.0,392.0,12,41787.0,3313.0,74.501877771,3568,5065,1442.978,4764.549999999999,3267.12,2290.3715787143997,4369.773,1014194.062096623
0.265,0.385,622.0,0.1449481296,16636,0.2028732868,0.13,0.387,2241,419.0,1136.0,17,40789.0,4626.0,72.526377162,3108,5067,2162.6800000000003,6404.860000000001,4408.54,2411.3570840256,6438.1320000000005,1206548.810467032
0.24,0.415,1164.3,0.1310095408,65377,0.2153509644,0.148,0.372,8068,2204.0,7473.0,157,40588.0,21793.0,72.417638038,12171,5069,9675.796,27131.454999999998,15690.48,8565.0107488816,24320.244,4734447.922010327
0.248,0.371,270.9,0.1493991593,26513,0.2438426432,0.125,0.381,2537,638.0,1604.0,75,39439.0,8119.0,75.488921777,4575,5071,3314.125,9836.323,6575.224,3961.0199105209,10101.453,2001437.783073601
0.26,0.399,634.1,0.1357379534,6596,0.1816252274,0.141,0.386,639,185.0,626.0,4,40007.0,2001.0,74.226588427,1652,5073,930.036,2631.804,1714.96,895.3275406264,2546.056,489598.577264492
0.24,0.383,560.8,0.1575999002,16410,0.2212675198,0.105,0.34,2202,417.0,909.0,36,41188.0,5503.0,73.024843416,3231,5075,1723.05,6285.03,3938.3999999999996,2586.214362282,5579.400000000001,1198337.6804565599
0.254,0.421,801.6,0.137672714,8513,0.1774932456,0.157,0.385,922,210.0,679.0,3,32502.0,1979.0,71.623659571,1780,5077,1336.541,3583.973,2162.302,1172.007814282,3277.505,609732.213927923
0.248,0.41,314.8,0.1537679511,12944,0.1636279357,0.129,0.36,1237,229.0,385.0,20,47903.0,2791.0,73.890622361,2093,5079,1669.776,5307.04,3210.112,1990.3723590384,4659.84,956440.215840784
0.229,0.389,660.7,0.1469714422,12180,0.2219211823,0.119,0.348,1567,347.0,1077.0,1,47125.0,4304.0,73.131180025,2636,5081,1449.4199999999998,4738.02,2789.2200000000003,1790.112165996,4238.639999999999,890737.7727045001
0.238,0.379,368.0,0.1521406614,21410,0.2120971509,0.111,0.352,2605,575.0,950.0,4,43577.0,6901.0,73.866892443,4448,5083,2376.51,8114.39,5095.58,3257.331560574,7536.32,1581490.1672046299
0.212,0.355,383.3,0.1629670575,73921,0.2505377362,0.095,0.301,11732,1858.0,4410.0,46,59623.0,28709.0,75.192027118,10719,5085,7022.495,26241.954999999998,15671.252,12046.6878574575,22250.220999999998,5558269.836589678
0.244,0.376,325.8,0.1512140893,16644,0.2278298486,0.111,0.345,1531,287.0,881.0,25,45144.0,5513.0,76.299854791,3329,5087,1847.484,6258.144,4061.136,2516.8073023091997,5742.179999999999,1269934.783141404
0.229,0.358,209.7,0.1601975346,16790,0.188147707,0.105,0.316,1656,403.0,644.0,2,39888.0,4238.0,74.702693226,4882,5089,1762.95,6010.82,3844.9100000000003,2689.7166059339997,5305.64,1254258.21926454
0.222,0.388,795.2,0.1478811761,43177,0.2337355537,0.124,0.342,6228,1332.0,4311.0,111,43634.0,14194.0,73.630370782,7572,5091,5353.948,16752.676,9585.294,6385.065540469701,14766.534000000001,3179138.519254414
0.254,0.412,1143.9,0.1396533826,40066,0.2606449359,0.136,0.393,4870,1559.0,4386.0,53,47892.0,14599.0,69.708038266,6169,5093,5448.976000000001,16507.192,10176.764000000001,5595.3524272516,15745.938,2792922.261165556
0.259,0.423,1014.8,0.1384222682,6584,0.2176488457,0.144,0.393,620,182.0,775.0,2,35833.0,2265.0,69.687682491,1582,5095,948.0959999999999,2785.0319999999997,1705.256,911.3722138288,2587.512,458823.701520744
0.25,0.371,256.0,0.147416499,9006,0.1840994892,0.113,0.345,750,203.0,323.0,2,42751.0,2508.0,75.107197008,2492,5097,1017.678,3341.226,2251.5,1327.6329899940001,3107.0699999999997,676415.416254048
0.23,0.387,836.2,0.1464038555,8099,0.2238547969,0.126,0.345,695,208.0,552.0,11,41854.0,2362.0,74.943434877,1743,5099,1020.474,3134.313,1862.77,1185.7248256945002,2794.1549999999997,606966.8790688231
0.22,0.36,245.1,0.1629728526,7602,0.1923178111,0.102,0.304,833,162.0,295.0,2,40698.0,2172.0,75.196238734,2110,5101,775.404,2736.72,1672.44,1238.9196254652,2311.008,571641.8068558681
0.242,0.392,658.6,0.1413508529,23167,0.2203133768,0.136,0.374,2764,592.0,2415.0,42,46374.0,7737.0,72.694972309,5001,5103,3150.7120000000004,9081.464,5606.414,3274.6752091342996,8664.458,1684124.423482603
0.238,0.364,229.6,0.1584272815,10327,0.2151641329,0.108,0.337,1480,232.0,512.0,0,46317.0,2893.0,76.155488153,2177,5105,1115.316,3759.028,2457.826,1636.0785360505,3480.199,786457.7261560309
0.258,0.452,1254.1,0.1182030908,17299,0.2597838025,0.172,0.411,2390,580.0,2847.0,13,35167.0,5314.0,69.496224376,3493,5107,2975.428,7819.148,4463.142,2044.7952677491999,7109.888999999999,1202215.185480424
0.228,0.378,279.9,0.1570940225,10643,0.2170440665,0.11,0.339,1409,252.0,353.0,6,43133.0,3606.0,75.159912977,2234,5109,1170.73,4023.054,2426.6040000000003,1671.9516814675,3607.9770000000003,799926.9538142111
0.256,0.388,556.8,0.148155077,23283,0.2376411974,0.116,0.358,2406,545.0,1758.0,66,36150.0,7637.0,70.628773337,4318,5111,2700.828,9033.804,5960.448,3449.494657791,8335.314,1644449.729605371
0.245,0.353,260.5,0.1359518107,19707,0.2233724057,0.119,0.338,2241,531.0,1011.0,18,42915.0,5610.0,74.533314075,4677,5113,2345.133,6956.571,4828.215,2679.2023334649,6660.966,1468828.020476025
0.208,0.361,471.3,0.1530686667,64334,0.2263344421,0.113,0.331,8544,1637.0,3675.0,151,46350.0,21923.0,76.588913877,10675,5115,7269.742,23224.574,13381.472,9847.5196034778,21294.554,4927271.185362917
0.232,0.368,409.3,0.15922657,7966,0.2041174994,0.11,0.328,1097,193.0,402.0,2,48478.0,2840.0,74.270201677,1932,5117,876.26,2931.488,1848.112,1268.39885662,2612.848,591636.426558982
0.196,0.349,872.4,0.1592944827,392980,0.2305486284,0.115,0.296,75045,14044.0,34293.0,1904,56171.0,150551.0,75.563796796,64898,5119,45192.700000000004,137150.02,77024.08,62599.545811446,116322.07999999999,29695060.86489208
0.251,0.388,490.0,0.1489005093,18247,0.2427248315,0.117,0.359,2659,439.0,994.0,19,46495.0,5587.0,73.956838024,3599,5121,2134.8990000000003,7079.836,4579.997,2716.9875931971,6550.673,1349490.4234239282
0.246,0.424,944.2,0.1387095611,24682,0.2099505713,0.152,0.387,3721,634.0,2835.0,89,37759.0,7390.0,74.252490839,4192,5123,3751.6639999999998,10465.168,6071.772,3423.6293870701998,9551.934000000001,1832699.978888198
0.171,0.34,255.6,0.1638066889,123968,0.2298657718,0.09,0.282,22257,2940.0,6083.0,173,70550.0,47690.0,77.347012984,22983,5125,11157.119999999999,42149.12,21198.528000000002,20306.7876095552,34958.975999999995,9588554.505600512
0.254,0.376,243.2,0.1484979019,10164,0.2323888233,0.123,0.385,1017,195.0,663.0,2,41230.0,3384.0,73.20568479,2142,5127,1250.172,3821.664,2581.656,1509.3326749116002,3913.14,744062.5802055601
0.258,0.387,152.3,0.1527849122,7842,0.1963784749,0.115,0.361,668,184.0,290.0,16,33814.0,2253.0,75.029616096,2037,5129,901.83,3034.8540000000003,2023.236,1198.1392814724002,2830.962,588382.2494248319
0.198,0.332,506.2,0.153334689,127590,0.2368210675,0.118,0.334,18868,3355.0,8290.0,472,48627.0,46982.0,75.556389612,21526,5131,15055.619999999999,42359.880000000005,25262.82,19563.97296951,42615.060000000005,9640239.75059508
0.203,0.39,299.9,0.1339592135,16702,0.2837983475,0.133,0.374,1452,322.0,1090.0,9,45838.0,5052.0,75.701643933,2589,5133,2221.366,6513.780000000001,3390.5060000000003,2237.386783877,6246.548,1264368.856968966
0.273,0.388,280.9,0.1493182501,17424,0.2043732782,0.12,0.371,1620,408.0,856.0,37,40437.0,4924.0,75.519017138,4576,5135,2090.88,6760.512000000001,4756.752,2601.7211897424,6464.304,1315843.3546125118
0.254,0.385,143.9,0.1567570735,12674,0.1922834149,0.111,0.344,1187,328.0,937.0,13,36148.0,3232.0,76.635003496,3597,5137,1406.814,4879.49,3219.196,1986.7391495390002,4359.856,971272.034308304
0.214,0.375,734.2,0.1492400164,38219,0.2381276329,0.122,0.322,5268,1297.0,3904.0,73,47857.0,13809.0,71.706531282,7190,5139,4662.718,14332.125,8178.866,5703.8041867916,12306.518,2740551.919066758
0.253,0.391,211.5,0.1567320087,16541,0.1906777099,0.114,0.336,1230,409.0,583.0,16,42345.0,4358.0,76.962575978,4472,5141,1885.674,6467.531,4184.873,2592.5041559067004,5557.776000000001,1273037.9692520981
0.186,0.339,647.6,0.1614495627,243216,0.2392687981,0.108,0.271,42561,5795.0,11596.0,962,57712.0,86943.0,77.984422422,30165,5143,26267.328,82450.224,45238.176,39267.1168416432,65911.53600000001,18967059.28378915
0.233,0.367,429.2,0.1514206694,78729,0.2308425104,0.109,0.315,9603,2117.0,4570.0,163,43765.0,26992.0,75.157789188,13288,5145,8581.461,28893.542999999998,18343.857,11921.197881192602,24799.635,5917097.5849820515
0.253,0.413,648.7,0.1416755862,6264,0.212962963,0.131,0.37,628,163.0,627.0,4,37634.0,2398.0,72.516375398,1549,5147,820.5840000000001,2587.0319999999997,1584.792,887.4558719568,2317.68,454242.575493072
0.231,0.404,332.7,0.1374307439,21181,0.2388933478,0.128,0.384,2038,405.0,1341.0,7,48728.0,7461.0,75.225289896,3873,5149,2711.168,8557.124,4892.811000000001,2910.9205865459003,8133.504,1593346.865287176
0.1009075769,0.262,599.1,0.1879368726,39368078,0.2233086919,0.094,0.223,7515252,1908093.0,2004812.0,161625,83001.0,13146038.0,81.007870536,5976166,6000,3700599.332,10314436.436,3972537.3581901984,7398713.459592863,8779081.394,3189124165.8751497
0.1,0.235,577.1,0.1745298624,1662323,0.2015077695,0.091,0.197,408992,71396.0,65379.0,11497,113518.0,467989.0,82.761800082,245136,6001,151271.39299999998,390645.90499999997,166232.30000000002,290125.0044543552,327477.631,137576843.79771048
0.16,0.299,442.9,0.2031764805,1119,0.1894548704,0.099,0.236,148,58.0,87.0,4,64542.0,207.0,,287,6003,110.781,334.58099999999996,179.04,227.3544816795,264.084,
0.142,0.294,176.1,0.2273871084,40083,0.1506873238,0.09,0.227,5229,1317.0,1248.0,103,68141.0,11084.0,79.745223954,11232,6005,3607.47,11784.402,5691.785999999999,9114.3574659972,9098.841,3196427.811748182
0.146,0.317,626.4,0.2012405887,212744,0.2018294288,0.095,0.233,36852,8509.0,9391.0,1647,54718.0,69303.0,77.614540143,39082,6007,20210.68,67439.848,31060.624,42812.7278023928,49569.352000000006,16512027.728182392
0.15,0.301,213.5,0.2239223448,46308,0.1689124989,0.087,0.213,4982,1619.0,1812.0,90,66329.0,12845.0,79.459325712,13402,6009,4028.796,13938.707999999999,6946.2,10369.3959429984,9863.604,3679602.4550712956
0.135,0.323,371.3,0.1892037186,21558,0.2698302254,0.118,0.296,2833,1675.0,1115.0,45,59422.0,7562.0,79.607078717,3313,6011,2543.844,6963.234,2910.3300000000004,4078.8537655787995,6381.168,1716169.402981086
0.1,0.239,521.7,0.1928191544,1152333,0.2221588725,0.094,0.221,218007,48020.0,48978.0,4387,106484.0,359707.0,82.21643525,192734,6013,108319.302,275407.587,115233.3,222191.87464721518,254665.593,94740711.48093826
0.176,0.334,226.5,0.1984914681,27968,0.2070938215,0.109,0.273,3182,884.0,1765.0,131,47442.0,6592.0,76.288202148,5323,6015,3048.512,9341.312,4922.3679999999995,5551.4093798208005,7635.264,2133628.4376752637
0.123,0.26,252.5,0.2288926894,192925,0.1961021122,0.079,0.19,28643,7490.0,5578.0,737,87792.0,63951.0,81.910098041,43941,6017,15241.075,50160.5,23729.775,44159.122102495,36655.75,15802505.664559925
0.143,0.376,723.2,0.1562276295,1000918,0.2807532685,0.135,0.294,157712,50260.0,76588.0,4209,61401.0,310969.0,78.012761791,128421,6019,135123.93000000002,376345.168,143131.27399999998,156371.04646388098,294269.892,78084377.50632414
0.152,0.323,433.2,0.1959872198,28283,0.2666973093,0.116,0.282,3054,1113.0,1567.0,32,57779.0,8952.0,77.293533639,4694,6021,3280.828,9135.409,4299.016,5543.1065376034,7975.806,2186093.011911837
0.154,0.28,610.8,0.2076358832,134977,0.1883728339,0.095,0.215,24321,4965.0,6351.0,719,56071.0,41335.0,77.20436186,25762,6023,12822.815,37793.560000000005,20786.458,28026.0686066864,29020.055,10420813.15077722
0.133,0.359,603.2,0.1838849304,180267,0.2851104195,0.146,0.333,26025,15653.0,16118.0,319,47599.0,46640.0,79.014441685,24546,6025,26318.982,64715.852999999996,23975.511000000002,33148.3847484168,60028.911,14243696.359229894
0.136,0.28,443.5,0.2176383761,18046,0.2056965533,0.092,0.221,2584,647.0,950.0,90,55981.0,5438.0,78.658645487,4385,6027,1660.232,5052.88,2454.2560000000003,3927.5021351006,3988.166,1419473.916458402
0.151,0.355,763.8,0.1630874684,901362,0.2866550842,0.13,0.33,124655,48062.0,65091.0,2079,58583.0,272448.0,76.530031949,104230,6029,117177.06,319983.51,136105.66199999998,147000.8466919608,297449.46,68981262.65761454
0.143,0.353,780.7,0.2013696737,152692,0.2685536898,0.129,0.306,23542,6533.0,9716.0,334,60319.0,43803.0,79.189812109,16579,6031,19697.268,53900.276,21834.956,30747.538216600402,46723.752,12091650.790547429
0.165,0.323,427.1,0.1856649569,64479,0.2143488578,0.105,0.267,7564,2700.0,3599.0,259,52345.0,16021.0,74.828381977,15131,6033,6770.295,20826.717,10639.035,11971.490755955101,17215.893,4824859.241494983
0.165,0.306,225.7,0.2137112546,30016,0.1790378465,0.103,0.257,3998,676.0,1198.0,95,63803.0,6544.0,78.315621482,4882,6035,3091.6479999999997,9184.896,4952.64,6414.7570180736,7714.112,2350721.6944037117
0.109,0.278,694.4,0.1738116932,9943046,0.2111502853,0.111,0.252,1961067,629811.0,550298.0,40582,75624.0,3449024.0,81.319597989,1444480,6037,1103678.106,2764166.788,1083792.014,1728217.6608254872,2505647.592,808564503.5061345
0.141,0.327,615.3,0.1754268766,157761,0.2730966462,0.127,0.309,20222,6649.0,8981.0,273,68744.0,42154.0,79.083182409,23092,6039,20035.647,51587.847,22244.301,27675.5194792926,48748.149,12476241.94002625
0.095,0.225,357.0,0.2148079469,257332,0.1945618889,0.071,0.173,41850,8662.0,9366.0,2150,127601.0,79546.0,85.249011869,60655,6041,18270.572,57899.700000000004,24446.54,55276.958591670795,44518.435999999994,21937298.722273506
0.148,0.277,191.8,0.2181825785,17160,0.1631118881,0.09,0.224,2383,781.0,1109.0,53,56887.0,4072.0,80.557062143,4935,6043,1544.3999999999999,4753.320000000001,2539.68,3744.01304706,3843.84,1382359.18637388
0.148,0.308,471.5,0.2102373739,86061,0.2110712169,0.1,0.251,11581,3292.0,5431.0,696,53176.0,26473.0,78.518661284,20420,6045,8606.1,26506.788,12737.028,18093.2386352079,21601.311,6757394.508762324
0.144,0.346,595.3,0.1745769175,279252,0.2900391045,0.132,0.322,36379,13981.0,21755.0,605,58998.0,81300.0,78.227613204,32779,6047,36861.264,96621.192,40212.288,48750.953365710004,89919.144,21845217.442443408
0.172,0.312,113.1,0.2044126555,8763,0.1938833733,0.102,0.26,1012,270.0,429.0,29,46838.0,2323.0,76.940118385,2514,6049,893.8259999999999,2734.056,1507.2359999999999,1791.2681001465,2278.38,674226.257407755
0.129,0.29,221.5,0.2160459437,14534,0.1731801294,0.091,0.224,2340,929.0,361.0,31,73204.0,4450.0,103.30997572,2496,6051,1322.594,4214.86,1874.886,3140.0117457358,3255.616,1501507.18711448
0.12,0.321,558.7,0.1995016117,430906,0.258541306,0.116,0.279,58745,23082.0,21302.0,1793,85031.0,135755.0,82.173487718,62634,6053,49985.096000000005,138320.826,51708.72,85966.4414912002,120222.774,35409048.89861251
0.108,0.286,432.7,0.2110540789,135965,0.1985952267,0.091,0.206,22779,6014.0,5824.0,852,92149.0,51787.0,82.068965209,27606,6055,12372.815,38885.99,14684.22,28695.967837638498,28008.789999999997,11158506.854641685
0.124,0.251,223.5,0.228433697,99606,0.1684336285,0.078,0.188,15404,3702.0,3288.0,993,74158.0,31731.0,80.8238967,28765,6057,7769.268,25001.106,12351.144,22753.366823382,18725.928,8050545.0547002
0.104,0.245,449.2,0.1836865162,3166857,0.2153848437,0.102,0.216,622228,136563.0,124576.0,10348,98786.0,1186559.0,82.750378333,497745,6059,323019.414,775879.965,329353.12799999997,581708.9296335834,684041.112,262058614.87650937
0.11,0.246,288.2,0.2171064847,402950,0.2194962154,0.076,0.176,75118,13573.0,12377.0,1372,100662.0,138851.0,82.308898362,82115,6061,30624.2,99125.7,44324.5,87483.058009865,70919.2,33166370.594967898
0.14,0.289,297.8,0.227967423,18967,0.1744081826,0.083,0.204,2680,806.0,966.0,59,58489.0,5962.0,77.421129313,5772,6063,1574.2610000000002,5481.463,2655.38,4323.858112041,3869.2679999999996,1468446.559679671
0.125,0.334,496.2,0.1855436842,2489188,0.2457243085,0.111,0.262,374700,109998.0,132147.0,5877,76409.0,799060.0,79.997517796,377582,6065,276299.868,831388.792,311148.5,461853.1121864296,652167.256,199128861.32758963
0.133,0.278,713.6,0.2134323013,1559146,0.232588866,0.103,0.24,300280,65558.0,91924.0,6526,72953.0,523805.0,79.212908148,230866,6067,160592.038,433442.58800000005,207366.418,332772.1188426898,374195.04,123504488.8873216
0.117,0.301,436.3,0.2000063683,64055,0.2546093201,0.109,0.254,9526,3119.0,3067.0,82,91185.0,22279.0,81.930305467,8659,6069,6981.995,19280.555,7494.435,12811.407921456499,16269.97,5248045.716688685
0.132,0.333,631.9,0.1740142637,2189183,0.2596722156,0.119,0.296,348699,91295.0,149805.0,5826,65984.0,719036.0,77.582043271,267911,6071,260512.777,728997.939,288972.156,380949.0678495571,647998.168,169841290.2341376
0.11,0.241,686.6,0.195392815,3332427,0.2123419358,0.094,0.224,730975,141814.0,151078.0,14690,87126.0,1203617.0,81.791970379,496393,6073,313248.138,803114.907,366566.97000000003,651132.292312005,746463.648,272565770.47417986
0.093,0.164,1078.2,0.209863244,866606,0.134530571,0.09,0.189,302722,43525.0,25007.0,8747,121722.0,155297.0,83.704197516,144152,6075,77994.54,142123.38400000002,80594.358,181868.746429864,163788.534,72538559.79255068
0.139,0.319,624.8,0.1975360186,767967,0.2666195292,0.115,0.275,106178,37374.0,45122.0,2049,70685.0,241465.0,77.711262874,102362,6077,88316.205,244981.473,106747.41300000002,151701.14359618622,211190.92500000002,59679685.41555716
0.119,0.262,400.2,0.2225697358,282249,0.1742964545,0.087,0.208,44900,10195.0,9027.0,1870,79455.0,94501.0,81.79976573,60460,6079,24555.662999999997,73949.238,33587.631,62820.0853598142,58707.791999999994,23087902.07752677
0.092,0.206,416.0,0.2016068652,758308,0.1992409417,0.087,0.175,179680,29748.0,24950.0,3279,132369.0,263177.0,84.924265479,129480,6081,65972.796,156211.448,69764.336,152880.09873608162,132703.9,64398749.90684953
0.117,0.273,587.7,0.2013769796,444766,0.2211882203,0.103,0.239,69281,17335.0,23129.0,2622,86136.0,141949.0,81.745288227,71442,6083,45810.898,121421.118,52037.622,89565.6337087736,106299.074,36357524.863569885
0.087,0.213,422.4,0.1763793785,1907105,0.2130155393,0.09,0.204,473224,71340.0,67653.0,7599,139462.0,690759.0,84.656576794,271911,6085,171639.44999999998,406213.365,165918.13499999998,336373.9946342425,389049.42,161448980.88672137
0.114,0.293,455.7,0.2067909289,269925,0.1872112624,0.094,0.215,46676,12714.0,11268.0,2345,93015.0,90464.0,82.655353215,48696,6087,25372.95,79088.025,30771.45,55818.0414833325,58033.875,22310746.216558877
0.161,0.278,372.1,0.2082134679,179027,0.2151574902,0.089,0.22,29328,6343.0,8553.0,784,59108.0,58506.0,75.786245552,38146,6089,15933.402999999998,49769.506,28823.347,37275.8325177333,39385.94,13567784.182437904
0.153,0.296,,0.2127269554,2920,0.1691780822,0.093,0.234,349,103.0,206.0,7,59422.0,989.0,81.029420784,908,6091,271.56,864.3199999999999,446.76,621.162709768,683.2800000000001,236605.90868927998
0.156,0.313,280.2,0.2066974873,43245,0.2020349173,0.097,0.238,5542,1637.0,2055.0,209,49441.0,12157.0,75.878010277,11611,6093,4194.765,13535.685,6746.22,8938.6328382885,10292.31,3281344.554428865
0.119,0.307,578.1,0.2044814222,446935,0.2184769597,0.1,0.247,78642,19205.0,25508.0,1866,83678.0,157234.0,80.019089284,75173,6095,44693.5,137209.04499999998,53185.265,91389.904430957,110392.94499999999,35763331.66914454
0.114,0.271,405.2,0.2148884818,489819,0.1917545052,0.082,0.193,86142,19300.0,19903.0,2526,87366.0,184166.0,81.954941917,103462,6097,40165.158,132740.94900000002,55839.366,105256.4612667942,94535.067,40143087.694843024
0.142,0.308,586.2,0.1946583817,550081,0.2687349681,0.118,0.305,80324,25756.0,32995.0,1307,64501.0,180266.0,77.315198159,74916,6099,64909.558,169424.948,78111.502,107077.87726391769,167774.705,42529621.51850088
0.147,0.291,385.7,0.1854869599,96385,0.2549878093,0.112,0.289,15442,4995.0,6011.0,360,65791.0,31213.0,78.355481683,15597,6101,10795.12,28048.035,14168.595,17878.1606299615,27855.265,7552293.102015954
0.166,0.351,325.7,0.1954713728,64494,0.2373554129,0.111,0.285,8994,2262.0,3629.0,114,61571.0,19685.0,76.231222953,13076,6103,7158.834,22637.394,10706.004,12606.7307173632,18380.789999999997,4916456.493130782
0.174,0.3,195.4,0.2088588075,12216,0.1751800917,0.098,0.246,1509,360.0,894.0,53,45113.0,2798.0,74.555256867,3584,6105,1197.1680000000001,3664.7999999999997,2125.584,2551.41919242,3005.136,910767.0178872719
0.149,0.357,742.0,0.1562434943,468680,0.3025049074,0.139,0.326,61271,26299.0,37031.0,1407,62058.0,140970.0,77.762353787,55595,6107,65146.520000000004,167318.75999999998,69833.31999999999,73228.200908524,152789.68,36445659.97289116
0.15,0.28,268.0,0.2262656854,54515,0.1682472714,0.089,0.228,7526,2084.0,2039.0,125,63336.0,16097.0,78.25096708,14909,6109,4851.835,15264.2,8177.25,12334.873839581,12429.42,4265851.4703661995
0.106,0.275,400.9,0.1934248209,841387,0.2229116922,0.096,0.218,143391,34964.0,35253.0,3645,90961.0,313985.0,82.266453689,140361,6111,80773.152,231381.42500000002,89187.022,162745.12978258828,183422.366,69217924.67002665
0.122,0.299,523.4,0.180114474,219728,0.205686121,0.104,0.24,39865,7915.0,9355.0,863,80668.0,66449.0,81.445084959,29180,6113,22851.712,65698.67199999999,26806.816,39576.193143072,52734.72,17895765.627871152
0.148,0.313,488.1,0.1937789177,80160,0.2741017964,0.106,0.253,13975,3163.0,4609.0,191,56278.0,24737.0,76.27936239,10646,6115,8496.96,25090.08,11863.68,15533.318042832,20280.48,6114553.6891824
0.1356580105,0.236,517.8,0.201349105,5807719,0.2152368253,0.066,0.187,1210209,226769.0,269358.0,23242,77688.0,2127579.0,79.977189713,876387,8000,383309.454,1370621.684,787863.6050830495,1169379.022741495,1086043.453,464485044.2627947
0.15,0.309,561.1,0.1770267446,519883,0.2560980067,0.093,0.261,92676,22029.0,31371.0,1921,73615.0,199351.0,78.634829424,57362,8001,48349.119,160643.847,77982.45,92033.1950628818,135689.46300000002,40880911.02543739
0.165,0.292,770.0,0.1490688868,16180,0.2407292954,0.113,0.269,2475,535.0,754.0,239,50390.0,5661.0,75.142668299,2391,8003,1828.3400000000001,4724.5599999999995,2669.7000000000003,2411.9345884239997,4352.42,1215808.3730778198
0.131,0.246,657.2,0.1894796881,657452,0.2291574138,0.076,0.204,139898,28825.0,34307.0,2654,82381.0,257323.0,80.62019713,91972,8005,49966.352,161733.192,86126.212,124573.79990072119,134120.20799999998,53003909.84351276
0.142,0.249,292.3,0.2046962522,14196,0.1763172725,0.075,0.193,1720,538.0,207.0,25,63961.0,4265.0,82.572998137,3910,8007,1064.7,3534.804,2015.8319999999999,2905.8679962312003,2739.828,1172206.281552852
0.195,0.305,139.6,0.1792950956,3555,0.2157524613,0.089,0.242,519,50.0,81.0,1,42531.0,1252.0,76.448756376,924,8009,316.395,1084.2749999999999,693.225,637.394064858,860.31,271775.32891668
0.214,0.335,340.7,0.1603192483,5356,0.1532860344,0.124,0.303,513,80.0,174.0,4,50688.0,1308.0,73.955918814,1073,8011,664.144,1794.2600000000002,1146.184,858.6698938948,1622.868,396107.901167784
0.111,0.199,416.6,0.1845734853,327171,0.1831274777,0.063,0.146,72741,11887.0,11817.0,2578,88289.0,107901.0,82.61246749,51081,8013,20611.773,65107.029,36315.981,60387.0917590863,47766.966,27028403.60117079
0.107,0.245,333.5,0.1925094876,72236,0.2153635306,0.061,0.142,17872,2670.0,2300.0,143,106263.0,28162.0,81.800831087,10804,8014,4406.396,17697.82,7729.2519999999995,13906.1153462736,10257.511999999999,5908964.834400533
0.155,0.25,176.9,0.1909783007,20661,0.1489763322,0.072,0.186,3009,615.0,963.0,47,64220.0,6231.0,81.880211949,5453,8015,1487.5919999999999,5165.25,3202.455,3945.8026707627,3842.946,1691727.059078289
0.172,0.274,,0.1975065654,1795,0.2417827298,0.077,0.207,376,27.0,53.0,0,56383.0,766.0,78.95778143,404,8017,138.215,491.83000000000004,308.73999999999995,354.524284893,371.565,141729.21766685
0.137,0.232,154.6,0.2149273543,9586,0.145316086,0.063,0.164,1461,523.0,288.0,3,79422.0,3652.0,83.484192125,2079,8019,603.918,2223.952,1313.2820000000002,2060.2936183198003,1572.104,800279.4657102501
0.161,0.322,353.4,0.1559709854,8143,0.2495394818,0.119,0.277,1046,227.0,397.0,2,39822.0,2091.0,75.402702936,1662,8021,969.0169999999999,2622.0460000000003,1311.0230000000001,1270.0717341122001,2255.6110000000003,614004.210007848
0.173,0.327,283.0,0.1443283817,3921,0.1928079572,0.138,0.312,427,132.0,280.0,1,35639.0,807.0,77.157318489,1054,8023,541.0980000000001,1282.1670000000001,678.333,565.9115846457,1223.352,302533.845795369
0.207,0.319,214.5,0.1783565447,5696,0.1190308989,0.117,0.285,523,83.0,207.0,0,36836.0,1351.0,77.239378789,806,8025,666.432,1817.0240000000001,1179.072,1015.9188786112001,1623.36,439955.501582144
0.154,0.249,98.7,0.2069282602,5183,0.1371792398,0.069,0.183,346,105.0,149.0,3,60485.0,1401.0,78.998098468,1767,8027,357.627,1290.567,798.182,1072.5091726166,948.489,409447.144359644
0.194,0.297,314.5,0.1712476478,31067,0.1951910387,0.09,0.239,2953,940.0,1570.0,59,53553.0,7909.0,77.076674694,8545,8029,2796.0299999999997,9226.899,6026.9980000000005,5320.1506742026,7425.013,2394541.0527184983
0.132,0.222,1091.2,0.237691163,735538,0.1869529514,0.08,0.192,216475,34900.0,38216.0,4652,75355.0,264908.0,78.852156724,89428,8031,58843.04,163289.43600000002,97091.016,174830.882650694,141223.296,57998757.65245751
0.175,0.254,,0.1985278139,2096,0.1903625954,0.074,0.193,248,78.0,57.0,1,50821.0,610.0,75.724335758,551,8033,155.10399999999998,532.384,366.79999999999995,416.1142979344,404.528,158718.20774876798
0.098,0.214,196.8,0.1865479127,360750,0.2452501733,0.055,0.129,78360,11237.0,10186.0,502,122290.0,135882.0,83.431720983,47154,8035,19841.25,77200.5,35353.5,67297.159506525,46536.75,30097993.34461725
0.121,0.226,317.4,0.2002240331,54929,0.2124560797,0.072,0.17,12784,3389.0,2805.0,117,94309.0,23672.0,91.360651502,7258,8037,3954.888,12413.954,6646.409,10998.1059141499,9337.93,5018349.226353358
0.141,0.239,164.6,0.1963689082,27313,0.2085819939,0.065,0.169,3995,697.0,599.0,29,107139.0,10753.0,82.420451651,4877,8039,1775.345,6527.807,3851.133,5363.4239896665995,4615.897,2251149.7959437626
0.142,0.246,573.3,0.1759075553,728310,0.2348752592,0.073,0.197,153931,25036.0,38194.0,2760,72459.0,265375.0,78.095607233,98703,8041,53166.63,179164.26,103420.01999999999,128115.23160054299,143477.07,56877811.70386623
0.186,0.278,236.2,0.1807427501,47867,0.1605908037,0.085,0.234,5187,1190.0,1293.0,181,52414.0,11535.0,76.858658326,10938,8043,4068.695,13307.026000000002,8903.262,8651.613219036699,11200.878,3678993.398090642
0.145,0.24,323.0,0.1808872611,60366,0.2499751516,0.076,0.194,9765,2156.0,2586.0,153,79958.0,21192.0,80.578190204,8616,8045,4587.816,14487.84,8753.07,10919.4404035626,11711.004,4864183.029854664
0.132,0.234,224.3,0.2078671148,6235,0.1422614274,0.062,0.161,1069,454.0,219.0,4,79622.0,2781.0,82.477835487,1171,8047,386.57,1458.99,823.0200000000001,1296.051460778,1003.835,514249.30426144495
0.156,0.26,139.8,0.2075165446,15794,0.1610105103,0.069,0.184,2609,788.0,331.0,29,74484.0,5696.0,86.571062703,3044,8049,1089.786,4106.4400000000005,2463.864,3277.5163054124,2906.096,1367303.3643311819
0.136,0.236,372.2,0.1987077354,17593,0.1618825669,0.069,0.171,3435,751.0,426.0,42,68214.0,5597.0,83.893399572,2502,8051,1213.9170000000001,4151.947999999999,2392.648,3495.8651888922,3008.4030000000002,1475936.5786701962
0.143,0.24,,0.204672724,808,0.1534653465,0.066,0.171,119,18.0,40.0,2,63034.0,216.0,,249,8053,53.328,193.92,115.544,165.375560992,138.168,
0.152,0.285,275.5,0.1770742663,6883,0.160540462,0.093,0.236,656,249.0,341.0,11,49502.0,1688.0,75.744525698,2248,8055,640.119,1961.6549999999997,1046.216,1218.8021749429001,1624.388,521349.57037933404
0.172,0.264,359.2,0.193234199,1389,0.1735061195,0.076,0.209,207,40.0,7.0,6,55430.0,328.0,,345,8057,105.564,366.696,238.908,268.402302411,290.301,
0.135,0.245,194.6,0.1986858491,583283,0.1909570483,0.062,0.148,128555,23625.0,22541.0,2104,90097.0,235186.0,80.325728237,101112,8059,36163.546,142904.335,78743.205,115890.07812059531,86325.88399999999,46852631.743262075
0.186,0.282,,0.1843134355,1458,0.2400548697,0.08,0.215,190,22.0,59.0,0,49179.0,534.0,,347,8061,116.64,411.15599999999995,271.188,268.728988959,313.46999999999997,
0.177,0.278,267.7,0.1836621166,7121,0.2557225109,0.081,0.222,1082,119.0,250.0,7,54642.0,2630.0,78.138679215,1443,8063,576.801,1979.6380000000001,1260.417,1307.8579323086,1580.862,556425.534690015
0.16,0.276,381.4,0.1753434911,7987,0.2049580568,0.094,0.23,1816,399.0,216.0,5,61518.0,2953.0,86.463850009,1144,8065,750.778,2204.4120000000003,1277.92,1400.4684634157,1837.01,690586.770021883
0.142,0.231,362.9,0.1990034245,56564,0.1821476558,0.068,0.166,11106,2147.0,2093.0,248,66080.0,20043.0,82.04787442,11042,8067,3846.3520000000003,13066.284000000001,8032.088,11256.429703418,9389.624,4640955.96869288
0.139,0.243,381.6,0.2008904426,360428,0.1895662934,0.064,0.158,75215,12841.0,11793.0,1456,80344.0,133473.0,81.685251238,60330,8069,23067.392,87584.004,50099.492000000006,72406.5404454328,56947.624,29441651.733209867
0.158,0.273,358.5,0.160892322,14420,0.1785714286,0.103,0.25,1700,483.0,811.0,26,46281.0,4005.0,75.960743223,3681,8071,1485.26,3936.6600000000003,2278.36,2320.06728324,3605.0,1095353.91727566
0.192,0.287,105.2,0.1878223098,5680,0.2,0.088,0.241,413,106.0,212.0,12,50169.0,1061.0,79.249500695,1018,8073,499.84,1630.1599999999999,1090.56,1066.830719664,1368.8799999999999,450137.1639476
0.185,0.296,299.0,0.1943221591,21974,0.1803950123,0.088,0.231,3678,522.0,1022.0,73,55717.0,8024.0,77.658300818,4116,8075,1933.712,6504.304,4065.19,4270.0351240634,5075.994000000001,1706463.502174732
0.179,0.289,477.3,0.1994884938,155603,0.2090255329,0.081,0.209,24493,5634.0,8539.0,539,64141.0,53713.0,78.258650093,31773,8077,12603.843,44969.267,27852.936999999998,31041.0081007614,32521.027,12177280.73042108
0.134,0.242,,0.2048746182,773,0.1410090556,0.065,0.165,172,27.0,14.0,0,58004.0,290.0,,244,8079,50.245000000000005,187.066,103.58200000000001,158.3680798686,127.545,
0.187,0.273,225.9,0.1837548895,13144,0.249771759,0.086,0.235,1699,436.0,1011.0,26,63128.0,4451.0,76.913069929,2180,8081,1130.384,3588.3120000000004,2457.928,2415.274267588,3088.8399999999997,1010945.391146776
0.184,0.256,435.4,0.1850866228,26408,0.2111102696,0.084,0.21,3229,908.0,1449.0,48,54053.0,8937.0,76.955425025,6352,8083,2218.272,6760.448,4859.072,4887.767534902399,5545.679999999999,2032238.8640601998
0.17,0.256,212.8,0.1739696349,43322,0.2078620562,0.083,0.224,5219,1431.0,1721.0,125,59764.0,14040.0,80.61829259,10818,8085,3595.726,11090.432,7364.740000000001,7536.7125231378,9704.128,3492545.67158398
0.167,0.33,485.1,0.1758093069,28941,0.2578349055,0.094,0.247,3518,871.0,1604.0,61,63297.0,9894.0,77.017552986,4623,8087,2720.454,9550.53,4833.147,5088.0971509928995,7148.427,2228965.0009678258
0.173,0.344,388.4,0.1614055158,18201,0.2352068568,0.112,0.288,2620,508.0,951.0,79,46235.0,5400.0,72.109549501,3799,8089,2038.512,6261.143999999999,3148.7729999999997,2937.7417930758,5241.888,1312465.910467701
0.126,0.23,141.4,0.2193390624,5001,0.1453709258,0.061,0.153,970,201.0,108.0,11,74492.0,1456.0,85.735879274,1494,8091,305.061,1150.23,630.126,1096.9146510624,765.153,428765.132249274
0.157,0.248,95.5,0.1974644284,18955,0.1499868109,0.066,0.182,2818,634.0,334.0,20,77598.0,6035.0,85.551966457,4312,8093,1251.03,4700.84,2975.935,3742.938240322,3449.81,1621637.5241924352
0.167,0.274,164.1,0.1818440893,4367,0.2512021983,0.082,0.222,591,66.0,129.0,4,57385.0,1335.0,77.484999193,997,8095,358.094,1196.558,729.289,794.1131379731,969.474,338376.99147583096
0.11,0.213,247.7,0.2094359969,17894,0.1488208338,0.058,0.145,4042,1176.0,760.0,69,93634.0,6087.0,92.519914539,3799,8097,1037.852,3811.422,1968.34,3747.6477285286,2594.6299999999997,1655551.350760866
0.165,0.293,361.5,0.1661147199,12106,0.2595407236,0.098,0.257,1549,276.0,653.0,27,47463.0,4396.0,76.22184741,2269,8099,1186.3880000000001,3547.058,1997.49,2010.9847991094002,3111.242,922741.6847454599
0.179,0.306,690.5,0.169162735,169823,0.2215895373,0.098,0.24,25568,6318.0,11906.0,944,50885.0,56295.0,75.11577978,32929,8101,16642.654000000002,51965.837999999996,30398.317,28727.723145905,40757.52,12756387.06957894
0.173,0.262,237.2,0.1952457642,6342,0.2415641753,0.077,0.203,1082,160.0,268.0,17,64039.0,2023.0,79.511805074,1081,8103,488.334,1661.604,1097.166,1238.2486365564,1287.4260000000002,504263.86777930794
0.156,0.28,372.8,0.1641570719,11296,0.2196352691,0.102,0.253,1685,385.0,616.0,3,51416.0,3612.0,76.02742121,2485,8105,1152.192,3162.88,1762.176,1854.3182841824,2857.888,858805.74998816
0.135,0.219,335.4,0.2070327086,25560,0.1735915493,0.064,0.163,5861,1277.0,656.0,81,82330.0,9644.0,84.142293054,4460,8107,1635.8400000000001,5597.64,3450.6000000000004,5291.756031816,4166.28,2150677.0104602403
0.172,0.315,278.4,0.1600187279,6938,0.1964543096,0.104,0.261,529,242.0,388.0,8,56012.0,1874.0,78.772585318,1786,8109,721.552,2185.47,1193.336,1110.2099341701999,1810.818,546524.196936284
0.149,0.256,,0.2020221311,748,0.121657754,0.072,0.184,137,34.0,15.0,1,54387.0,193.0,,197,8111,53.855999999999995,191.488,111.452,151.1125540628,137.632,
0.118,0.226,244.5,0.1976238753,8105,0.1674275139,0.064,0.155,1981,592.0,237.0,23,77099.0,2677.0,93.59475001,1337,8113,518.72,1831.73,956.39,1601.7415093065001,1256.275,758585.44883105
0.189,0.283,,0.1764757546,2260,0.1880530973,0.089,0.24,401,40.0,138.0,0,43354.0,719.0,76.770087184,661,8115,201.14,639.5799999999999,427.14,398.835205396,542.4,173500.39703584
0.125,0.209,351.5,0.2178324309,30631,0.1589566126,0.064,0.158,8102,2198.0,732.0,103,91079.0,12513.0,93.52686794,4542,8117,1960.384,6401.879,3828.875,6672.4251908979,4839.698,2864821.49187014
0.144,0.243,130.0,0.2096472532,25529,0.1667907086,0.067,0.162,3589,968.0,689.0,51,62845.0,8819.0,81.462735592,6188,8119,1710.4430000000002,6203.547,3676.176,5352.0847269427995,4135.698,2079662.176928168
0.182,0.265,81.5,0.1892244763,4875,0.2225641026,0.079,0.223,746,91.0,229.0,2,59174.0,1591.0,76.715879159,1041,8121,385.125,1291.875,887.25,922.4693219625,1087.125,373989.910900125
0.148,0.282,464.7,0.1863197602,333983,0.2569022974,0.082,0.212,57056,11624.0,16353.0,885,77937.0,120486.0,80.343726242,42529,8123,27386.606,94183.20599999999,49429.484,62227.6324708766,70804.396,26833438.721481886
0.169,0.253,139.7,0.1832971815,10047,0.2745098039,0.085,0.232,1402,159.0,643.0,10,82124.0,3526.0,79.719434904,1887,8125,853.995,2541.891,1697.9430000000002,1841.5867825305,2330.904,800941.162480488
0.1262480421,0.291,428.9,0.1920875173,3557006,0.2021227965,0.082,0.233,610040,148009.0,186850.0,15622,79723.0,1355510.0,80.10744161,645996,9000,291674.492,1035088.7459999999,449065.04323795263,683256.4515612038,828782.398,284942650.45141965
0.109,0.244,371.8,0.2005494334,942426,0.2197445741,0.079,0.219,163083,37044.0,43680.0,3189,98828.0,325114.0,82.057347191,157961,9001,74451.654,229951.944,102724.434,189003.0003214284,206391.294,77332977.48382537
0.132,0.303,505.2,0.1781523201,889226,0.2072262844,0.087,0.24,161886,38682.0,52744.0,5025,73476.0,347535.0,79.426890019,158944,9003,77362.662,269435.478,117377.83200000001,158417.6749932426,213414.24,70628455.7040353
0.14,0.28,180.2,0.2132317693,179610,0.1759089138,0.072,0.203,26664,7007.0,6586.0,517,79512.0,76684.0,79.190826326,40910,9005,12931.919999999998,50290.8,25145.4,38298.558083973,36460.83,14223464.31641286
0.132,0.279,278.9,0.2131371314,161657,0.1690307255,0.072,0.213,28008,6010.0,6397.0,748,89970.0,68827.0,80.812817369,35121,9007,11639.303999999998,45102.30300000001,21338.724000000002,34455.1092507298,34432.941,13063957.617420433
0.15,0.323,507.4,0.1798208464,851948,0.199259814,0.096,0.248,143916,36502.0,52693.0,4160,72517.0,324290.0,79.18985616,155504,9009,81787.008,275179.204,127792.2,153198.01044878722,211283.104,67465639.57579969
0.136,0.308,356.7,0.2057110107,264999,0.1913214767,0.082,0.249,44768,12679.0,13395.0,1125,77202.0,106922.0,79.454797946,51381,9011,21729.918,81619.692,36039.864,54513.2121244893,65984.751,21055442.000892054
0.136,0.268,240.2,0.2137165373,150600,0.1694555113,0.072,0.213,24815,5236.0,4653.0,412,87247.0,60458.0,81.323430582,25401,9013,10843.199999999999,40360.8,20481.600000000002,32185.71051738,32077.8,12247308.6456492
0.173,0.309,286.9,0.1958575197,116540,0.194688519,0.09,0.237,16900,4849.0,6702.0,438,66349.0,45680.0,78.004079859,20774,9015,10488.6,36010.86,20161.42,22825.235345838002,27619.98,9090595.46676786
0.1641577648,0.342,602.2,0.204722258,986809,0.207391704,0.109,0.253,149688,37901.0,59414.0,2918,71335.0,356251.0,78.009490898,197594,10000,107562.181,337488.678,161992.3597245232,202021.766694722,249662.677,76980467.70356448
0.189,0.412,783.2,0.1765241904,183643,0.2275556378,0.118,0.31,27411,6872.0,14061.0,372,61538.0,65266.0,77.106527135,32951,10001,21669.874,75660.916,34708.527,32417.4318976272,56929.33,14160073.962652804
0.154,0.33,608.5,0.2029926836,561531,0.2122767933,0.103,0.268,97231,23039.0,33769.0,2050,75145.0,209477.0,77.93548357,92855,10003,57837.693,185305.23,86475.774,113986.6846145916,150490.30800000002,43763190.02454567
0.175,0.353,447.4,0.2000505413,241635,0.1807147143,0.102,0.273,25046,7990.0,11584.0,495,69829.0,81508.0,78.411411261,71788,10005,24646.769999999997,85297.155,42286.125,48339.2125470255,65966.35500000001,18946941.360051736
0.142,0.275,1321.6,0.2447832649,712816,0.1817972661,0.098,0.199,221287,32895.0,58448.0,3973,91957.0,121780.0,78.036698977,89833,11000,69855.96800000001,196024.40000000002,101219.87199999999,174485.4277529584,141850.38400000002,55625807.617989235
0.142,0.275,1321.6,0.2447832649,712816,0.1817972661,0.098,0.199,221287,32895.0,58448.0,3973,91957.0,121780.0,78.036698977,89833,11001,69855.96800000001,196024.40000000002,101219.87199999999,174485.4277529584,141850.38400000002,55625807.617989235
0.1525495347,0.263,515.9,0.2018391597,21733312,0.1955860202,0.094,0.259,3390310,781496.0,1192656.0,39798,61724.0,7431583.0,79.692945807,4638094,12000,2042931.328,5715861.056,3315406.633089926,4386633.4315779265,5628927.808,1731991655.422623
0.161,0.324,993.1,0.1829580713,271218,0.1792395785,0.107,0.248,55146,7235.0,15112.0,1815,51995.0,91751.0,78.600526679,41101,12001,29020.326,87874.632,43666.098,49621.5221818434,67262.064,21317877.644825023
0.241,0.326,499.8,0.2253661921,29566,0.2362849219,0.11,0.329,3697,580.0,1456.0,34,61514.0,8819.0,75.486281929,4327,12003,3252.26,9638.516,7125.406,6663.1768356286,9727.214,2231827.411512814
0.221,0.316,425.9,0.2181413674,171322,0.2040485168,0.099,0.309,30559,5017.0,10791.0,479,61332.0,67848.0,76.065170742,32343,12005,16960.878,54137.752,37862.162000000004,37372.4153457028,52938.498,13031637.181860926
0.268,0.381,567.4,0.1842558483,28593,0.1915853531,0.126,0.355,2693,641.0,1847.0,32,48260.0,7876.0,75.494264096,5243,12007,3602.718,10893.933,7662.924000000001,5268.4274704418995,10150.515,2158607.493296928
0.18,0.291,348.5,0.2255393153,608459,0.1806843189,0.1,0.267,90214,18724.0,26468.0,1045,65871.0,209216.0,77.448794168,148845,12009,60845.9,177061.569,109522.62,137231.4262481227,162458.553,47124415.85066712
0.149,0.308,623.1,0.1983461838,1958105,0.2086563284,0.119,0.282,354278,90289.0,130901.0,4070,63901.0,747893.0,80.935217259,343446,12011,233014.495,603096.34,291757.64499999996,388382.654229699,552185.61,158479653.5909342
0.25,0.364,467.9,0.2068836659,14078,0.1983946583,0.109,0.339,1272,246.0,726.0,5,43994.0,3609.0,75.418296576,2689,12013,1534.502,5124.392,3519.5,2912.5082485402004,4772.442,1061738.779196928
0.192,0.294,158.8,0.2352915686,194711,0.1166395324,0.097,0.25,15848,5214.0,5989.0,220,58368.0,49777.0,80.841090993,80251,12015,18886.967,57245.034,37384.512,45813.8566136746,48677.75,15740649.668338021
0.233,0.319,257.3,0.2212912921,153010,0.1464610156,0.11,0.292,11249,3918.0,6603.0,121,48574.0,37742.0,74.517331538,56742,12017,16831.1,48810.19,35651.33,33859.780604221,44678.92,11401896.898629379
0.197,0.326,457.9,0.2043802477,221770,0.2295982324,0.108,0.281,36647,5654.0,10066.0,247,72520.0,78926.0,77.473651914,36985,12019,23951.16,72297.02,43688.69,45325.407532428995,62317.37,17181331.78496778
0.156,0.259,292.0,0.2281171326,392973,0.1657543903,0.098,0.246,38900,12210.0,16778.0,421,81895.0,115335.0,86.107407228,131353,12021,38511.354,101780.007,61303.788,89643.8739492198,96671.358,33837886.14060885
0.259,0.363,631.9,0.1921374449,72654,0.2145649242,0.119,0.326,8595,1726.0,3818.0,183,46670.0,20973.0,74.980106887,14379,12023,8645.826,26373.402,18817.386000000002,13959.5539217646,23685.204,5447604.685768099
0.228,0.372,242.1,0.1798597793,38520,0.1858515057,0.152,0.381,2336,741.0,2090.0,58,45807.0,9021.0,79.973212491,8811,12027,5855.04,14329.44,8782.56,6928.198698636,14676.12,3080568.14515332
0.278,0.363,635.9,0.2002517933,17057,0.1806882805,0.123,0.349,1134,321.0,764.0,3,41450.0,3916.0,75.184571505,4158,12029,2098.011,6191.691,4741.8460000000005,3415.6948383181,5952.893,1282423.236160785
0.19,0.335,824.3,0.1905141569,966728,0.2245812679,0.113,0.301,182200,32633.0,72313.0,2201,55202.0,366011.0,75.540047428,143432,12031,109240.26400000001,323853.88,183678.32,184175.3698716232,290985.12799999997,73026678.96997558
0.196,0.306,739.8,0.1987458511,322364,0.2081746101,0.116,0.282,54938,9671.0,21363.0,695,57089.0,104674.0,74.487880518,56280,12033,37394.224,98643.38399999999,63183.344000000005,64068.5075440004,90906.64799999999,24012211.115304552
0.207,0.333,275.5,0.2124340013,118451,0.1639665347,0.101,0.261,12864,3553.0,4987.0,85,67054.0,35388.0,79.142349539,37557,12035,11963.551000000001,39444.183000000005,24519.357,25163.019887986302,30915.711000000003,9374490.445244089
0.25,0.317,239.2,0.2489587942,12201,0.1529382837,0.115,0.334,1012,252.0,463.0,10,47206.0,3359.0,76.716510209,2993,12037,1403.115,3867.717,3050.25,3037.5462480342,4075.134,936018.1410600091
0.219,0.392,1127.9,0.1689968447,45277,0.2139276012,0.152,0.354,5397,1245.0,4715.0,63,42698.0,14490.0,75.53266359,8772,12039,6882.104,17748.584,9915.663,7651.6701374819,16028.057999999999,3419892.40936443
0.25,0.338,371.3,0.2074159826,18885,0.1999470479,0.112,0.32,1596,345.0,993.0,22,52000.0,5566.0,77.119937749,3995,12041,2115.12,6383.13,4721.25,3917.050831401,6043.2,1456410.024389865
0.242,0.366,391.0,0.1990810563,14198,0.1404423158,0.136,0.365,1082,289.0,437.0,0,45328.0,2577.0,84.111212279,4127,12043,1930.928,5196.468,3435.9159999999997,2826.5528373474,5182.2699999999995,1194210.991937242
0.23,0.28,381.3,0.2202020078,13534,0.1852371804,0.101,0.312,1960,298.0,550.0,19,51593.0,3934.0,74.952968923,3515,12045,1366.9340000000002,3789.5200000000004,3112.82,2980.2139735652,4222.608,1014413.481403882
0.276,0.377,824.8,0.2047727819,14521,0.1895186282,0.143,0.382,1075,319.0,556.0,2,41871.0,2739.0,75.43107884,2722,12047,2076.5029999999997,5474.417,4007.7960000000003,2973.5055659699,5547.022,1095334.69583564
0.225,0.383,478.9,0.1810641012,26822,0.2574379241,0.153,0.413,1799,551.0,2018.0,6,46264.0,7529.0,79.095897094,4601,12049,4103.766,10272.826000000001,6034.95,4856.5013223864,11077.485999999999,2121510.151855268
0.215,0.422,483.1,0.1828251445,42813,0.265947259,0.161,0.418,4651,1257.0,4003.0,15,45652.0,11209.0,77.747520794,6018,12051,6892.893,18067.086,9204.795,7827.2929114785,17895.834,3328604.6077535218
0.209,0.331,302.7,0.2165593163,198792,0.1819288503,0.114,0.31,23601,5769.0,7522.0,174,52108.0,56412.0,76.735382418,54789,12053,22662.288,65800.152,41547.528,43050.2596059096,61625.52,15254380.141639056
0.209,0.32,356.8,0.2018666181,106639,0.1658773995,0.128,0.315,8600,2674.0,4970.0,80,48922.0,26737.0,77.793860803,38933,12055,13649.792,34124.48,22287.551,21526.8542875659,33591.285,8295859.522171117
0.161,0.303,616.7,0.1963719407,1497957,0.2191558236,0.114,0.269,277517,53788.0,95521.0,2911,65272.0,543283.0,79.093253694,223205,12057,170767.098,453880.97099999996,241171.07700000002,294156.7231751499,402950.433,118478293.02370316
0.268,0.405,367.0,0.1930647873,19594,0.2040420537,0.128,0.362,1872,378.0,1197.0,16,41969.0,5977.0,72.481011264,3995,12059,2508.032,7935.570000000001,5251.192,3782.9114423562,7093.027999999999,1420192.934706816
0.181,0.293,282.0,0.2181921602,162518,0.1528630675,0.101,0.272,15760,4751.0,6194.0,247,72934.0,47416.0,80.680325531,56213,12061,16414.318,47617.774,29415.757999999998,35460.1534913836,44204.896,13112005.144647056
0.255,0.394,609.7,0.1883802614,46085,0.1886080069,0.126,0.379,5324,933.0,2288.0,67,44108.0,14304.0,73.037970067,9552,12063,5806.71,18157.49,11751.675000000001,8681.504346619,17466.215,3365954.850537695
0.226,0.327,568.6,0.2056985092,14543,0.1693598295,0.121,0.324,1504,298.0,812.0,8,54354.0,4393.0,76.742230508,3555,12065,1759.703,4755.561000000001,3286.7180000000003,2991.4734192956,4711.932,1116062.2582778442
0.256,0.369,296.8,0.2069887099,8482,0.1941759019,0.123,0.364,828,117.0,133.0,1,41635.0,2399.0,76.489483966,1499,12067,1043.286,3129.858,2171.392,1755.6782373718002,3087.448,648783.802999612
0.193,0.315,342.9,0.1952415336,375492,0.1885259872,0.109,0.29,46592,13645.0,15734.0,382,58501.0,114748.0,78.609329967,102111,12069,40928.628,118279.98,72469.956,73311.6339345312,108892.68,29517174.52796876
0.172,0.301,407.0,0.2287806001,790767,0.1713311254,0.103,0.269,87613,25256.0,34675.0,990,66140.0,246433.0,82.356367396,233231,12071,81449.00099999999,238020.867,136011.924,180912.1487992767,212716.323,65124697.57663273
0.166,0.305,1151.0,0.1910975894,295460,0.1853584242,0.105,0.249,57288,8743.0,18873.0,726,61403.0,114420.0,78.740773959,42552,12073,31023.3,90115.3,49046.36,56461.693764124,73569.54,23264749.07392614
0.246,0.37,585.5,0.1890508627,42214,0.1932771119,0.12,0.335,3891,1001.0,1910.0,17,41894.0,12275.0,75.385632388,10823,12075,5065.679999999999,15619.18,10384.644,7980.5931180177995,14141.69,3182329.085627032
0.256,0.354,335.2,0.2105922908,8364,0.1691774271,0.13,0.338,697,125.0,400.0,26,46734.0,1998.0,75.653570034,1313,12077,1087.32,2960.8559999999998,2141.184,1761.3939202512,2827.032,632766.4597643759
0.242,0.369,513.7,0.1847671353,18707,0.1862404448,0.144,0.355,2072,459.0,1490.0,11,41650.0,5152.0,74.026581931,4033,12079,2693.808,6902.883,4527.094,3456.4388000571,6640.985,1384815.268183217
0.171,0.297,427.0,0.2230955923,411219,0.1764509908,0.102,0.262,47784,11925.0,18647.0,474,63328.0,124630.0,81.280396176,118217,12081,41944.337999999996,122132.04299999999,70318.44900000001,91741.1463700137,107739.37800000001,33424043.23509854
0.214,0.34,481.7,0.2043880369,373513,0.185091282,0.11,0.295,36965,9760.0,22484.0,388,48553.0,104639.0,75.627757628,109439,12083,41086.43,126994.42000000001,79931.78199999999,76341.5888266297,110186.33499999999,28247950.634907164
0.17,0.242,218.0,0.2423398657,162088,0.1595614728,0.091,0.256,18214,4384.0,6271.0,355,72736.0,51601.0,81.773618853,52569,12085,14750.008,39225.296,27554.960000000003,39280.384151581595,41494.528,13254522.332645064
0.136,0.299,540.3,0.198058923,2707303,0.2017247423,0.138,0.337,474910,103681.0,173045.0,5124,59259.0,986132.0,81.558603577,459870,12086,373607.814,809483.597,368193.20800000004,536205.516414669,912361.111,220803852.13982284
0.171,0.302,277.5,0.2739414565,73900,0.1547767253,0.098,0.267,11420,3532.0,2672.0,190,68584.0,27285.0,81.474509432,17485,12087,7242.200000000001,22317.8,12636.900000000001,20244.27363535,19731.300000000003,6020966.247024801
0.188,0.298,275.3,0.2347396217,91113,0.1959544741,0.089,0.26,11781,2347.0,3836.0,115,75123.0,32222.0,77.628343891,21237,12089,8109.057,27151.674,17129.244,21387.8311519521,23689.38,7072951.296940683
0.18,0.277,568.0,0.2106733107,212820,0.2227093318,0.095,0.264,40212,5281.0,10188.0,369,65977.0,81210.0,77.427952078,35134,12091,20217.9,58951.14000000001,38307.6,44835.493983174,56184.48,16478216.76123996
0.235,0.37,400.8,0.1889740716,42297,0.2115280044,0.136,0.396,4374,921.0,2117.0,26,48028.0,12422.0,75.909119668,8670,12093,5752.392000000001,15649.89,9939.795,7993.036306465199,16749.612,3210728.034597396
0.153,0.335,743.8,0.2023035611,1404396,0.2163827012,0.12,0.299,295995,78496.0,82977.0,3644,69074.0,529925.0,80.158930222,177333,12095,168527.52,470472.66000000003,214872.588,284114.3119945956,419914.404,112574880.9680559
0.156,0.361,539.7,0.1738006147,385315,0.2394378625,0.141,0.315,65058,25155.0,23254.0,626,63018.0,131529.0,79.293408314,52332,12097,54329.41499999999,139098.715,60109.14,66967.9838531305,121374.225,30552939.62450891
0.149,0.269,421.2,0.2330394277,1507600,0.1881719289,0.104,0.244,223326,54434.0,73638.0,3596,68200.0,511738.0,82.186581487,374600,12099,156790.4,405544.4,224632.4,351330.24120052,367854.39999999997,123904490.2498012
0.211,0.276,309.8,0.209861392,570412,0.2013702377,0.103,0.282,78002,17142.0,26430.0,512,52332.0,172838.0,77.377413616,129888,12101,58752.435999999994,157433.712,120356.932,119707.456333504,160856.18399999998,44137005.25552979
0.189,0.298,469.3,0.2420688342,976802,0.1569294494,0.095,0.233,153922,34064.0,48950.0,2210,61532.0,347204.0,78.828162968,253295,12103,92796.19,291086.996,184615.578,236453.3213842284,227594.866,76999507.24346834
0.184,0.366,534.9,0.1786878541,744552,0.2181002804,0.124,0.328,95329,28647.0,43066.0,779,54591.0,239973.0,78.09243022,152545,12105,92324.448,272506.032,136997.568,133042.3991458632,244213.056,58143875.105161436
0.272,0.366,530.1,0.1905351596,74815,0.2121499699,0.129,0.359,5969,2092.0,5214.0,48,36527.0,21140.0,73.10577936,17885,12107,9651.135,27382.29,20349.68,14254.887965474,26858.585,5469408.8828184
0.164,0.267,254.3,0.233783098,278715,0.2153490124,0.083,0.222,43456,7071.0,8569.0,349,94343.0,88289.0,81.848570995,58541,12109,23133.345,74416.905,45709.26,65158.85615907,61874.73,22812424.464871425
0.181,0.315,420.7,0.1901299786,337186,0.1945988268,0.114,0.287,41334,11303.0,17042.0,587,59023.0,108990.0,80.0390136,84505,12111,38439.204,106213.59,61030.666,64109.1669642196,96772.382,26988034.8397296
0.194,0.312,298.9,0.2087664741,189139,0.2183949371,0.094,0.262,31845,4299.0,7691.0,146,71583.0,62196.0,77.326138527,31199,12113,17779.066,59011.368,36692.966,39485.8821447999,49554.418000000005,14625388.514858253
0.172,0.273,260.1,0.251157698,443465,0.1388068957,0.085,0.227,44576,12589.0,15474.0,834,66138.0,136626.0,81.461812037,168215,12115,37694.525,121065.945,76275.98,111379.64854356999,100666.55500000001,36125462.47498821
0.135,0.285,422.6,0.2086561055,474171,0.2072480181,0.1,0.232,104731,17167.0,20957.0,840,71930.0,187445.0,80.491542612,77457,12117,47417.100000000006,135138.735,64013.08500000001,98938.6742010405,110007.672,38166755.251874655
0.172,0.295,152.5,0.2114869044,139018,0.0692356386,0.095,0.237,6060,2534.0,2794.0,63,60278.0,18472.0,80.218127892,82103,12119,13206.710000000001,41010.31,23911.095999999998,29400.486475879203,32947.265999999996,11151763.703290056
0.231,0.358,529.1,0.2130381774,44851,0.2087801833,0.115,0.318,4147,1000.0,3233.0,30,46264.0,13191.0,75.628218811,9891,12121,5157.865,16056.658,10360.581,9554.9752945674,14262.618,3392001.241892161
0.276,0.372,431.2,0.1956872793,21600,0.1975,0.122,0.346,1889,510.0,1482.0,7,45527.0,5153.0,74.303851221,4573,12123,2635.2,8035.2,5961.6,4226.8452328799995,7473.599999999999,1604963.1863736
0.27,0.384,459.4,0.216839685,15182,0.2028718219,0.131,0.323,1537,216.0,691.0,12,49313.0,3207.0,67.238936045,2330,12125,1988.842,5829.888,4099.14,3292.0600976700002,4903.786,1020821.52703519
0.208,0.291,369.8,0.2426896807,561497,0.17375872,0.111,0.278,75713,18975.0,27753.0,867,55463.0,183907.0,76.562361872,142378,12127,62326.167,163395.62699999998,116791.37599999999,136269.5276440079,156096.16600000003,42989536.50404238
0.209,0.345,489.0,0.2289649691,34319,0.2046679682,0.103,0.282,4524,669.0,1039.0,24,64671.0,12209.0,76.116150433,5554,12129,3534.857,11840.054999999998,7172.670999999999,7857.8487745429,9677.957999999999,2612230.166710127
0.207,0.317,272.7,0.2207184456,76648,0.2032277424,0.097,0.262,10204,1887.0,3724.0,62,74108.0,23540.0,78.420628308,15756,12131,7434.856,24297.416,15866.135999999999,16917.627418348802,20081.776,6010784.318551584
0.259,0.372,439.7,0.1741690996,25932,0.1987891408,0.13,0.348,2732,549.0,1892.0,6,44661.0,7745.0,72.782736831,4604,12133,3371.1600000000003,9646.704,6716.388,4516.553090827199,9024.336,1887401.931501492
0.1651531267,0.334,637.8,0.1780519243,10710017,0.233421665,0.111,0.274,1830420,330968.0,760762.0,16812,62800.0,3771815.0,77.309261081,1574667,13000,1188811.887,3577145.6780000003,1768792.794560154,1906939.136135713,2934544.6580000003,827983500.4349484
0.253,0.366,424.2,0.1670018503,18325,0.2438744884,0.137,0.381,2140,431.0,1558.0,15,44871.0,6169.0,73.872809662,3353,13001,2510.525,6706.95,4636.225,3060.3089067475003,6981.825,1353719.2370561499
0.255,0.384,612.4,0.1550817862,8393,0.2595019659,0.16,0.423,756,172.0,758.0,0,39633.0,2735.0,73.07656643,1175,13003,1342.88,3222.9120000000003,2140.215,1301.6014315766,3550.239,613331.62204699
0.252,0.384,456.8,0.1651253197,11036,0.2508155129,0.135,0.379,1054,227.0,987.0,1,41756.0,3455.0,72.459239892,1933,13005,1489.8600000000001,4237.8240000000005,2781.072,1822.3230282092,4182.644,799660.171448112
0.227,0.378,,0.1687844283,2971,0.1861326153,0.142,0.363,213,69.0,167.0,1,43696.0,901.0,79.801262742,765,13007,421.88199999999995,1123.038,674.417,501.45853647930005,1078.473,237089.551606482
0.225,0.395,730.7,0.1655634619,45099,0.1828421916,0.136,0.334,6332,1219.0,3516.0,73,49350.0,15224.0,74.442711611,7720,13009,6133.464000000001,17814.105,10147.275,7466.746568228099,15063.066,3357291.850944489
0.238,0.34,150.8,0.189730648,19352,0.2121744523,0.117,0.346,2421,419.0,843.0,0,62836.0,6416.0,76.089399661,3557,13011,2264.184,6579.68,4605.776,3671.667500096,6695.7919999999995,1472482.062239672
0.208,0.33,309.9,0.1823449195,85588,0.255596579,0.115,0.336,13533,2055.0,4985.0,23,64460.0,31719.0,76.603858939,11139,13013,9842.62,28244.04,17802.304,15606.536970166,28757.568000000003,6556371.078871133
0.21,0.323,455.7,0.1788714474,109426,0.2349076088,0.113,0.321,15478,3107.0,5652.0,134,64980.0,39163.0,75.437577869,16065,13015,12365.138,35344.598,22979.46,19573.1870031924,35125.746,8254832.395893194
0.243,0.394,784.4,0.1587499721,16614,0.2440712652,0.145,0.388,1727,377.0,1874.0,6,39305.0,5925.0,70.954561352,3030,13017,2409.0299999999997,6545.916,4037.2019999999998,2637.4720364694,6446.232,1178839.082302128
0.263,0.365,458.8,0.1649889929,19408,0.2363458368,0.127,0.377,2135,428.0,1113.0,4,45094.0,6485.0,73.922745748,3449,13019,2464.8160000000003,7083.92,5104.304,3202.1063742031997,7316.816,1434692.649477184
0.225,0.387,1187.0,0.1596726876,152737,0.2399091248,0.144,0.349,23246,5050.0,18074.0,308,44467.0,50261.0,73.035700889,25054,13021,21994.127999999997,59109.219000000005,34365.825000000004,24387.9272859612,53305.212999999996,11155253.846683193
0.218,0.377,823.4,0.1699298423,12955,0.1972983404,0.12,0.331,1671,292.0,905.0,1,51448.0,4085.0,76.443563956,2305,13023,1554.6,4884.035,2824.19,2201.4411069965,4288.1050000000005,990326.37104998
0.274,0.381,376.8,0.1725617228,19202,0.2309655244,0.123,0.377,1732,377.0,1148.0,0,39256.0,5864.0,73.9430618,3371,13025,2361.846,7315.962,5261.348,3313.5302012056004,7239.154,1419854.6726835999
0.225,0.37,478.7,0.159851917,15357,0.2141694341,0.141,0.36,2122,354.0,1338.0,5,42973.0,4895.0,73.800991113,3140,13027,2165.337,5682.09,3455.3250000000003,2454.8458893690004,5528.5199999999995,1133361.820522341
0.167,0.336,348.2,0.1928320055,40755,0.2941234204,0.101,0.269,8197,986.0,2618.0,43,81890.0,15595.0,75.583882598,4472,13029,4116.255,13693.68,6806.085,7858.8683841525,10963.095000000001,3080421.13528149
0.211,0.375,869.3,0.1654209721,80839,0.1979242692,0.132,0.327,12633,2419.0,4427.0,82,48629.0,27619.0,77.150046743,9729,13031,10670.748000000001,30314.625,17057.029,13372.465963591902,26434.353000000003,6236732.628657377
0.237,0.383,674.6,0.1587118001,22648,0.2531349347,0.143,0.362,2358,647.0,2178.0,12,44870.0,7899.0,73.008249001,3830,13033,3238.6639999999998,8674.184,5367.576,3594.5048486647997,8198.576,1653490.8233746479
0.25,0.367,497.3,0.1653902082,25426,0.2032565091,0.134,0.358,2340,664.0,2017.0,18,52720.0,7834.0,73.939120487,4085,13035,3407.0840000000003,9331.342,6356.5,4205.2114336932,9102.508,1879976.0775024618
0.281,0.434,662.5,0.1473227148,6231,0.16754935,0.183,0.421,827,113.0,476.0,1,37984.0,1407.0,77.170519395,1032,13037,1140.273,2704.254,1750.911,917.9678359188,2623.2509999999997,480849.506350245
0.193,0.351,420.7,0.1879817968,55388,0.2398533978,0.115,0.299,8994,997.0,3936.0,73,67525.0,20071.0,78.106045214,8085,13039,6369.62,19441.188,10689.884,10411.9357611584,16561.012,4326137.632313033
0.256,0.393,398.0,0.163933277,10985,0.2517979062,0.152,0.403,933,250.0,927.0,10,42583.0,3781.0,72.409353181,2099,13043,1669.72,4317.1050000000005,2812.16,1800.807047845,4426.955,795416.744693285
0.22,0.34,570.9,0.1795007092,121633,0.2339003395,0.118,0.319,17250,3466.0,9068.0,195,64554.0,42079.0,74.88692632,17276,13045,14352.694,41355.22,26759.26,21833.2097621236,38800.927,9108721.50908056
0.2,0.347,335.9,0.1939038271,67996,0.222630743,0.098,0.294,10611,1417.0,2857.0,83,61906.0,26948.0,77.813366666,12623,13047,6663.608,23594.611999999997,13599.2,13184.6846274916,19990.824,5290997.679821336
0.268,0.387,500.3,0.163811129,13430,0.1792256143,0.154,0.393,1278,182.0,718.0,3,46061.0,3943.0,75.442422004,2160,13049,2068.22,5197.41,3599.2400000000002,2199.98346247,5277.99,1013191.7275137199
0.181,0.331,909.7,0.1869775898,289463,0.2071629189,0.12,0.291,57830,10713.0,24514.0,502,56357.0,106381.0,77.565729871,47728,13051,34735.56,95812.25300000001,52392.803,54123.094076277404,84233.733,22452408.86564927
0.196,0.372,1329.4,0.1789343227,10551,0.2246232585,0.136,0.325,2290,124.0,604.0,0,51811.0,3325.0,78.104552731,520,13053,1434.9360000000001,3924.9719999999998,2067.996,1887.9360388077,3429.0750000000003,824081.135864781
0.273,0.377,403.4,0.1796382146,24843,0.2220746287,0.13,0.366,2281,820.0,1436.0,9,44399.0,7477.0,72.230796294,4572,13055,3229.59,9365.811,6782.139,4462.7521653078,9092.538,1794429.6723318421
0.15,0.325,260.8,0.1889317753,265274,0.2349382148,0.093,0.244,47418,6464.0,10788.0,269,90675.0,98156.0,80.217300134,40519,13057,24670.482,86214.05,39791.1,50118.6877609322,64726.856,21279564.075746715
0.188,0.363,733.3,0.189979389,127795,0.169224148,0.135,0.297,26135,3753.0,7648.0,383,46693.0,43229.0,79.074449642,15370,13059,17252.325,46389.585,24025.46,24278.416017255,37955.115,10105319.29199939
0.281,0.448,670.4,0.1307664073,2866,0.2016748081,0.185,0.433,303,111.0,392.0,0,35937.0,823.0,73.476697428,812,13061,530.21,1283.968,805.3460000000001,374.77652332179997,1240.978,210584.214828648
0.198,0.398,813.0,0.1353404162,292646,0.2731833,0.162,0.382,44111,14433.0,35940.0,209,49370.0,96128.0,76.021148481,29689,13063,47408.652,116473.10800000001,57943.908,39606.8314392652,111790.772,22247285.018370725
0.303,0.41,770.6,0.1446791256,6582,0.2477970222,0.164,0.432,880,117.0,808.0,1,43088.0,1747.0,71.545107222,1117,13065,1079.448,2698.62,1994.346,952.2780046992001,2843.424,470909.895735204
0.14,0.306,464.5,0.1900450618,762944,0.2285148058,0.1,0.245,166014,24453.0,43769.0,1542,81517.0,300362.0,80.25641044,100677,13067,76294.40000000001,233460.864,106812.16,144993.7396299392,186921.28,61231146.80673536
0.246,0.371,630.9,0.1625634818,43218,0.2417048452,0.142,0.375,5073,1103.0,3416.0,11,44520.0,14836.0,73.484215105,6243,13069,6136.955999999999,16033.878,10631.628,7025.6685564324,16206.75,3175840.80840789
0.233,0.374,438.6,0.1666927136,45542,0.2535022616,0.148,0.394,4473,979.0,4684.0,31,41673.0,14849.0,73.351969169,7476,13071,6740.215999999999,17032.708,10611.286,7591.519562771199,17943.548000000003,3340595.379894598
0.159,0.306,301.2,0.1863883644,160377,0.2506531485,0.098,0.248,30853,3145.0,6582.0,168,87489.0,63052.0,80.064200686,23109,13073,15716.946,49075.362,25499.943,29892.406717378803,39773.496,12840456.313418623
0.242,0.394,845.4,0.161576107,17291,0.251228963,0.138,0.356,2350,384.0,1208.0,4,35225.0,6190.0,74.097562788,2928,13075,2386.1580000000004,6812.654,4184.422,2793.812466137,6155.596,1281220.958167308
0.175,0.315,276.8,0.1895489501,150849,0.23504299,0.1,0.286,25560,4584.0,8548.0,130,84121.0,56884.0,78.394585798,22368,13077,15084.900000000001,47517.435,26398.574999999997,28593.2695736349,43142.814,11825744.873042502
0.24,0.343,217.7,0.1779496631,12231,0.2008012427,0.126,0.364,1670,277.0,899.0,0,48184.0,4071.0,74.507800732,2435,13079,1541.106,4195.233,2935.44,2176.5023293761,4452.084,911304.910753092
0.257,0.433,670.5,0.1425602031,22034,0.2354542979,0.157,0.394,2443,748.0,3312.0,11,36871.0,6834.0,73.062571049,4444,13081,3459.338,9540.722,5662.738,3141.1715151054,8681.396,1609860.6904936659
0.229,0.326,322.7,0.1984306594,16057,0.1906333686,0.106,0.316,1924,322.0,619.0,6,41069.0,5564.0,75.479351589,3310,13083,1702.042,5234.582,3677.0530000000003,3186.2010979857996,5074.012,1211971.9484645731
0.182,0.297,249.0,0.2009578547,27113,0.199793457,0.09,0.263,3671,584.0,1315.0,30,75081.0,10027.0,77.429529807,5601,13085,2440.17,8052.561,4934.566,5448.5703144811,7130.719,2099346.841657191
0.223,0.387,1068.0,0.1576190366,26457,0.2431492611,0.146,0.369,3330,541.0,2932.0,19,42996.0,8353.0,73.012302527,4565,13087,3862.7219999999998,10238.859,5899.911,4170.1268513262,9762.633,1931686.4879568391
0.147,0.327,742.5,0.1823276733,762009,0.2273398346,0.123,0.266,169925,31474.0,62778.0,2545,69545.0,260858.0,79.854318414,101784,13089,93727.107,249176.943,112015.32299999999,138935.3280036597,202694.394,60849709.32033373
0.248,0.374,548.4,0.1741749605,20452,0.190739292,0.138,0.357,2636,415.0,1535.0,7,42683.0,6645.0,74.975058619,3939,13091,2822.376,7649.048,5072.096,3562.226292146,7301.364,1533389.8988757879
0.242,0.418,470.5,0.1608984503,13174,0.1619857295,0.152,0.384,1504,378.0,737.0,0,45112.0,3966.0,76.733628879,2910,13093,2002.4479999999999,5506.732,3188.1079999999997,2119.6761842522,5058.816,1010888.826851946
0.233,0.385,1352.9,0.1497690389,86477,0.2331949536,0.162,0.372,13158,3243.0,11132.0,126,40793.0,27473.0,72.842046811,14727,13095,14009.274000000001,33293.645000000004,20149.141,12951.577176955301,32169.444,6299161.682074848
0.185,0.344,481.7,0.1651103731,147988,0.2535340703,0.125,0.306,24047,5367.0,12094.0,193,65269.0,56277.0,77.103686759,18142,13097,18498.5,50907.871999999996,27377.78,24434.3538943228,45284.328,11410420.396090891
0.258,0.425,1020.6,0.1528800963,10037,0.2454916808,0.159,0.388,1091,256.0,1285.0,7,39697.0,3113.0,71.827799011,1956,13099,1595.883,4265.724999999999,2589.5460000000003,1534.4575265631,3894.356,720935.618673407
0.22,0.363,174.7,0.1658214599,4002,0.2693653173,0.139,0.382,364,74.0,118.0,0,45378.0,1376.0,79.931439909,548,13101,556.278,1452.7259999999999,880.44,663.6174825198,1528.7640000000001,319885.62251581805
0.199,0.312,405.9,0.2054018468,65765,0.2636812894,0.102,0.28,10711,1573.0,3186.0,28,77690.0,25584.0,76.688270813,8054,13103,6708.03,20518.68,13087.235,13508.252454802001,18414.2,5043404.130016945
0.245,0.37,427.2,0.1654219327,19335,0.2185673649,0.136,0.374,1899,551.0,1329.0,7,43553.0,6177.0,73.718083673,4156,13105,2629.5600000000004,7153.95,4737.075,3198.4330687545,7231.29,1425339.147817455
0.248,0.39,746.3,0.163151029,22507,0.2489003421,0.141,0.357,2389,603.0,2228.0,23,36243.0,6056.0,72.757379159,3766,13107,3173.4869999999996,8777.73,5581.736,3672.040209703,8034.999,1637550.332731613
0.246,0.387,1135.7,0.1515981606,10638,0.2633953751,0.149,0.402,1230,257.0,1073.0,1,51018.0,3442.0,73.989206212,1762,13109,1585.062,4116.906,2616.948,1612.7012324628001,4276.476000000001,787097.175683256
0.211,0.296,106.9,0.1957879011,26521,0.1592323065,0.101,0.312,2649,524.0,1259.0,20,44730.0,7440.0,76.818607222,8178,13111,2678.621,7850.215999999999,5595.931,5192.4909250731,8274.552,2037306.282134662
0.138,0.311,337.4,0.1864353225,115821,0.2275666762,0.094,0.23,17963,3055.0,5644.0,256,98623.0,40738.0,80.704094837,22518,13113,10887.174,36020.331,15983.298,21593.1254872725,26638.83,9347228.968116177
0.22,0.331,501.5,0.1672546957,98604,0.2277493814,0.119,0.324,12179,2712.0,7487.0,142,47423.0,33402.0,74.236344032,17052,13115,11733.876,32637.924000000003,21692.88,16491.9820148028,31947.696,7320000.466931328
0.126,0.265,144.9,0.2046046793,250847,0.2652852137,0.086,0.224,50398,5533.0,7017.0,169,116690.0,86873.0,82.259084472,31413,13117,21572.841999999997,66474.455,31606.722,51324.469988367106,56189.728,20634444.562547784
0.229,0.341,342.6,0.1785442054,23504,0.2178352621,0.117,0.332,2839,584.0,1616.0,17,47706.0,7688.0,73.33132223,4595,13119,2749.9680000000003,8014.8640000000005,5382.416,4196.5030037216,7803.328,1723579.39769392
0.139,0.294,757.3,0.1718086842,1077402,0.2100283831,0.11,0.238,261068,44639.0,82593.0,2906,71504.0,364427.0,79.034859281,132710,13121,118514.22,316756.18799999997,149758.87800000003,185107.0199744484,256421.67599999998,85152315.45906796
0.212,0.323,188.1,0.1809091577,31978,0.1852836325,0.113,0.3,3249,562.0,1732.0,25,66066.0,9289.0,76.592981728,8499,13123,3613.514,10328.894,6779.336,5785.113044930599,9593.4,2449290.369697984
0.247,0.349,168.3,0.1812492784,2984,0.2094504021,0.117,0.337,413,51.0,329.0,0,50800.0,1250.0,73.973107316,557,13125,349.12800000000004,1041.416,737.048,540.8478467456,1005.6080000000001,220735.752230944
0.2,0.322,800.8,0.1718613954,85568,0.2114575542,0.114,0.318,11499,2605.0,6242.0,121,59286.0,30530.0,76.663969481,18310,13127,9754.752,27552.896,17113.600000000002,14705.8358815872,27210.624,6559982.540550208
0.219,0.374,388.2,0.1692496522,58780,0.2357774753,0.124,0.349,7132,1531.0,3327.0,36,54915.0,20744.0,74.943933346,9178,13129,7288.72,21983.72,12872.82,9948.494556316,20514.219999999998,4405204.40207788
0.225,0.392,519.6,0.160497834,24491,0.2464987138,0.139,0.357,3047,462.0,1801.0,7,54601.0,8117.0,75.979570533,4695,13131,3404.2490000000003,9600.472,5510.475,3930.752452494,8743.287,1860815.661923703
0.207,0.365,513.0,0.1715354578,18837,0.182194617,0.128,0.332,1564,417.0,1485.0,9,61857.0,5428.0,78.334360239,5646,13133,2411.136,6875.505,3899.259,3231.2134185786003,6253.884,1475584.3438220432
0.149,0.32,440.3,0.1814098262,942627,0.2639951964,0.118,0.294,167859,30544.0,53904.0,1175,73460.0,344496.0,80.598396887,102525,13135,111229.98599999999,301640.64,140451.42299999998,171001.8002414274,277132.338,75974225.06240216
0.205,0.324,302.2,0.1890311417,46047,0.2218168393,0.111,0.34,4636,1016.0,1649.0,20,61071.0,15386.0,76.832194631,8675,13137,5111.217,14919.228000000001,9439.635,8704.3169818599,15655.980000000001,3537892.066173657
0.18,0.338,374.7,0.1696330936,206591,0.2438295957,0.119,0.319,25247,4816.0,12154.0,195,67735.0,74735.0,78.776942759,33031,13139,24584.328999999998,69827.758,37186.38,35044.6704399176,65902.529,16274607.381524568
0.272,0.429,697.6,0.1462694107,8494,0.1496350365,0.176,0.421,662,223.0,695.0,4,36424.0,1985.0,72.316931506,2050,13141,1494.944,3643.926,2310.3680000000004,1242.4123744858,3575.9739999999997,614260.0162119641
0.23,0.34,278.6,0.184817058,30383,0.2404305039,0.108,0.327,3999,720.0,1631.0,18,51431.0,10693.0,73.008593475,5006,13143,3281.364,10330.220000000001,6988.09,5615.296673214,9935.241,2218220.095550925
0.173,0.324,363.3,0.206452831,36080,0.2151330377,0.097,0.255,5377,764.0,1169.0,8,81151.0,13489.0,79.234425709,6945,13145,3499.76,11689.92,6241.839999999999,7448.8181424800005,9200.4,2858778.07958072
0.237,0.347,324.4,0.1796158605,26406,0.2042717564,0.124,0.334,3241,616.0,851.0,8,52401.0,8356.0,77.270205883,6062,13147,3274.344,9162.882,6258.222,4742.936412363,8819.604000000001,2040397.056546498
0.242,0.347,251.6,0.1843999009,11973,0.2245051366,0.114,0.334,1197,334.0,696.0,3,51532.0,3987.0,74.298139535,2101,13149,1364.922,4154.630999999999,2897.466,2207.8200134757,3998.9820000000004,889571.6246525551
0.167,0.364,677.9,0.1575398113,239139,0.2513349976,0.122,0.294,37795,8521.0,16808.0,384,69620.0,89402.0,76.885243827,29384,13151,29174.958,87046.59599999999,39936.213,37673.912934470696,70306.866,18386260.323544953
0.179,0.349,637.3,0.1758953122,160110,0.2548685279,0.121,0.31,30755,3649.0,10327.0,263,69442.0,63144.0,76.541559972,21389,13153,19373.309999999998,55878.39,28659.69,28162.598436342,49634.1,12255069.16711692
0.249,0.372,541.6,0.1695206958,9387,0.205177373,0.138,0.363,1187,191.0,608.0,2,47492.0,3256.0,73.001364128,1735,13155,1295.4060000000002,3491.964,2337.363,1591.2907714746,3407.4809999999998,685263.8050695361
0.203,0.322,296.0,0.19518717,76199,0.2511712752,0.105,0.287,10991,1738.0,3143.0,38,70960.0,27112.0,76.63125835,11185,13157,8000.8949999999995,24536.078,15468.397,14873.06716683,21869.112999999998,5839225.25501165
0.233,0.351,316.5,0.1787977357,14483,0.2310294828,0.125,0.333,1489,334.0,921.0,6,57796.0,4800.0,75.740775338,2622,13159,1810.375,5083.532999999999,3374.539,2589.5276061431,4822.839,1096953.649220254
0.268,0.392,542.5,0.1591496293,15213,0.2584631565,0.147,0.392,1723,314.0,1246.0,1,44417.0,4865.0,73.598257861,2485,13161,2236.3109999999997,5963.496,4077.0840000000003,2421.1433105409,5963.496,1119650.296839393
0.257,0.422,742.1,0.1481029172,15267,0.2331171808,0.16,0.402,1426,449.0,1682.0,0,40333.0,5063.0,71.873275017,2895,13163,2442.7200000000003,6442.674,3923.619,2261.0872368923997,6137.334000000001,1097289.289684539
0.276,0.429,368.8,0.1484822662,8746,0.2011205122,0.167,0.425,865,200.0,998.0,1,38306.0,2308.0,74.10188257,1514,13165,1460.582,3752.034,2413.896,1298.6259001852,3717.0499999999997,648095.06495722
0.27,0.386,725.9,0.1728786965,9667,0.1866142547,0.142,0.385,743,198.0,730.0,1,36358.0,2528.0,74.141630932,1919,13167,1372.714,3731.462,2610.09,1671.2183590655002,3721.795,716727.146219644
0.213,0.355,327.1,0.178367208,28787,0.2272206204,0.117,0.316,4446,609.0,1728.0,10,64812.0,10543.0,77.885537906,5275,13169,3368.079,10219.385,6131.630999999999,5134.656816696,9096.692000000001,2242090.979700022
0.22,0.357,403.6,0.1758201509,19261,0.2078292924,0.12,0.321,2023,504.0,1016.0,14,55024.0,6167.0,73.752116423,3367,13171,2311.3199999999997,6876.177,4237.42,3386.4719264849,6182.781,1420539.5144234032
0.236,0.371,335.8,0.1708789594,10737,0.2399180404,0.133,0.359,1861,194.0,510.0,1,35215.0,3057.0,75.398207776,1588,13173,1428.0210000000002,3983.427,2533.932,1834.7273870778001,3854.5829999999996,809550.5568909121
0.239,0.404,820.3,0.1436915609,47512,0.2453064489,0.138,0.372,6183,1292.0,4706.0,107,46690.0,15180.0,73.147001957,8736,13175,6556.656000000001,19194.848,11355.368,6827.073441480799,17674.464,3475360.356980984
0.187,0.331,376.8,0.1942183483,30234,0.2612621552,0.106,0.281,5725,682.0,1764.0,8,74640.0,11315.0,75.437992943,4066,13177,3204.804,10007.454,5653.758,5871.9975425022,8495.754,2280792.278638662
0.216,0.374,1209.4,0.1664507528,63004,0.2786331027,0.144,0.346,13166,1601.0,5828.0,264,49788.0,23131.0,75.376358738,6296,13179,9072.576,23563.496,13608.864,10487.0632294112,21799.384,4749012.105928952
0.232,0.382,303.0,0.1709879895,8031,0.1850329971,0.128,0.345,785,190.0,581.0,3,47883.0,2734.0,77.898424137,2026,13181,1027.968,3067.842,1863.192,1373.2045436745,2770.6949999999997,625602.2442442471
0.22,0.37,250.5,0.1771029683,20171,0.2689504735,0.134,0.347,2928,357.0,1808.0,5,53841.0,5856.0,80.735867014,2120,13183,2702.914,7463.2699999999995,4437.62,3572.3439735793,6999.3369999999995,1628523.1735393938
0.203,0.365,934.4,0.1720795786,118268,0.2414516184,0.135,0.327,18506,3115.0,9989.0,215,48864.0,42689.0,75.28808111,15400,13185,15966.18,43167.82,24008.404000000002,20351.5076018648,38673.636,8904170.776717478
0.208,0.324,223.1,0.1896921366,34186,0.1705668987,0.104,0.305,3863,792.0,1139.0,31,63822.0,13054.0,77.464693783,6307,13187,3555.344,11076.264000000001,7110.688,6484.8153818076,10426.73,2648208.021665638
0.247,0.382,835.2,0.1651189576,21162,0.2474718836,0.14,0.361,2219,679.0,2883.0,14,48392.0,7669.0,73.063116625,3959,13189,2962.6800000000003,8083.884,5227.014,3494.2473807312,7639.482,1546161.67401825
0.219,0.365,452.1,0.171338439,14387,0.1536108987,0.125,0.334,1230,340.0,454.0,22,48097.0,5202.0,80.662134782,4166,13191,1798.375,5251.255,3150.753,2465.046121893,4805.258000000001,1160486.133108634
0.26,0.423,517.5,0.1500459443,12712,0.1827407174,0.174,0.415,1269,311.0,1485.0,2,35997.0,3445.0,73.192876452,2373,13193,2211.888,5377.1759999999995,3305.12,1907.3840439416,5275.48,930427.845457824
0.218,0.358,307.9,0.1854294896,30457,0.2304232196,0.114,0.324,3899,670.0,2366.0,6,50619.0,10897.0,75.630558671,5436,13195,3472.098,10903.606,6639.626,5647.6259647472,9868.068000000001,2303479.925442647
0.234,0.367,478.5,0.1679471657,8516,0.2016204791,0.139,0.357,1026,163.0,496.0,0,46792.0,2573.0,76.314289991,1792,13197,1183.7240000000002,3125.372,1992.7440000000001,1430.2380631012002,3040.212,649892.493563356
0.25,0.393,557.5,0.1652285913,21164,0.207994708,0.143,0.375,2231,755.0,1973.0,19,45095.0,6910.0,73.253697145,4462,13199,3026.4519999999998,8317.452000000001,5291.0,3496.8979062732,7936.5,1550341.24637678
0.237,0.379,559.6,0.169365961,5622,0.2271433654,0.13,0.349,877,112.0,372.0,2,51855.0,1958.0,69.453945131,1254,13201,730.86,2130.738,1332.414,952.175432742,1962.078,390470.079526482
0.254,0.432,722.7,0.1519391588,21602,0.2192852514,0.156,0.405,2619,538.0,2410.0,98,38256.0,6472.0,72.746363911,3769,13205,3369.912,9332.064,5486.908,3282.1897083976,8748.810000000001,1571466.953205422
0.204,0.317,282.8,0.1789836084,28042,0.2049069253,0.108,0.291,3416,650.0,1215.0,11,65599.0,10295.0,76.554208557,5555,13207,3028.536,8889.314,5720.567999999999,5019.0583467527995,8160.222,2146733.116355394
0.232,0.369,512.4,0.1724176329,9012,0.1967376831,0.129,0.345,1079,210.0,461.0,6,47074.0,2780.0,74.893894476,1629,13209,1162.548,3325.428,2090.784,1553.8277076948,3109.14,674943.777017712
0.196,0.333,394.3,0.1951695418,19636,0.2226013445,0.104,0.29,2334,497.0,852.0,4,68343.0,6810.0,77.105779492,4110,13211,2042.144,6538.7880000000005,3848.656,3832.3491227848003,5694.44,1514049.086104912
0.233,0.365,396.5,0.1689847276,40032,0.2409322542,0.122,0.351,4643,1159.0,2338.0,5,58761.0,15295.0,75.048279978,6217,13213,4883.9039999999995,14611.68,9327.456,6764.7966152832,14051.232,3004332.744079296
0.207,0.378,944.5,0.1639257174,196442,0.2465358732,0.137,0.333,37284,6049.0,20100.0,646,44959.0,66585.0,73.543413469,27773,13215,26912.554000000004,74255.076,40663.494,32201.8957774908,65415.186,14447015.228677299
0.205,0.373,798.3,0.1743213217,113295,0.2559336246,0.131,0.34,15799,3699.0,7929.0,114,62183.0,39490.0,75.679657231,15389,13217,14841.645,42259.034999999996,23225.475,19749.7341420015,38520.3,8574126.765986145
0.136,0.28,124.1,0.202001463,41124,0.262109717,0.084,0.218,7477,721.0,1695.0,100,104519.0,15011.0,80.554969414,6687,13219,3454.416,11514.720000000001,5592.8640000000005,8307.108164412,8965.032,3312742.562181336
0.225,0.36,255.6,0.1776034673,15383,0.2044464669,0.119,0.338,1429,327.0,1002.0,2,55678.0,6044.0,78.152577378,3022,13221,1830.577,5537.88,3461.175,2732.0741374759,5199.454000000001,1202221.097805774
0.184,0.339,332.6,0.1845703295,173359,0.2561966786,0.106,0.294,30016,4595.0,7724.0,104,77755.0,65058.0,78.454263093,19661,13223,18376.054,58768.701,31898.056,31996.9277517905,50967.545999999995,13600752.595539385
0.215,0.373,1023.7,0.1651283647,27950,0.2070125224,0.138,0.352,3848,730.0,1931.0,30,51531.0,8778.0,73.268606835,4678,13225,3857.1000000000004,10425.35,6009.25,4615.337793365,9838.4,2047857.56103825
0.2,0.307,211.7,0.2048307486,33127,0.192471398,0.096,0.278,3527,717.0,936.0,25,69781.0,10866.0,77.706817801,7557,13227,3180.192,10169.989,6625.400000000001,6785.4282088722,9209.306,2574193.753293727
0.241,0.372,405.9,0.1737246262,19522,0.2444421678,0.123,0.345,2304,385.0,1488.0,4,51696.0,6789.0,73.274556165,3445,13229,2401.206,7262.184,4704.802,3391.4521526764,6735.089999999999,1430465.8854531301
0.206,0.322,269.0,0.2014965767,19121,0.2311594582,0.099,0.283,2597,432.0,568.0,9,64986.0,6749.0,75.148428886,3150,13231,1892.979,6156.962,3938.926,3852.8160430807,5411.2429999999995,1436913.108729206
0.234,0.349,624.2,0.1752341521,42840,0.2525676937,0.127,0.356,4921,1092.0,3291.0,29,51040.0,15133.0,73.321200698,6828,13233,5440.68,14951.16,10024.560000000001,7507.031075964001,15251.039999999999,3141080.23790232
0.227,0.36,772.2,0.1608302858,11191,0.1790724689,0.129,0.341,1435,179.0,913.0,2,44019.0,3534.0,78.969613313,2601,13235,1443.6390000000001,4028.7599999999998,2540.357,1799.8517283878,3816.1310000000003,883748.942585783
0.208,0.344,569.6,0.1711557316,22520,0.1947602131,0.119,0.326,2274,539.0,1470.0,8,56104.0,6698.0,77.638127869,5662,13237,2679.8799999999997,7746.879999999999,4684.16,3854.427075632,7341.52,1748410.63960988
0.266,0.394,869.9,0.1498943326,2271,0.1822985469,0.153,0.402,185,52.0,142.0,0,37735.0,601.0,70.574157782,729,13239,347.46299999999997,894.774,604.086,340.41002933460004,912.942,160273.912322922
0.215,0.35,122.5,0.179274524,17273,0.1623342789,0.113,0.325,1868,384.0,590.0,24,53038.0,4693.0,77.517447777,4951,13241,1951.8490000000002,6045.549999999999,3713.695,3096.6088530519996,5613.725,1338958.875452121
0.28,0.442,663.9,0.1364240052,6682,0.2012870398,0.183,0.425,832,147.0,1197.0,7,36064.0,1570.0,74.683370151,1749,13243,1222.806,2953.444,1870.9600000000003,911.5852027464,2839.85,499034.27934898203
0.215,0.39,1301.6,0.1796776121,202079,0.2250901875,0.15,0.362,33445,6463.0,23689.0,654,43942.0,68044.0,73.188272427,30123,13245,30311.85,78810.81,43446.985,36309.0721755559,73152.598,14789812.903775733
0.183,0.384,789.9,0.1581100533,90939,0.2408537591,0.134,0.313,12594,3332.0,9146.0,149,61332.0,32233.0,76.653508273,13897,13247,12185.826000000001,34920.576,16641.837,14378.3701370487,28463.907,6970793.388838347
0.218,0.347,228.3,0.1762802728,5196,0.2355658199,0.122,0.328,787,93.0,265.0,0,53163.0,1828.0,80.285100524,932,13249,633.912,1803.012,1132.728,915.9522974688,1704.288,417161.382322704
0.248,0.385,529.9,0.1674650224,14012,0.20746503,0.139,0.361,1601,412.0,1248.0,5,44061.0,4626.0,73.98585425,2833,13251,1947.6680000000001,5394.62,3474.976,2346.5198938688,5058.331999999999,1036689.789751
0.234,0.371,704.6,0.1633155521,8060,0.2016129032,0.133,0.348,1001,155.0,835.0,2,41778.0,2370.0,73.454122062,1944,13253,1071.98,2990.2599999999998,1886.0400000000002,1316.323349926,2804.8799999999997,592040.22381972
0.223,0.39,622.2,0.1668077691,67414,0.2334084908,0.13,0.357,7119,2149.0,6063.0,104,51019.0,23229.0,74.140973756,12729,13255,8763.82,26291.46,15033.322,11245.1789461074,24066.798,4998139.604786984
0.215,0.349,370.3,0.1873460657,26107,0.2248822155,0.11,0.31,2515,669.0,1291.0,23,46626.0,8898.0,72.748527187,5281,13257,2871.77,9111.342999999999,5613.005,4891.0437372299,8093.17,1899245.799271009
0.244,0.411,483.3,0.1546039561,6689,0.1025564359,0.187,0.433,780,142.0,399.0,1,40205.0,1366.0,73.813574299,996,13259,1250.843,2749.1789999999996,1632.116,1034.1458623529,2896.337,493738.998486011
0.233,0.416,907.7,0.1519793242,29282,0.2252578376,0.153,0.379,3754,924.0,3084.0,64,42653.0,9772.0,73.515723031,5159,13261,4480.146,12181.312,6822.706,4450.2585712244,11097.878,2152687.4017937416
0.249,0.409,258.3,0.1519049954,6143,0.1621357643,0.156,0.38,572,189.0,644.0,2,44458.0,2214.0,74.261294941,1627,13263,958.308,2512.4869999999996,1529.607,933.1523867422,2334.34,456187.13482256304
0.257,0.395,,0.1548089031,1562,0.1709346991,0.156,0.398,101,38.0,77.0,0,28004.0,503.0,,452,13265,243.672,616.99,401.434,241.81150664220002,621.676,
0.247,0.375,609.0,0.1672286899,25365,0.2030751035,0.146,0.378,2831,414.0,2052.0,4,45191.0,5966.0,75.865401269,3880,13267,3703.29,9511.875,6265.155,4241.7557193135,9587.97,1924325.903188185
0.271,0.399,548.6,0.1548859375,8074,0.2018825861,0.154,0.39,911,183.0,591.0,2,38783.0,2531.0,75.641493289,1766,13269,1243.396,3221.5260000000003,2188.054,1250.5490593749998,3148.86,610729.4168153859
0.251,0.41,504.4,0.1618550808,15781,0.156707433,0.167,0.421,932,374.0,983.0,1,38161.0,4496.0,76.946769958,3054,13271,2635.427,6470.21,3961.031,2554.2350301048,6643.8009999999995,1214296.976707198
0.26,0.424,2039.6,0.1507314075,8523,0.2276193828,0.165,0.402,954,262.0,772.0,0,39433.0,2602.0,72.644942787,1748,13273,1406.295,3613.752,2215.98,1284.6837861225,3426.246,619152.847373601
0.214,0.373,704.1,0.1621085673,44372,0.2360272244,0.13,0.339,6682,1056.0,4032.0,110,57969.0,15584.0,74.722076533,8481,13275,5768.360000000001,16550.756,9495.608,7193.081348235601,15042.108,3315567.9799222765
0.228,0.365,762.7,0.1638730185,40719,0.2464205899,0.137,0.359,5384,1037.0,3702.0,33,45093.0,15306.0,73.744816931,6379,13277,5578.503000000001,14862.435,9283.932,6672.7454403015,14618.121,3002815.2006133893
0.232,0.382,775.3,0.1632847859,26973,0.2615949283,0.14,0.369,2936,794.0,2065.0,15,42165.0,8551.0,73.288344229,4646,13279,3776.2200000000003,10303.686,6257.736,4404.2805300807,9953.037,1976806.5088888172
0.199,0.317,124.6,0.1949119889,12247,0.1271331755,0.099,0.284,951,256.0,455.0,4,43640.0,3538.0,78.977729792,4329,13281,1212.453,3882.299,2437.1530000000002,2387.0871280583,3478.1479999999997,967240.256762624
0.266,0.39,333.3,0.1644881338,6822,0.2280856054,0.143,0.389,580,163.0,560.0,1,40834.0,2037.0,74.862846122,1260,13283,975.5459999999999,2660.58,1814.652,1122.1380487836,2653.7580000000003,510714.33624428394
0.227,0.364,755.1,0.1764324832,70214,0.2420742302,0.134,0.355,9513,2721.0,6299.0,102,51799.0,25126.0,74.444050138,10971,13285,9408.676000000001,25557.896,15938.578000000001,12388.0303754048,24925.969999999998,5227014.536389532
0.254,0.414,1127.1,0.1575171273,7882,0.2491753362,0.152,0.384,947,236.0,894.0,1,46042.0,2362.0,72.443823733,1508,13287,1198.064,3263.1479999999997,2002.028,1241.5499973786,3026.688,571002.218663506
0.249,0.373,357.1,0.1662418846,8103,0.1901764778,0.141,0.375,1107,207.0,547.0,0,46444.0,2557.0,71.353294622,1918,13289,1142.523,3022.419,2017.647,1347.0579909138,3038.625,578175.746322066
0.205,0.313,77.5,0.1927492554,25358,0.1508399716,0.097,0.302,1879,458.0,711.0,21,50653.0,6545.0,78.937435847,8765,13291,2459.726,7937.054,5198.389999999999,4887.7356184332,7658.116,2001695.4982082262
0.244,0.373,607.9,0.169542205,26527,0.223696611,0.132,0.356,3469,750.0,1821.0,8,48233.0,9599.0,71.192081666,5028,13293,3501.5640000000003,9894.571,6472.588,4497.446072035,9443.612,1888512.3503539823
0.234,0.322,311.1,0.1841166566,70116,0.2129613783,0.108,0.333,9469,1495.0,4281.0,44,49388.0,24201.0,74.8459737,13552,13295,7572.528,22577.352,16407.144,12909.5234941656,23348.628,5247900.2919492
0.206,0.341,301.3,0.1876255196,96875,0.2402374194,0.11,0.314,13528,2441.0,6312.0,81,71390.0,34800.0,76.190901551,15704,13297,10656.25,33034.375,19956.25,18176.222211250002,30418.75,7380993.587753125
0.248,0.385,853.5,0.1570387297,35826,0.245827053,0.14,0.375,4168,852.0,3268.0,58,39994.0,11348.0,72.393440639,6387,13299,5015.64,13793.01,8884.848,5626.069530232199,13434.75,2593567.4043328143
0.26,0.418,704.2,0.1482614291,5232,0.1997324159,0.165,0.397,546,179.0,603.0,1,40422.0,1883.0,73.10657629,1208,13301,863.2800000000001,2186.976,1360.32,775.7037970512,2077.1040000000003,382493.60714928
0.246,0.408,932.6,0.1632896868,20150,0.2153349876,0.151,0.377,2511,445.0,2160.0,6,43309.0,5946.0,74.516736518,3664,13303,3042.65,8221.199999999999,4956.9,3290.28718902,7596.55,1501512.2408377
0.242,0.354,621.5,0.1743476545,30023,0.2377510575,0.13,0.358,3347,646.0,2009.0,8,48885.0,9047.0,73.30603154,4959,13305,3902.9900000000002,10628.142,7265.566,5234.4396310535,10748.234,2200866.98492542
0.228,0.38,537.0,0.1661308236,2595,0.1838150289,0.139,0.354,282,57.0,158.0,0,45381.0,845.0,79.08002727,630,13307,360.70500000000004,986.1,591.66,431.109487242,918.63,205212.67076565
0.26,0.408,420.1,0.169623666,7751,0.1619145917,0.153,0.398,820,116.0,565.0,0,36671.0,2539.0,78.261218801,1208,13309,1185.903,3162.408,2015.26,1314.753035166,3084.898,606602.706926551
0.2,0.303,162.3,0.2030998307,31094,0.1955682768,0.096,0.276,3063,706.0,1395.0,24,58831.0,11055.0,78.124217174,7254,13311,2985.024,9421.482,6218.8,6315.186135785801,8581.944000000001,2429194.4088083557
0.206,0.342,445.4,0.1540228688,103837,0.2549669193,0.131,0.347,11665,3138.0,7439.0,126,56249.0,39691.0,77.172716746,15271,13313,13602.647,35512.254,21390.422,15993.272627585598,36031.439,8013383.388754402
0.251,0.407,509.6,0.1729328718,8502,0.1865443425,0.147,0.382,937,156.0,751.0,3,40856.0,2288.0,75.170122608,1605,13315,1249.7939999999999,3460.314,2134.002,1470.2752760436,3247.764,639096.382413216
0.24,0.383,511.4,0.1555693551,9694,0.2044563648,0.146,0.375,748,248.0,731.0,2,42071.0,3121.0,75.214370312,2344,13317,1415.3239999999998,3712.802,2326.56,1508.0893283394,3635.25,729128.105804528
0.244,0.385,871.1,0.1620796983,8812,0.2195869269,0.142,0.371,946,203.0,759.0,4,44068.0,2835.0,73.225832417,1837,13319,1251.3039999999999,3392.62,2150.128,1428.2463014195998,3269.252,645266.0352586041
0.236,0.37,503.8,0.1682868121,19972,0.2189565392,0.127,0.356,2185,475.0,1963.0,2,47907.0,7443.0,74.163735334,4005,13321,2536.444,7389.64,4713.392,3361.0242112612,7110.031999999999,1481198.122090648
0.1290663099,0.255,571.6,0.2068262387,1407006,0.2102464382,0.093,0.239,264204,75395.0,67613.0,3915,86878.0,472098.0,82.258267591,275080,15000,130851.558,358786.53,181597.0724271594,291005.7588083322,336274.434,115737876.05014256
0.176,0.252,373.7,0.2252018353,203340,0.2117340415,0.095,0.249,28783,10133.0,11050.0,653,70313.0,61657.0,80.969820676,45787,15001,19317.3,51241.68,35787.84,45792.541189902,50631.659999999996,16464403.33625784
0.136,0.254,656.6,0.2078210633,963826,0.2088509752,0.097,0.251,198630,44779.0,44406.0,2769,89584.0,322111.0,82.377941948,181138,15003,93491.122,244811.804,131080.336,200303.3441561858,241920.326,79398002.27597305
0.149,0.267,0.0,0.1762154912,87,0.0,0.102,0.198,163,,,0,,,,44,15005,8.873999999999999,23.229000000000003,12.963,15.3307477344,17.226,
0.147,0.249,336.1,0.2281592775,71851,0.2153623471,0.097,0.251,10925,5719.0,3544.0,150,80517.0,26888.0,82.347674913,15308,15007,6969.5470000000005,17890.899,10562.097,16393.472247652502,18034.601,5916762.790173964
0.155,0.239,415.7,0.2340701357,167902,0.2143750521,0.093,0.242,25703,14764.0,8613.0,340,80763.0,61047.0,82.895809887,32803,15009,15614.886,40128.578,26024.81,39300.8439243014,40632.284,13918372.271647073
0.1585272619,0.295,384.0,0.1955761825,1826913,0.2468880565,0.092,0.233,297195,47789.0,75639.0,4197,62603.0,628094.0,79.18547074,305994,16000,168075.99599999998,538939.335,289615.5156195147,357300.6702996225,425670.72900000005,144664965.90602562
0.132,0.284,457.4,0.2215694967,494399,0.2270291809,0.085,0.211,101000,13893.0,20026.0,1562,73324.0,187364.0,80.811282764,76757,16001,42023.915,140409.316,65260.668000000005,109543.73759898331,104318.189,39953017.38723884
0.183,0.303,,0.1860087445,4447,0.1686530245,0.09,0.244,354,164.0,99.0,3,49967.0,1064.0,80.905482649,1376,16003,400.22999999999996,1347.441,813.8009999999999,827.1808867914999,1085.068,359786.68134010304
0.176,0.355,365.6,0.1890649824,88795,0.2553409539,0.099,0.268,15633,2065.0,4359.0,378,54538.0,27868.0,76.942462937,13447,16005,8790.705,31522.225,15627.919999999998,16788.025112208,23797.06,6832105.996490915
0.175,0.302,146.9,0.1773680549,6143,0.2645287319,0.093,0.253,778,129.0,283.0,5,55689.0,1913.0,78.291621944,1307,16007,571.299,1855.186,1075.0249999999999,1089.5719612507,1554.179,480945.433601992
0.21,0.3,301.1,0.1871034035,9430,0.2185577943,0.102,0.264,871,310.0,483.0,22,53014.0,2787.0,74.750534279,2204,16009,961.8599999999999,2829.0,1980.3,1764.3850950049998,2489.52,704897.53825097
0.162,0.344,222.2,0.1712450468,47202,0.299139867,0.108,0.261,6592,916.0,2745.0,65,65658.0,14982.0,76.656259289,6980,16011,5097.816,16237.488,7646.724,8083.1086990536,12319.722,3618328.750959378
0.136,0.281,212.8,0.190561091,23426,0.2038760352,0.092,0.232,2632,987.0,1682.0,49,76301.0,8984.0,85.245953475,4855,16013,2155.192,6582.706000000001,3185.936,4464.0841177659995,5434.832,1996971.7061053498
0.158,0.298,166.0,0.1949185588,8065,0.1562306262,0.086,0.219,837,288.0,154.0,8,55583.0,2222.0,81.793218078,2239,16015,693.5899999999999,2403.37,1274.27,1572.018176722,1766.235,659662.30379907
0.185,0.268,190.2,0.2070851447,46817,0.1928359357,0.091,0.248,5359,1592.0,1516.0,100,55241.0,13636.0,79.626377804,12180,16017,4260.347,12546.956,8661.145,9695.1052194199,11610.616,3727868.1296498682
0.157,0.311,319.2,0.1670610562,122134,0.3034535838,0.092,0.245,20850,2347.0,6534.0,386,67294.0,41380.0,77.185664599,16768,16019,11236.328,37983.674,19175.038,20403.8350379308,29922.829999999998,9426993.960134266
0.199,0.307,147.0,0.1893011278,12656,0.2307996207,0.097,0.26,1151,339.0,644.0,19,52193.0,3568.0,79.487003984,3043,16021,1227.632,3885.392,2518.5440000000003,2395.7950734368,3290.56,1005987.522421504
0.188,0.341,,0.1737632709,2646,0.2320483749,0.099,0.271,440,50.0,88.0,1,52081.0,701.0,77.072937398,671,16023,261.954,902.2860000000001,497.448,459.7776148014,717.066,203934.99235510797
0.19,0.33,361.7,0.1787571696,1130,0.2230088496,0.102,0.275,142,33.0,29.0,0,59409.0,337.0,,264,16025,115.25999999999999,372.90000000000003,214.7,201.995601648,310.75,
0.177,0.366,579.9,0.1783440272,237053,0.2725803934,0.119,0.299,32769,6218.0,9838.0,422,57886.0,77372.0,78.748244373,34261,16027,28209.306999999997,86761.398,41958.381,42276.986679841604,70878.847,18667507.57335277
0.186,0.326,111.8,0.1919047532,7123,0.2823248631,0.093,0.25,1037,148.0,195.0,3,63719.0,2391.0,78.688746965,1275,16029,662.439,2322.098,1324.878,1366.9375570436,1780.75,560499.944631695
0.16,0.353,403.7,0.1629242168,24277,0.3102113111,0.111,0.303,3379,454.0,1126.0,33,64591.0,8509.0,77.538347935,3564,16031,2694.747,8569.780999999999,3884.32,3955.3112112536,7355.931,1882398.4728179951
0.185,0.352,,0.1538521439,852,0.2300469484,0.133,0.346,82,15.0,10.0,0,52182.0,241.0,,167,16033,113.316,299.904,157.62,131.0820266028,294.792,
0.195,0.305,365.5,0.2098157429,8846,0.1540809405,0.096,0.244,1001,249.0,148.0,11,45377.0,2215.0,79.387969209,2527,16035,849.216,2698.0299999999997,1724.97,1856.0300616933998,2158.424,702265.975622814
0.184,0.297,92.7,0.1755202635,4249,0.1678041892,0.094,0.266,436,112.0,66.0,3,53278.0,849.0,79.008821925,1346,16037,399.406,1261.953,781.816,745.7855996115,1130.2340000000002,335708.484359325
0.184,0.329,745.2,0.181980028,27448,0.2495263771,0.109,0.288,4960,576.0,1545.0,43,49450.0,9911.0,78.111268321,3926,16039,2991.832,9030.392,5050.432,4994.987808544,7905.023999999999,2143998.092874808
0.163,0.304,151.3,0.1701931317,14215,0.3093914879,0.089,0.264,1455,253.0,188.0,8,65396.0,5010.0,79.177611461,2079,16041,1265.135,4321.36,2317.045,2419.2953671155,3752.76,1125509.746918115
0.173,0.327,76.3,0.1780593495,13218,0.2419428053,0.101,0.266,1729,288.0,352.0,9,58658.0,4113.0,79.669681604,2378,16043,1335.018,4322.286,2286.714,2353.5884816909997,3515.9880000000003,1053073.851441672
0.182,0.347,375.4,0.1890643703,18703,0.2262203925,0.097,0.283,1646,498.0,875.0,21,60526.0,6180.0,77.032369189,4258,16045,1814.191,6489.941,3403.946,3536.0709177209,5292.949,1440736.400941867
0.174,0.358,270.1,0.1752491078,15618,0.2695607632,0.114,0.297,1466,312.0,822.0,21,57728.0,5419.0,78.481531005,2887,16047,1780.452,5591.244,2717.5319999999997,2737.0405656204,4638.545999999999,1225724.55123609
0.195,0.309,132.0,0.2160723338,16823,0.1934256672,0.099,0.289,1799,449.0,361.0,17,51201.0,4425.0,80.022402302,4895,16049,1665.477,5198.307,3280.485,3634.9848715174,4861.847,1346216.873926546
0.152,0.323,117.2,0.1709697638,30581,0.3294202282,0.087,0.235,5402,483.0,757.0,8,66806.0,10063.0,79.461842643,3729,16051,2660.547,9877.663,4648.312,5228.4263467678,7186.535,2430022.609865583
0.177,0.309,454.7,0.1688895527,24578,0.2996989177,0.119,0.32,2739,487.0,1404.0,7,57342.0,8834.0,79.432532909,3321,16053,2924.7819999999997,7594.602,4350.306,4150.9674262606,7864.96,1952292.793837402
0.174,0.306,348.8,0.197408258,170628,0.2244649178,0.087,0.229,27574,5632.0,6381.0,352,66959.0,58717.0,79.142620627,33680,16055,14844.635999999999,52212.168,29689.271999999997,33683.376246024,39073.812,13503947.072343756
0.151,0.285,436.3,0.208184376,40830,0.1822434484,0.085,0.21,7906,938.0,828.0,70,59834.0,12831.0,82.795092473,5999,16057,3470.55,11636.55,6165.33,8500.16807208,8574.3,3380523.62567259
0.184,0.332,49.8,0.1993100733,8054,0.1814005463,0.089,0.237,1055,243.0,210.0,11,48908.0,2280.0,77.382452083,2565,16059,716.8059999999999,2673.9280000000003,1481.936,1605.2433303582,1908.798,623238.269076482
0.205,0.341,286.6,0.1925038877,3838,0.2183428869,0.108,0.292,437,128.0,143.0,4,52255.0,1025.0,76.312545136,1089,16061,414.504,1308.758,786.79,738.8299209925999,1120.696,292887.548231968
0.183,0.354,223.6,0.1623108032,5358,0.2687569989,0.122,0.317,628,156.0,368.0,1,58806.0,1935.0,76.165926724,818,16063,653.6759999999999,1896.732,980.514,869.6612835456,1698.486,408097.03538719204
0.163,0.361,82.7,0.1239743739,40318,0.265563768,0.108,0.255,7941,606.0,628.0,67,53727.0,12446.0,79.400034018,3036,16065,4354.344,14554.797999999999,6571.834,4998.3988069002,10281.09,3201250.5715377238
0.169,0.336,432.5,0.1546619121,21216,0.2882258673,0.123,0.321,2459,448.0,1078.0,9,56022.0,7546.0,77.524543631,3461,16067,2609.5679999999998,7128.576,3585.5040000000004,3281.3071271136,6810.336,1644760.717675296
0.175,0.329,289.5,0.1826550302,40755,0.2125383389,0.096,0.251,6189,1013.0,1853.0,117,57839.0,15276.0,77.119113318,8450,16069,3912.48,13408.395,7132.125,7444.105755801001,10229.505,3142989.4632750903
0.174,0.304,88.3,0.1758067024,4520,0.2719026549,0.089,0.273,535,98.0,101.0,6,69357.0,1447.0,78.440345449,934,16071,402.28,1374.08,786.4799999999999,794.6462948479999,1233.96,354550.36142948
0.187,0.326,448.3,0.1695008476,12133,0.249979395,0.118,0.319,1134,327.0,665.0,3,53910.0,3616.0,77.694755032,2197,16073,1431.694,3955.358,2268.871,2056.5537839308,3870.427,942670.462803256
0.175,0.323,329.8,0.1809427029,24771,0.2566307376,0.104,0.285,2817,632.0,896.0,31,60177.0,8802.0,77.195458155,4750,16075,2576.1839999999997,8001.033,4334.924999999999,4482.1316935359,7059.735,1912208.6939575048
0.169,0.366,195.3,0.1639633205,7643,0.3053774696,0.116,0.303,726,168.0,354.0,4,45404.0,2476.0,78.113892683,1275,16077,886.5880000000001,2797.3379999999997,1291.6670000000001,1253.1716585815,2315.8289999999997,597024.481776169
0.226,0.333,163.0,0.1744081266,12911,0.2019208427,0.108,0.315,1348,498.0,811.0,16,44336.0,3789.0,75.933859775,3137,16079,1394.388,4299.363,2917.886,2251.7833225326,4066.965,980382.063555025
0.133,0.257,123.5,0.2064684893,12501,0.2324614031,0.083,0.197,2719,376.0,407.0,12,74935.0,4393.0,83.47821299,1641,16081,1037.583,3212.757,1662.633,2581.0625847393,2462.697,1043561.14058799
0.166,0.341,457.0,0.161124995,88411,0.2691972718,0.106,0.287,14581,2167.0,3781.0,258,54995.0,32962.0,77.222108878,14359,16083,9371.565999999999,30148.151,14676.226,14245.221932945,25373.957,6827283.868012858
0.15,0.245,263.3,0.1987056232,11792,0.1780868385,0.079,0.204,1484,448.0,213.0,24,62600.0,3590.0,84.968120913,3172,16085,931.568,2889.04,1768.8,2343.1367087743997,2405.5679999999998,1001944.0818060961
0.183,0.337,176.6,0.179895239,10360,0.2237451737,0.112,0.308,1123,256.0,593.0,7,49186.0,2625.0,78.225027577,2727,16087,1160.32,3491.32,1895.8799999999999,1863.71467604,3190.88,810411.28569772
0.1483168683,0.315,639.3,0.2294580757,12587530,0.2206920659,0.1,0.251,2401521,591615.0,710917.0,33822,71243.0,4385276.0,78.615341515,2089234,17000,1258753.0,3965071.95,1866943.029232299,2888310.4116160213,3159470.03,989572969.7803079
0.192,0.332,431.0,0.2232051507,64783,0.224719448,0.091,0.255,10406,1972.0,2785.0,186,57434.0,27161.0,77.831359768,13616,17001,5895.253,21507.956000000002,12438.336000000001,14459.8992777981,16519.665,5042148.979850344
0.235,0.411,798.5,0.1965700008,5497,0.2059305075,0.131,0.339,527,188.0,674.0,27,38315.0,1562.0,70.483625942,1382,17003,720.1070000000001,2259.267,1291.7949999999998,1080.5452943976,1863.4830000000002,387448.491803174
0.195,0.365,334.8,0.2243695908,16262,0.1884147091,0.099,0.275,2523,512.0,559.0,25,58209.0,5666.0,78.389115495,3271,17005,1609.938,5935.63,3171.09,3648.6982855896,4472.05,1274763.79617969
0.168,0.343,371.7,0.2230017125,52777,0.2395930045,0.099,0.279,7373,2860.0,2556.0,21,82318.0,20642.0,79.254655193,8770,17007,5224.923000000001,18102.511000000002,8866.536,11769.3613806125,14724.783000000001,4182822.9371209615
0.208,0.379,,0.2273733393,6546,0.1614726551,0.109,0.297,1013,115.0,198.0,21,52277.0,1870.0,78.942746172,955,17009,713.514,2480.934,1361.568,1488.3858790578001,1944.1619999999998,516759.216441912
0.183,0.352,370.8,0.2287793472,32303,0.2096709284,0.097,0.282,4330,1239.0,1532.0,21,57728.0,12956.0,78.118202516,7445,17011,3133.391,11370.655999999999,5911.449,7390.259252601601,9109.446,2523452.295874348
0.205,0.355,84.4,0.2396429587,4616,0.1971403813,0.09,0.272,631,169.0,97.0,0,61648.0,1593.0,80.373788978,1148,17013,415.44,1638.6799999999998,946.28,1106.1918973591999,1255.5520000000001,371005.409922448
0.191,0.35,244.7,0.2402501919,14241,0.1950705709,0.091,0.267,1789,532.0,407.0,20,53965.0,5326.0,78.070253067,3778,17015,1295.931,4984.349999999999,2720.031,3421.4029828478997,3802.347,1111798.473927147
0.201,0.379,337.5,0.2094706573,11925,0.2436897275,0.11,0.317,1443,387.0,577.0,77,54205.0,4613.0,76.383976267,2205,17017,1311.75,4519.575,2396.925,2497.9375883025,3780.225,910878.916983975
0.16,0.361,909.4,0.1983371495,209192,0.1886448813,0.101,0.253,42493,6993.0,11150.0,618,64387.0,70437.0,80.125566438,28658,17019,21128.392,75518.31199999999,33470.72,41490.544978204,52925.576,16761627.494298097
0.208,0.36,281.7,0.2369617835,32075,0.2007482463,0.096,0.29,4483,1101.0,1376.0,21,56656.0,12312.0,76.501777042,6684,17021,3079.2000000000003,11547.0,6671.599999999999,7600.5492057625,9301.75,2453794.49862215
0.202,0.361,285.0,0.2303711947,15268,0.2224914855,0.092,0.271,2377,579.0,660.0,4,59633.0,5836.0,76.062030851,3155,17023,1404.656,5511.748,3084.1360000000004,3517.3074006796,4137.628000000001,1161315.087033068
0.219,0.359,212.4,0.2188961317,13079,0.2280755409,0.101,0.287,1801,585.0,495.0,20,59602.0,5139.0,76.516034877,2756,17025,1320.979,4695.361,2864.301,2862.9425065043,3753.673,1000753.2201562829
0.187,0.345,255.6,0.245541538,37398,0.2119097278,0.089,0.252,6702,1154.0,1505.0,20,71883.0,14863.0,80.156195107,6777,17027,3328.422,12902.31,6993.426,9182.762438124,9424.296,2997681.384611586
0.206,0.362,705.2,0.2171732124,50383,0.1775201953,0.1,0.272,8001,1716.0,2363.0,204,46900.0,18331.0,77.741019104,9138,17029,5038.3,18238.646,10378.898,10941.837960349201,13704.176000000001,3916825.765516832
0.146,0.292,881.8,0.2366883268,5108284,0.2143657244,0.106,0.257,1121068,281454.0,335722.0,16279,71611.0,1502764.0,78.603238525,792111,17031,541478.1039999999,1491618.9279999998,745809.4639999999,1209071.192779211,1312828.9880000001,401527665.70544106
0.204,0.365,192.9,0.2352559789,18512,0.1990060501,0.097,0.276,3134,590.0,613.0,39,57632.0,6671.0,78.935856899,3689,17033,1795.664,6756.88,3776.448,4355.0586813968,5109.312000000001,1461260.582914288
0.211,0.354,287.9,0.2292668504,10649,0.2237768805,0.095,0.277,1577,338.0,193.0,4,68683.0,4643.0,79.694495253,2206,17035,1011.655,3769.7459999999996,2246.939,2441.4626899096,2949.773,848666.679949197
0.171,0.358,610.1,0.2280546668,104491,0.2124106382,0.099,0.272,18265,4353.0,5397.0,298,68546.0,41229.0,78.703169843,13972,17037,10344.609,37407.778,17867.961000000003,23829.6601885988,28421.552000000003,8223772.920064913
0.198,0.356,306.9,0.2322776389,15368,0.2098516398,0.092,0.276,2367,464.0,644.0,5,65526.0,6622.0,74.852608969,3094,17039,1413.856,5471.008,3042.864,3569.6427546152,4241.568,1150334.8946355921
0.207,0.357,308.2,0.2224378219,19510,0.2444900051,0.101,0.298,2643,562.0,587.0,3,63003.0,7061.0,79.185491346,3655,17041,1970.5100000000002,6965.07,4038.5699999999997,4339.761905269,5813.98,1544908.93616046
0.112,0.268,292.4,0.1999920279,917481,0.223890195,0.087,0.227,188344,38391.0,32091.0,3195,92101.0,353652.0,81.925750304,153269,17043,79820.847,245884.90800000002,102757.872,183488.88574971992,208268.187,75165319.31466423
0.2,0.363,314.7,0.2370208115,16858,0.1970577767,0.091,0.266,2506,588.0,815.0,26,52668.0,6701.0,75.802665921,3923,17045,1534.078,6119.454,3371.6000000000004,3995.696840267,4484.228,1277881.342096218
0.202,0.349,328.4,0.2350959513,6356,0.2284455632,0.091,0.266,932,219.0,235.0,4,55832.0,2282.0,76.288237456,1435,17047,578.396,2218.2439999999997,1283.912,1494.2698664627999,1690.6960000000001,484888.037270336
0.19,0.337,205.8,0.247980363,34065,0.2380742698,0.088,0.258,5933,1277.0,1496.0,75,65172.0,14070.0,77.708505269,6326,17049,2997.72,11479.905,6472.35,8447.451065595,8788.77,2647140.231988485
0.231,0.378,243.7,0.2183935601,21264,0.2062641084,0.106,0.309,2887,723.0,1048.0,21,49030.0,7252.0,78.132813274,4192,17051,2253.984,8037.792,4911.984,4643.9206619664,6570.576,1661416.141458336
0.199,0.358,231.5,0.2318515152,12949,0.2266584292,0.095,0.275,1846,402.0,751.0,66,58478.0,5115.0,76.264825116,2579,17053,1230.155,4635.742,2576.851,3002.2452703248,3560.9750000000004,987553.220427084
0.226,0.373,389.9,0.2186341815,38060,0.2195743563,0.104,0.295,5702,1686.0,2097.0,265,49834.0,12809.0,74.852787996,8118,17055,3958.24,14196.38,8601.56,8321.21694789,11227.699999999999,2848897.1111277603
0.204,0.38,247.5,0.2268849264,33690,0.19269813,0.1,0.284,4837,1251.0,1301.0,19,48828.0,12510.0,75.939274316,7234,17057,3369.0,12802.2,6872.759999999999,7643.753170416,9567.96,2558394.15170604
0.237,0.384,290.0,0.2142859525,4793,0.2007093678,0.108,0.313,648,186.0,333.0,0,44282.0,1668.0,73.246495072,1173,17059,517.644,1840.512,1135.941,1027.0725703325,1500.209,351070.450880096
0.218,0.357,192.8,0.2372039676,12702,0.2117776728,0.096,0.283,1661,382.0,663.0,0,51242.0,4899.0,76.698507136,2583,17061,1219.392,4534.614,2769.036,3012.9647964552,3594.6659999999997,974224.4376414721
0.169,0.334,268.3,0.2391938538,50993,0.2476026121,0.088,0.256,9421,2131.0,2953.0,85,74935.0,21833.0,77.2448433,7656,17063,4487.384,17031.662,8617.817000000001,12197.212186823399,13054.208,3938946.2943969
0.203,0.355,221.8,0.2347282507,8084,0.2163532905,0.093,0.276,1307,281.0,288.0,2,49302.0,2542.0,77.614053981,1818,17065,751.812,2869.8199999999997,1641.0520000000001,1897.5431786588001,2231.184,627432.012382404
0.197,0.358,254.1,0.2339378278,17422,0.2092756285,0.092,0.271,2546,560.0,858.0,30,54076.0,6797.0,78.303662394,4236,17067,1602.824,6237.076,3432.134,4075.6648359316,4721.362,1364206.406228268
0.229,0.364,130.9,0.2236398933,3808,0.1727941176,0.102,0.301,479,118.0,86.0,1,39674.0,1201.0,73.845976482,1055,17069,388.416,1386.1119999999999,872.032,851.6207136864,1146.2079999999999,281205.478443456
0.194,0.34,90.3,0.2436886682,6535,0.182096404,0.088,0.264,757,246.0,147.0,3,58577.0,2780.0,77.602338066,1758,17071,575.0799999999999,2221.9,1267.79,1592.5054466870001,1725.24,507131.27926131
0.184,0.35,261.7,0.2329980589,48411,0.2183801202,0.091,0.269,7300,1864.0,2795.0,23,63859.0,19964.0,78.144486221,10354,17073,4405.401,16943.85,8907.624,11279.6690294079,13022.559000000001,3783052.722444831
0.204,0.367,254.5,0.2141550346,26711,0.215491745,0.101,0.295,3385,844.0,1117.0,85,53633.0,10088.0,75.903256866,6012,17075,2697.811,9802.937,5449.044,5720.2951292006,7879.745,2027451.8941477262
0.199,0.388,1052.0,0.2109991819,56675,0.1860785179,0.118,0.293,10112,2105.0,3764.0,186,45608.0,18224.0,77.288215117,9509,17077,6687.65,21989.9,11278.325,11958.3786341825,16605.774999999998,4380309.591755975
0.207,0.357,166.5,0.2285572801,9465,0.2259904913,0.094,0.275,1350,276.0,375.0,39,57969.0,3702.0,81.170026733,1992,17079,889.71,3379.0049999999997,1959.2549999999999,2163.2946561465,2602.875,768274.303027845
0.209,0.363,573.2,0.2172530085,37235,0.2214851618,0.103,0.29,5566,1714.0,2358.0,98,58114.0,13210.0,75.316632645,7378,17081,3835.205,13516.305,7782.115,8089.415771497501,10798.15,2804414.816536575
0.192,0.352,252.6,0.2385468686,21616,0.2019800148,0.088,0.26,3313,795.0,734.0,15,69341.0,8450.0,76.051190942,4372,17083,1902.2079999999999,7608.831999999999,4150.272,5156.4291116576,5620.16,1643922.543402272
0.182,0.347,188.4,0.2313440376,21239,0.1853665427,0.087,0.25,2582,866.0,774.0,19,56446.0,8276.0,80.528217764,6247,17085,1847.793,7369.932999999999,3865.498,4913.5160145864,5309.75,1710338.817089596
0.211,0.365,225.5,0.2279734285,12358,0.1838485192,0.101,0.288,1340,366.0,550.0,109,51607.0,3190.0,77.036050492,2714,17087,1248.1580000000001,4510.67,2607.538,2817.295629403,3559.104,952011.511980136
0.149,0.367,433.7,0.2219276876,531010,0.2460443306,0.107,0.274,86005,23911.0,25562.0,1575,83784.0,203324.0,80.963567403,78758,17089,56818.07,194880.66999999998,79120.48999999999,117845.821392476,145496.74000000002,42992463.92666703
0.186,0.371,638.1,0.2175369285,108594,0.2237048087,0.107,0.283,15940,4770.0,8054.0,178,57413.0,40141.0,76.643623537,19009,17091,11619.557999999999,40288.373999999996,20198.484,23623.205213529,30732.102,8323037.654376978
0.133,0.332,345.0,0.2248110285,130638,0.2776144766,0.088,0.233,27494,5547.0,5463.0,147,97263.0,52759.0,81.173237113,14407,17093,11496.144,43371.816,17374.854,29368.863141183003,30438.654000000002,10604309.349968094
0.208,0.39,474.9,0.2194441586,49053,0.1990703932,0.109,0.286,6385,1825.0,2652.0,92,52881.0,16991.0,76.344321639,11025,17095,5346.777,19130.670000000002,10203.024,10764.3943118058,14029.158,3744918.009357867
0.128,0.321,429.4,0.2249545897,693593,0.2359943079,0.091,0.218,120051,29411.0,30222.0,2192,100325.0,262458.0,80.994842611,106676,17097,63116.962999999996,222643.353,88779.904,156026.9287337921,151203.274,56177455.87109132
0.192,0.364,328.5,0.2329387985,107571,0.2107259391,0.101,0.286,15519,4964.0,5036.0,112,62714.0,42867.0,76.528100051,21334,17099,10864.671,39155.844,20653.632,25057.459493443497,30765.305999999997,8232204.25058612
0.217,0.388,204.1,0.2204987778,15467,0.187237344,0.107,0.303,2224,505.0,715.0,43,47408.0,5238.0,75.146398645,2832,17101,1654.969,6001.196,3356.339,3410.4545962325997,4686.501,1162289.347842215
0.192,0.358,331.4,0.2236923947,33647,0.1961541891,0.097,0.274,5396,1172.0,1327.0,208,64310.0,12477.0,78.349127623,6972,17103,3263.759,12045.626,6460.224,7526.5780044709,9219.278,2636213.097131081
0.209,0.369,176.7,0.2284956995,35414,0.2158750777,0.102,0.298,4658,1069.0,2012.0,53,66274.0,12749.0,76.05930331,7028,17105,3612.2279999999996,13067.766,7401.526,8091.946702093001,10553.372,2693564.1674203402
0.192,0.359,681.4,0.2282869788,28383,0.1905365888,0.094,0.268,4340,817.0,989.0,26,65255.0,9888.0,76.804286454,5408,17107,2668.002,10189.497,5449.536,6479.469319280401,7606.644,2179936.062423882
0.195,0.357,953.4,0.2142223855,29295,0.1696535245,0.1,0.278,4953,911.0,701.0,60,52155.0,10143.0,77.772703875,5516,17109,2929.5,10458.314999999999,5712.525000000001,6275.6447832225,8144.010000000001,2278351.3600181253
0.15,0.314,240.8,0.2121643074,305888,0.2287471231,0.085,0.246,53090,13157.0,10887.0,695,89730.0,130770.0,80.347783017,48368,17111,26000.480000000003,96048.832,45883.2,64898.5156619712,75248.448,24577422.651504096
0.159,0.341,661.7,0.2160835382,171256,0.2114904003,0.093,0.243,33787,5762.0,8224.0,472,71919.0,67550.0,79.427457171,24364,17113,15926.807999999999,58398.296,27229.704,37005.6024179792,41615.208,13602428.605276776
0.205,0.381,924.0,0.2074544715,103015,0.2219579673,0.105,0.292,15988,4665.0,7141.0,166,57601.0,38783.0,76.254064338,21528,17115,10816.574999999999,39248.715000000004,21118.074999999997,21370.922381572498,30080.379999999997,7855312.437779071
0.204,0.366,298.3,0.2322853637,44567,0.2087418942,0.094,0.27,6005,1523.0,2094.0,28,53312.0,16780.0,76.713532325,9454,17117,4189.298,16311.521999999999,9091.668,10352.2618040179,12033.09,3418891.995128275
0.188,0.377,473.1,0.2429702576,262635,0.215927047,0.098,0.259,48896,10182.0,13521.0,487,63903.0,106762.0,76.288643748,47802,17119,25738.23,99013.395,49375.38,63812.493604776,68022.465,20036067.95075598
0.218,0.371,610.1,0.2150566802,37045,0.23274396,0.104,0.293,5412,1591.0,2183.0,137,52019.0,13493.0,73.62483353,7559,17121,3852.68,13743.695,8075.81,7966.774718009,10854.185,2727431.9581188504
0.194,0.348,314.7,0.2359409391,11309,0.2039968167,0.09,0.262,1594,375.0,374.0,0,54022.0,4360.0,77.223353982,2744,17123,1017.81,3935.5319999999997,2193.946,2668.2560802819,2962.958,873318.9101824381
0.217,0.358,329.4,0.2249780193,13173,0.2054960905,0.097,0.289,1625,476.0,497.0,4,53503.0,4673.0,75.126517439,3063,17125,1277.781,4715.934,2858.541,2963.6354482389,3806.997,989641.6142239469
0.218,0.367,297.7,0.2234578379,13636,0.2150924025,0.105,0.298,1875,541.0,577.0,49,49054.0,4966.0,74.824036831,2979,17127,1431.78,5004.412,2972.648,3047.0710776044,4063.528,1020300.566227516
0.18,0.342,196.8,0.2369224377,12068,0.2173516738,0.085,0.245,1864,391.0,583.0,5,69749.0,5017.0,79.93462198,2439,17129,1025.78,4127.256,2172.24,2859.1799781636,2956.66,964651.01805464
0.194,0.349,278.6,0.2373313969,15225,0.2097865353,0.089,0.264,2167,617.0,594.0,3,62857.0,6348.0,78.076721108,3415,17131,1355.0249999999999,5313.525,2953.65,3613.3705178024998,4019.4,1188718.0788693
0.153,0.314,216.5,0.2580531052,34739,0.2199257319,0.076,0.212,6841,1023.0,898.0,51,90880.0,15407.0,80.673588638,6612,17133,2640.1639999999998,10908.046,5315.067,8964.5068215428,7364.668,2802519.795695482
0.213,0.389,281.6,0.2245848799,28045,0.2008914245,0.101,0.292,4011,998.0,1151.0,22,59497.0,9576.0,76.128798976,5899,17135,2832.545,10909.505000000001,5973.585,6298.4829567955,8189.139999999999,2135032.16728192
0.207,0.357,463.5,0.2260755854,33400,0.1856586826,0.099,0.282,4675,1089.0,1848.0,41,54764.0,12401.0,76.681673604,6900,17137,3306.6000000000004,11923.8,6913.799999999999,7550.92455236,9418.8,2561167.8983736
0.204,0.345,275.8,0.2360165081,14347,0.2491113125,0.09,0.269,1982,367.0,655.0,27,61022.0,5118.0,77.052310297,2796,17139,1291.23,4949.714999999999,2926.788,3386.1288417107,3859.3430000000003,1105469.495831059
0.181,0.354,280.4,0.232466745,50306,0.2229555123,0.095,0.262,7452,1962.0,2051.0,84,71470.0,19693.0,78.490687089,9813,17141,4779.07,17808.324,9105.386,11694.47207397,13180.172,3948552.5046992344
0.177,0.393,880.7,0.1979666756,177652,0.2367156013,0.104,0.268,33252,8668.0,13346.0,475,53506.0,65251.0,76.773309952,32116,17143,18475.808,69817.236,31444.404,35169.1758536912,47610.736000000004,13638932.059592705
0.221,0.395,411.2,0.2238976567,20664,0.1925571041,0.106,0.304,2750,763.0,1482.0,41,55132.0,6628.0,77.29359757,4080,17145,2190.384,8162.280000000001,4566.744,4626.6211780488,6281.856,1597194.90018648
0.171,0.324,208.0,0.2466522302,16355,0.2199938857,0.08,0.237,2727,453.0,501.0,11,69521.0,7174.0,80.036353431,3351,17147,1308.4,5299.02,2796.7050000000004,4033.997224921,3876.1349999999998,1308994.560364005
0.217,0.365,212.1,0.2218972537,15239,0.2233742372,0.1,0.291,1822,405.0,914.0,14,48815.0,5241.0,76.492359727,3380,17149,1523.9,5562.235,3306.863,3381.4922491343,4434.549,1165667.0698797528
0.218,0.363,95.8,0.2276630161,4142,0.1100917431,0.099,0.291,421,130.0,114.0,2,49071.0,942.0,79.114962469,1201,17151,410.058,1503.546,902.956,942.9802126862,1205.322,327694.17454659805
0.237,0.419,468.6,0.1911767441,5201,0.2116900596,0.135,0.343,608,206.0,524.0,2,40481.0,1444.0,74.007171139,1220,17153,702.135,2179.219,1232.637,994.3102460640999,1783.9430000000002,384911.297093939
0.182,0.345,453.0,0.2408060388,5716,0.1957662701,0.088,0.253,795,244.0,235.0,0,70070.0,2407.0,80.815376039,1371,17155,503.008,1972.0199999999998,1040.312,1376.4473177808,1446.148,461940.689438924
0.217,0.384,402.7,0.2268384666,31351,0.1897866097,0.106,0.301,4222,978.0,1518.0,35,56867.0,10942.0,77.02689043,6176,17157,3323.206,12038.784,6803.167,7111.6127663766,9436.651,2414870.0418709298
0.207,0.365,251.4,0.2253650984,15507,0.2272522087,0.097,0.278,2428,498.0,705.0,71,56900.0,6063.0,76.718751072,3304,17159,1504.179,5660.055,3209.9489999999996,3494.7365808888,4310.946000000001,1189677.672873504
0.187,0.348,568.8,0.2084848286,140907,0.22262911,0.102,0.27,21650,6472.0,9664.0,357,58022.0,54032.0,77.411567144,28522,17161,14372.514,49035.636,26349.609,29376.9717435402,38044.89,10907831.691559609
0.184,0.379,899.2,0.2176609301,258046,0.2316602466,0.113,0.3,46090,11319.0,22199.0,368,61863.0,102149.0,75.61801183,43662,17163,29159.198,97799.434,47480.464,56166.5323685846,77413.8,19512925.48068418
0.224,0.386,395.9,0.2144150578,23182,0.2124493141,0.106,0.304,3932,929.0,1332.0,51,45793.0,8038.0,73.232111187,4870,17165,2457.292,8948.252,5192.768,4970.5698699196,7047.3279999999995,1697666.801537034
0.175,0.359,716.6,0.2381409962,193882,0.2199482159,0.095,0.261,35123,7953.0,14380.0,495,60541.0,75766.0,77.702207943,36699,17167,18418.79,69603.63799999999,33929.35,46171.2526252484,50603.202000000005,15065059.480404727
0.207,0.362,147.8,0.2270621181,6738,0.1751261502,0.1,0.281,956,193.0,222.0,7,53686.0,2258.0,76.388706011,1595,17169,673.8000000000001,2439.156,1394.7659999999998,1529.9445517578,1893.3780000000002,514707.101102118
0.207,0.353,343.4,0.2284004991,4950,0.2131313131,0.093,0.276,617,155.0,266.0,0,59285.0,1936.0,78.08115599,1015,17171,460.35,1747.35,1024.6499999999999,1130.582470545,1366.2,386501.7221505
0.208,0.358,263.5,0.234628698,21299,0.2121226349,0.093,0.278,2911,660.0,789.0,8,64508.0,9010.0,79.283340773,5027,17173,1980.807,7625.0419999999995,4430.192,4997.356638702,5921.122,1688655.8751241271
0.21,0.361,243.4,0.2248172133,5262,0.2145572026,0.097,0.287,648,173.0,172.0,0,54219.0,1998.0,76.149098068,1201,17175,510.414,1899.5819999999999,1105.02,1182.9881763846001,1510.194,400696.554033816
0.194,0.373,606.8,0.2276969991,43831,0.211494148,0.101,0.284,6047,1546.0,3037.0,104,57952.0,16020.0,77.781152389,10413,17177,4426.9310000000005,16348.963,8503.214,9980.1871675521,12448.003999999999,3409225.690362259
0.18,0.327,275.4,0.2267903143,130777,0.223089687,0.086,0.242,22882,5029.0,5196.0,269,69874.0,52216.0,78.253324293,25875,17179,11246.821999999998,42764.079000000005,23539.86,29658.9569332111,31648.034,10233734.991065662
0.209,0.365,270.2,0.216300329,16498,0.211116499,0.103,0.295,2205,582.0,690.0,28,55736.0,5600.0,75.153752723,3669,17181,1699.2939999999999,6021.7699999999995,3448.082,3568.5228278420004,4866.91,1239886.612424054
0.217,0.391,737.9,0.210506065,74855,0.2330238461,0.111,0.311,9138,2871.0,6114.0,250,49678.0,25879.0,74.552101438,15157,17183,8308.905,29268.305,16243.535,15757.431495575,23279.905,5580597.55314149
0.195,0.358,269.1,0.2301573815,11190,0.2201966041,0.094,0.27,1815,476.0,682.0,35,56190.0,4438.0,78.58687406,2484,17185,1051.86,4006.02,2182.05,2575.4610989850003,3021.3,879387.1207314
0.187,0.367,255.3,0.2190574134,16696,0.2136439866,0.1,0.28,2291,498.0,1011.0,4,57964.0,6206.0,76.643860854,3458,17187,1669.6000000000001,6127.432,3122.152,3657.3825741264004,4674.88,1279645.900818384
0.183,0.337,230.4,0.2455630301,13764,0.210331299,0.084,0.246,2345,504.0,569.0,22,69386.0,5927.0,79.420118275,2942,17189,1156.1760000000002,4638.468,2518.812,3379.9295462964,3385.944,1093138.5079371
0.215,0.365,252.9,0.2249096154,16031,0.2250015595,0.097,0.286,2156,565.0,534.0,21,49649.0,5925.0,76.507057376,3561,17191,1555.007,5851.315,3446.665,3605.5260444774003,4584.866,1226484.636794656
0.215,0.363,125.6,0.22156417,13364,0.2170757258,0.098,0.283,1967,466.0,658.0,16,46080.0,5101.0,74.78991575,3002,17193,1309.672,4851.132,2873.2599999999998,2960.98356788,3782.0119999999997,999492.4340830001
0.186,0.359,518.4,0.2365803151,54656,0.2171948185,0.1,0.27,7702,2212.0,3011.0,80,64413.0,21432.0,77.605917836,11923,17195,5465.6,19621.504,10166.016,12930.5337021056,14757.12,4241629.045244416
0.142,0.327,449.1,0.2057210157,688726,0.2411249176,0.097,0.262,121824,32572.0,30654.0,1012,90349.0,280249.0,79.201645163,96632,17197,66806.422,225213.402,97799.09199999999,141685.4122589982,180446.212,54548232.26653233
0.194,0.362,444.5,0.2207462313,66415,0.21538809,0.096,0.281,11917,2739.0,4076.0,194,59174.0,24299.0,77.283750218,13162,17199,6375.84,24042.23,12884.51,14660.8609517895,18662.615,5132800.27072847
0.183,0.38,782.5,0.2155804433,281295,0.2323752644,0.108,0.306,41597,15506.0,21307.0,598,54971.0,105923.0,76.166369634,51855,17201,30379.86,106892.1,51476.985,60641.7007980735,86076.27,21425218.94619603
0.163,0.32,234.0,0.2415760161,38091,0.2390065895,0.081,0.228,6754,1095.0,1285.0,13,72980.0,15538.0,79.133713536,7213,17203,3085.371,12189.12,6208.8330000000005,9201.8720292651,8684.748,3014282.282299776
0.1991204075,0.354,526.3,0.1769469005,6754953,0.2318948777,0.111,0.306,1071954,236034.0,390337.0,12104,60794.0,2566614.0,76.5148925,1115285,18000,749799.783,2391253.3619999997,1345048.9940033476,1195267.9963731766,2067015.618,516854502.6375525
0.242,0.37,164.9,0.1853915742,35839,0.3110577862,0.114,0.359,3695,935.0,1534.0,16,58602.0,11475.0,77.917168856,5823,18001,4085.646,13260.43,8673.038,6644.2486277538,12866.201,2792473.414630184
0.195,0.38,733.2,0.1798551362,382187,0.2539646822,0.109,0.288,66206,14203.0,26473.0,801,61039.0,148736.0,76.647795336,58532,18003,41658.383,145231.06,74526.465,68738.2949388694,110069.85599999999,29293790.956079833
0.192,0.36,337.8,0.1686915376,84447,0.2384454155,0.103,0.289,14768,2827.0,4306.0,138,70545.0,32281.0,77.976867385,14254,18005,8698.041,30400.92,16213.824,14245.4942757072,24405.182999999997,6584912.520061095
0.226,0.371,308.6,0.1719098567,8741,0.2476833314,0.11,0.325,1269,221.0,479.0,2,59663.0,3269.0,76.768566403,1579,18007,961.51,3242.911,1975.4660000000001,1502.6640574147,2840.8250000000003,671034.038928623
0.248,0.365,637.9,0.1756081148,11782,0.2177049737,0.11,0.343,1548,384.0,554.0,3,49105.0,3983.0,75.018590577,2574,18009,1296.02,4300.43,2921.936,2069.0148085736,4041.226,883869.0341782139
0.157,0.315,272.7,0.2046404129,69347,0.2582663994,0.084,0.245,13835,1522.0,2659.0,95,92302.0,27310.0,78.232372796,9864,18011,5825.148,21844.305,10887.479,14191.198713376301,16990.015,5425180.356284212
0.199,0.337,139.1,0.1906236173,15112,0.1713208047,0.097,0.285,2049,506.0,630.0,12,70930.0,5754.0,78.2654813,3878,18013,1465.864,5092.744000000001,3007.288,2880.7041046376,4306.92,1182747.9534056
0.213,0.36,439.4,0.1755773325,20228,0.2176191418,0.106,0.314,2594,583.0,721.0,16,62388.0,8285.0,80.274452554,4112,18015,2144.168,7282.08,4308.564,3551.5782818099997,6351.592,1623791.626262312
0.226,0.384,448.4,0.1643009347,37388,0.2248314967,0.119,0.355,4266,1191.0,2222.0,96,50419.0,14699.0,75.76397116,7019,18017,4449.172,14356.992,8449.688,6142.883346563601,13272.74,2832663.3537300797
0.208,0.369,453.1,0.1572386079,119266,0.2215635638,0.106,0.336,19246,4412.0,6360.0,265,65555.0,48741.0,74.868771335,19548,18019,12642.196,44009.154,24807.327999999998,18753.219809801398,40073.376000000004,8929298.882040111
0.231,0.358,331.7,0.1818092922,26246,0.2303970129,0.105,0.329,3568,761.0,1749.0,12,56422.0,9908.0,75.612921129,4950,18021,2755.83,9396.068,6062.826,4771.7666830812,8634.934000000001,1984536.727951734
0.211,0.388,280.9,0.1642499943,32206,0.2618456188,0.117,0.341,3658,939.0,1478.0,15,59503.0,11761.0,75.828918558,5519,18023,3768.1020000000003,12495.928,6795.465999999999,5289.835316425801,10982.246000000001,2442146.151078948
0.269,0.381,141.8,0.1736617297,10629,0.2176121931,0.118,0.363,1011,343.0,419.0,5,46884.0,3403.0,74.233456819,2200,18025,1254.222,4049.649,2859.201,1845.8505249813,3858.3269999999998,789027.412529151
0.247,0.39,158.9,0.1671597853,33505,0.2935084316,0.114,0.357,3347,632.0,1195.0,27,53101.0,10368.0,76.439056781,5331,18027,3819.57,13066.95,8275.735,5600.6886064765,11961.285,2561090.597447405
0.218,0.331,240.6,0.1873646578,49824,0.2209176301,0.095,0.286,7325,1742.0,2272.0,65,73459.0,20975.0,77.314480964,9242,18029,4733.28,16491.744000000002,10861.632,9335.2567102272,14249.663999999999,3852116.6995503358
0.219,0.364,252.3,0.1792479251,26584,0.2367589528,0.102,0.301,4113,1115.0,760.0,9,61561.0,10829.0,75.819120161,4616,18031,2711.5679999999998,9676.576,5821.896,4765.1268408584,8001.784,2015575.490360024
0.218,0.368,303.6,0.1844646415,43670,0.2411266316,0.101,0.31,5846,1525.0,2005.0,27,62411.0,18264.0,76.360678457,7405,18033,4410.67,16070.56,9520.06,8055.570894305,13537.7,3334670.82821719
0.225,0.39,627.3,0.1941001825,113454,0.1793590354,0.118,0.316,15917,3833.0,6507.0,341,46612.0,40593.0,74.178143606,20080,18035,13387.572,44247.060000000005,25527.15,22021.442105355,35851.464,8415807.104675125
0.195,0.348,250.4,0.1795782522,42542,0.241479009,0.097,0.293,6192,1026.0,1713.0,51,64120.0,19445.0,79.187894158,7887,18037,4126.5740000000005,14804.615999999998,8295.69,7639.6180050924,12464.805999999999,3368811.393269636
0.198,0.358,502.1,0.1400879088,206161,0.2731020901,0.111,0.32,24290,8339.0,12829.0,314,66801.0,73736.0,78.051108997,31819,18039,22883.871,73805.63799999999,40819.878000000004,28880.663366116798,65971.52,16091094.681930518
0.261,0.382,342.0,0.1698373652,22892,0.2192032151,0.115,0.359,2645,843.0,1862.0,21,53616.0,8644.0,72.345232962,4812,18041,2632.58,8744.744,5974.812,3887.9169641584003,8218.228,1656127.072966104
0.192,0.336,426.6,0.1832351777,78936,0.2258411878,0.098,0.284,13333,2671.0,4360.0,127,70610.0,32304.0,75.283492933,13454,18043,7735.728,26522.496000000003,15155.712,14463.8519869272,22417.823999999997,5942577.798159288
0.225,0.35,318.1,0.1785331265,16511,0.2160983587,0.102,0.327,2114,505.0,780.0,12,55627.0,5730.0,74.7609204,3405,18045,1684.1219999999998,5778.849999999999,3714.975,2947.7604516415,5399.097000000001,1234377.5567244
0.223,0.343,118.6,0.1967613073,22761,0.2277140723,0.097,0.299,2689,662.0,1063.0,7,71828.0,9559.0,77.396624173,4449,18047,2207.817,7807.023000000001,5075.703,4478.4841154553,6805.539,1761624.562801653
0.217,0.345,245.3,0.1795804914,20018,0.2357378359,0.103,0.311,2646,640.0,858.0,18,55895.0,7210.0,74.738869166,4109,18049,2061.854,6906.209999999999,4343.906,3594.8422768451996,6225.598,1496122.682964988
0.216,0.348,285.2,0.1904096687,33825,0.2390835181,0.098,0.307,4865,1205.0,1915.0,10,59074.0,14346.0,76.954568654,6071,18051,3314.85,11771.099999999999,7306.2,6440.607043777501,10384.275,2602988.28472155
0.232,0.397,565.6,0.1645435333,65225,0.2087236489,0.119,0.332,8043,1996.0,3882.0,176,49788.0,21504.0,73.2115231,12930,18053,7761.775,25894.325,15132.2,10732.3519594925,21654.7,4775221.5941975
0.231,0.356,244.3,0.1801035745,32203,0.2164084092,0.104,0.334,4292,822.0,1408.0,22,55213.0,11862.0,75.749999168,6539,18055,3349.1119999999996,11464.268,7438.893,5799.8754096235,10755.802000000001,2439377.223207104
0.125,0.263,233.4,0.1820074176,344238,0.261107141,0.079,0.208,77455,8524.0,12153.0,555,96359.0,137898.0,81.565383072,45716,18057,27194.802,90534.594,43029.75,62653.869419788796,71601.504,28077904.337939136
0.178,0.367,327.5,0.1841240455,79553,0.2312169246,0.093,0.274,13756,2279.0,2740.0,81,77916.0,32827.0,78.956462998,13559,18059,7398.429,29195.951,14160.434,14647.6201916615,21797.522,6281223.500879895
0.224,0.362,195.0,0.1866555346,40682,0.2210068335,0.101,0.303,5175,1248.0,1531.0,11,62082.0,14902.0,76.941486645,7659,18061,4108.8820000000005,14726.884,9112.768,7593.520458597201,12326.645999999999,3130133.5596918897
0.165,0.3,290.6,0.1829722748,173251,0.2436407293,0.088,0.255,33434,4501.0,5600.0,188,86905.0,72236.0,79.216258534,25455,18063,15246.088,51975.299999999996,28586.415,31700.1295813748,44179.005,13724296.007274035
0.239,0.372,233.5,0.1820740467,48033,0.2027564383,0.108,0.327,6325,1442.0,1968.0,47,54002.0,16589.0,75.187845743,9460,18065,5187.564,17868.276,11479.886999999999,8745.5626851411,15706.791000000001,3611497.794573519
0.219,0.369,459.1,0.1715478421,82732,0.2268771455,0.109,0.335,11585,4010.0,5431.0,172,59309.0,30432.0,74.07428014,16640,18067,9017.788,30528.108,18118.308,14192.4960726172,27715.22,6128313.34454248
0.216,0.363,268.3,0.1829785625,36395,0.2164308284,0.101,0.313,5178,1186.0,1685.0,32,59252.0,15474.0,76.725720975,6567,18069,3675.8950000000004,13211.385,7861.32,6659.5047821875,11391.635,2792432.614885125
0.227,0.373,370.8,0.1704865721,44222,0.2442901723,0.113,0.351,6384,1650.0,2550.0,41,62415.0,17413.0,75.245622003,7531,18071,4997.086,16494.806,10038.394,7539.257191406201,15521.921999999999,3327511.896216666
0.213,0.373,238.4,0.1919338913,33440,0.2274820574,0.099,0.309,4070,1093.0,1273.0,15,70662.0,12121.0,76.957944662,6199,18073,3310.56,12473.12,7122.72,6418.269325071999,10332.96,2573473.66949728
0.248,0.395,249.6,0.1706588062,20416,0.2544083072,0.113,0.344,2269,577.0,923.0,18,42504.0,7177.0,75.504395376,3798,18075,2307.0080000000003,8064.320000000001,5063.168,3484.1701873792003,7023.103999999999,1541497.735996416
0.225,0.35,343.6,0.1913685457,32110,0.2021800062,0.104,0.328,3866,1107.0,1259.0,37,55588.0,11794.0,75.359409219,6028,18077,3339.44,11238.5,7224.75,6144.844002427,10532.08,2419790.63002209
0.234,0.385,252.4,0.1775390432,27515,0.2298746138,0.11,0.331,3446,1033.0,1636.0,28,60526.0,11494.0,73.727064112,4702,18079,3026.65,10593.275,6438.51,4884.986773648,9107.465,2028600.16904168
0.187,0.327,387.6,0.1866845592,160607,0.2440864969,0.097,0.282,28858,4623.0,7776.0,160,76868.0,66036.0,77.671838499,24541,18081,15578.879,52518.489,30033.509,29982.846999434398,45291.174,12474640.965808893
0.227,0.386,338.9,0.1681658199,36522,0.2135699031,0.11,0.33,4850,1080.0,1820.0,68,44842.0,14974.0,74.380287892,6878,18083,4017.42,14097.492,8290.494,6141.7520743878,12052.26,2716516.874391624
0.196,0.348,320.9,0.1669466799,78988,0.2348711197,0.102,0.302,11305,2541.0,4617.0,147,62269.0,30265.0,77.870378816,14014,18085,8056.776,27487.823999999997,15481.648000000001,13186.7843519412,23854.376,6150825.481918208
0.252,0.376,90.9,0.1690687673,40119,0.3212193724,0.111,0.364,2357,1233.0,1215.0,21,72513.0,8769.0,78.48223502,5794,18087,4453.209,15084.744,10109.988,6782.8698753087,14603.315999999999,3148628.7867673803
0.206,0.381,496.0,0.1887878389,487536,0.2321038857,0.128,0.337,73414,23196.0,38948.0,980,59158.0,178060.0,75.657046335,84881,18089,62404.608,185751.21600000001,100432.416,92040.86782595041,164299.632,36885533.74198056
0.248,0.371,309.4,0.1794477427,109663,0.2129524087,0.12,0.336,14431,4520.0,7335.0,121,63999.0,39193.0,75.361622377,20647,18091,13159.56,40684.973,27196.424,19678.7778077101,36846.768000000004,8264381.594728951
0.231,0.376,264.5,0.1722706187,45496,0.2138869351,0.104,0.331,5979,1435.0,2352.0,36,63904.0,17488.0,76.20293805,9444,18093,4731.584,17106.496,10509.576000000001,7837.624068375199,15059.176000000001,3466928.8695228
0.244,0.398,483.1,0.1763791719,129681,0.2127142758,0.117,0.345,17604,4621.0,8345.0,183,51718.0,45804.0,75.085564902,24594,18095,15172.677000000001,51613.038,31642.164,22873.027391163898,44739.945,9737171.142056262
0.187,0.337,1069.7,0.1791951882,966183,0.245444186,0.128,0.339,179683,38918.0,83963.0,3135,56185.0,369755.0,75.00913782,126594,18097,123671.424,325603.67100000003,180676.221,173135.3445206406,327536.037,72472553.80634107
0.219,0.374,205.4,0.1773743633,46108,0.2467684567,0.112,0.342,5293,1456.0,1628.0,53,57657.0,16644.0,77.995178043,8762,18099,5164.0960000000005,17244.392,10097.652,8178.3771430364,15768.936000000002,3596201.669206644
0.233,0.353,146.3,0.1980386369,10079,0.218474055,0.102,0.322,1312,229.0,374.0,2,46486.0,3856.0,76.405028368,2098,18101,1028.058,3557.8869999999997,2348.407,1996.0314213151,3245.438,770086.280921072
0.238,0.397,256.2,0.1776128949,35328,0.2096071105,0.116,0.329,4215,1237.0,1872.0,21,54439.0,12829.0,76.357464167,6492,18103,4098.048,14025.216,8408.064,6274.7083510272005,11622.912,2697556.494091776
0.187,0.317,616.4,0.1805298901,148219,0.1555536065,0.107,0.266,28735,3765.0,5833.0,413,61808.0,50672.0,79.511768468,20804,18105,15859.432999999999,46985.423,27716.953,26757.9597807319,39426.254,11785154.810558492
0.225,0.351,271.3,0.1851743795,38365,0.2264303402,0.106,0.342,5272,958.0,1802.0,39,58867.0,14762.0,77.206167641,7224,18107,4066.69,13466.115,8632.125,7104.2150695175005,13120.830000000002,2962014.6215469646
0.211,0.356,266.7,0.183538715,70707,0.2217743646,0.102,0.318,8913,1912.0,3316.0,48,67004.0,28106.0,76.09179224,12596,18109,7212.114,25171.692,14919.177,12977.471921504999,22484.826,5380222.353913681
0.226,0.373,107.3,0.1851904951,13907,0.2089595168,0.107,0.319,1632,452.0,525.0,1,59246.0,4917.0,75.932153735,2829,18111,1488.049,5187.311,3142.982,2575.4442153556997,4436.333,1055988.461992645
0.216,0.385,360.3,0.1779726501,47832,0.2418255561,0.108,0.33,5326,1905.0,1884.0,47,62173.0,18452.0,76.606926583,8201,18113,5165.856,18415.32,10331.712,8512.787799583199,15784.560000000001,3664262.512318056
0.222,0.356,102.1,0.1866066509,5892,0.1955193483,0.095,0.303,924,233.0,203.0,0,63210.0,2372.0,79.155124717,1389,18115,559.74,2097.5519999999997,1308.0240000000001,1099.4863871028,1785.2759999999998,466381.994832564
0.253,0.371,290.1,0.1756504751,19651,0.227774668,0.116,0.357,2031,941.0,1423.0,13,52029.0,7471.0,75.020915601,4011,18117,2279.516,7290.521,4971.703,3451.7074861901,7015.406999999999,1474236.012475251
0.244,0.382,206.7,0.1637594698,20833,0.2057312917,0.112,0.346,2281,568.0,998.0,19,53893.0,7900.0,74.988546647,4225,18119,2333.296,7958.206,5083.2519999999995,3411.6010343434,7208.218,1562236.392296951
0.241,0.379,448.7,0.1773281665,16871,0.2130282734,0.11,0.349,1739,376.0,818.0,10,54125.0,4803.0,79.427641022,3389,18121,1855.81,6394.109,4065.911,2991.7034970215,5887.978999999999,1340023.731682162
0.231,0.361,120.0,0.1861772344,19154,0.212853712,0.103,0.319,2782,594.0,623.0,14,44011.0,6799.0,77.572490242,3663,18123,1972.8619999999999,6914.594,4424.5740000000005,3566.0387476976002,6110.126,1485823.478095268
0.23,0.358,250.2,0.1787381973,12378,0.2214412668,0.105,0.327,1468,362.0,341.0,5,58220.0,4895.0,76.44989168,2544,18125,1299.69,4431.324,2846.94,2212.4214061794,4047.606,946296.7592150399
0.18,0.363,220.1,0.2001102171,170980,0.2159726284,0.104,0.296,29675,6767.0,7520.0,326,78732.0,66036.0,77.949744026,29904,18127,17781.92,62065.74,30776.399999999998,34214.844919758,50610.079999999994,13327847.233565481
0.205,0.331,192.7,0.1981816527,25275,0.2192284866,0.094,0.288,4268,632.0,885.0,4,63801.0,10709.0,78.95956214,5077,18129,2375.85,8366.025,5181.375,5009.0412719925,7279.2,1995702.9330885
0.235,0.381,202.4,0.1767946099,12388,0.2201323862,0.109,0.333,1682,388.0,719.0,8,52609.0,4288.0,74.157666496,2582,18131,1350.292,4719.828,2911.18,2190.1316274412,4125.204000000001,918665.172552448
0.219,0.344,252.8,0.1866059919,37469,0.1926125597,0.106,0.318,4514,1018.0,1190.0,32,66613.0,13114.0,77.724101522,6481,18133,3971.714,12889.336,8205.711,6991.9399105011,11915.142,2912244.3599278177
0.236,0.369,166.2,0.1793379474,24191,0.2220660576,0.107,0.347,3084,735.0,1664.0,9,67178.0,9270.0,75.074875726,5084,18135,2588.437,8926.479,5709.076,4338.3642855534,8394.277,1816136.318687666
0.223,0.334,215.4,0.1824240329,28448,0.2363610799,0.1,0.33,3645,884.0,1283.0,18,58849.0,12092.0,76.592444145,5357,18137,2844.8,9501.632000000001,6343.904,5189.5988879392,9387.84,2178901.8510369603
0.24,0.346,235.2,0.176780034,16649,0.2239774161,0.108,0.344,1796,547.0,700.0,16,67318.0,6328.0,76.591050432,3204,18139,1798.0919999999999,5760.553999999999,3995.7599999999998,2943.210786066,5727.255999999999,1275164.3986423681
0.198,0.388,659.2,0.1783913047,271484,0.2331260774,0.109,0.3,44957,11188.0,17079.0,663,60070.0,101403.0,76.324902703,45106,18141,29591.756,105335.792,53753.832,48430.3849651748,81445.2,20720989.885421254
0.258,0.362,268.1,0.1724957809,23788,0.2241886666,0.115,0.351,2680,878.0,1128.0,15,59286.0,8037.0,71.465307698,4109,18143,2735.6200000000003,8611.256,6137.304,4103.3296360492,8349.588,1700016.739520024
0.223,0.353,313.0,0.1682865463,44871,0.2249114127,0.104,0.318,5915,1643.0,2026.0,47,59252.0,18059.0,76.085940223,8104,18145,4666.584,15839.463,10006.233,7551.1856190273,14268.978000000001,3414052.2237462327
0.222,0.322,212.1,0.1844382254,20225,0.2133992583,0.1,0.308,2820,579.0,621.0,6,66667.0,8646.0,77.987725128,4158,18147,2022.5,6512.45,4489.95,3730.263108715,6229.3,1577301.7407137998
0.241,0.382,82.6,0.1745844851,23049,0.2266909627,0.111,0.352,2473,783.0,712.0,8,51996.0,7400.0,73.752373539,4504,18149,2558.439,8804.718,5554.809,4023.9977970698997,8113.248,1699918.457700411
0.22,0.337,263.1,0.1914338118,34831,0.2020613821,0.099,0.312,4237,1242.0,757.0,29,62273.0,13591.0,79.310114331,7558,18151,3448.2690000000002,11738.047,7662.82,6667.8310988058,10867.272,2762450.5922630606
0.246,0.354,237.1,0.1776576673,20578,0.1900087472,0.11,0.337,2658,551.0,931.0,11,45227.0,7267.0,76.056126453,3811,18153,2263.58,7284.611999999999,5062.188,3655.8394776993996,6934.786,1565082.9701498342
0.261,0.378,223.2,0.1679640294,10724,0.2382506527,0.119,0.362,878,388.0,637.0,3,55618.0,3730.0,75.810549403,1992,18155,1276.156,4053.672,2798.964,1801.2462512856,3882.0879999999997,812992.331797772
0.177,0.33,534.9,0.1742121915,196115,0.2024679397,0.111,0.3,34479,5936.0,8403.0,305,52806.0,69612.0,79.381328821,23936,18157,21768.765,64717.950000000004,34712.354999999996,34165.6239360225,58834.5,15567869.301730415
0.205,0.335,165.0,0.1850823837,15227,0.205358902,0.098,0.299,1900,554.0,337.0,10,76368.0,6167.0,76.997709634,3329,18159,1492.246,5101.045,3121.535,2818.2494565999,4552.873,1172444.124596918
0.229,0.353,269.4,0.1791456814,7119,0.2081753055,0.103,0.315,829,189.0,349.0,0,59098.0,2989.0,75.990719122,1445,18161,733.257,2513.007,1630.251,1275.3381058866,2242.485,540977.9294295181
0.219,0.356,613.4,0.1978059762,182447,0.2146760429,0.111,0.333,32189,6559.0,12442.0,411,49482.0,73266.0,75.5392527,32517,18163,20251.617000000002,64951.132,39955.893000000004,36089.106939761405,60754.851,13781910.037356902
0.237,0.366,245.2,0.1798326139,15329,0.2192576163,0.104,0.329,1970,496.0,986.0,12,52433.0,5282.0,75.009795976,3164,18165,1594.216,5610.414,3632.973,2756.6541384731,5043.241,1149825.162516104
0.23,0.376,648.4,0.1890178606,106608,0.2016452799,0.113,0.327,16349,3616.0,6380.0,184,45897.0,38863.0,75.403101746,18203,18167,12046.704,40084.608,24519.84,20150.8160828448,34860.816,8038573.870937568
0.235,0.354,258.1,0.1807102264,30784,0.204879158,0.104,0.328,3587,884.0,1697.0,83,55750.0,11983.0,75.840779725,6711,18169,3201.536,10897.536,7234.24,5562.9836094976,10097.152,2334682.5630544
0.209,0.354,242.0,0.1850759267,8194,0.2186966073,0.099,0.302,1274,216.0,289.0,0,68135.0,3143.0,78.486098225,1733,18171,811.206,2900.676,1712.5459999999998,1516.5121433798001,2474.5879999999997,643115.08885565
0.18,0.333,220.6,0.179307914,63269,0.2322306343,0.091,0.258,11666,1724.0,2434.0,37,82453.0,26185.0,77.42237882,11473,18173,5757.479,21068.577,11388.42,11344.632410866001,16323.402,4898436.485562581
0.24,0.335,221.1,0.1853542802,28213,0.2255343281,0.104,0.331,3385,932.0,1041.0,14,49494.0,9767.0,75.146773822,5085,18175,2934.152,9451.355000000001,6771.12,5229.4003072826,9338.503,2120115.929840086
0.248,0.374,441.7,0.1679645636,65778,0.2211073611,0.112,0.327,8563,2038.0,3873.0,320,49798.0,24200.0,72.941823827,12910,18177,7367.136,24600.972,16312.944,11048.3730644808,21509.406,4797967.287692405
0.21,0.358,155.5,0.1811074417,28142,0.2452206666,0.098,0.3,3625,795.0,1306.0,16,66597.0,12273.0,77.248030848,5288,18179,2757.916,10074.836,5909.82,5096.725624321401,8442.6,2173914.084124416
0.214,0.359,282.1,0.1766104828,24165,0.2319470308,0.105,0.329,3116,668.0,1332.0,10,57787.0,8323.0,75.759883477,5043,18181,2537.325,8675.234999999999,5171.3099999999995,4267.792316862,7950.285000000001,1830737.584221705
0.208,0.34,244.4,0.1812743195,34378,0.2272965268,0.098,0.291,5023,1016.0,1863.0,37,61841.0,14438.0,78.831932016,6488,18183,3369.0440000000003,11688.52,7150.624,6231.848555771,10003.998,2710084.1588460477
0.1742549856,0.343,508.5,0.2455226433,3163561,0.2293488256,0.09,0.261,549438,87660.0,150268.0,5555,62362.0,1270600.0,78.743464656,566136,19000,284720.49,1085101.4230000002,551266.2764997216,776725.8589607914,825689.421,249109753.79060003
0.195,0.378,377.5,0.2286371286,7059,0.2214194645,0.092,0.278,957,166.0,258.0,0,55265.0,2675.0,78.168986849,1621,19001,649.428,2668.302,1376.505,1613.9494907874,1962.4020000000003,551794.878167091
0.2,0.377,388.7,0.2369045688,3588,0.2123745819,0.092,0.28,510,77.0,136.0,1,56291.0,1297.0,79.746653494,846,19003,330.096,1352.676,717.6,850.0135928544,1004.6400000000001,286130.992736472
0.183,0.356,248.4,0.229033156,13642,0.2339832869,0.096,0.303,1686,359.0,405.0,4,55320.0,5141.0,77.640865346,3220,19005,1309.632,4856.552,2496.486,3124.470314152,4133.526,1059176.685050132
0.212,0.38,386.3,0.2146643008,12430,0.2228479485,0.099,0.32,1480,313.0,620.0,17,49737.0,3990.0,76.867941513,2984,19007,1230.5700000000002,4723.4,2635.16,2668.277258944,3977.6,955468.5130065901
0.195,0.351,218.3,0.2361302969,5481,0.2110928663,0.09,0.287,823,103.0,309.0,0,56338.0,2222.0,77.687530304,1383,19009,493.28999999999996,1923.831,1068.795,1294.2301573089,1573.0469999999998,425805.35359622404
0.179,0.339,265.2,0.237573591,25414,0.2308570079,0.083,0.257,3951,652.0,821.0,7,72308.0,11013.0,79.437808875,4863,19011,2109.362,8615.346000000001,4549.106,6037.695241674,6531.398,2018832.47474925
0.194,0.38,897.7,0.2268334384,130786,0.2172097931,0.1,0.294,23120,4145.0,6895.0,255,56091.0,53532.0,77.625790858,22876,19013,13078.6,49698.68,25372.484,29666.6380745824,38451.083999999995,10152366.683154387
0.19,0.376,373.6,0.2465166729,26277,0.2094607451,0.088,0.265,4568,588.0,807.0,18,70656.0,11547.0,78.782833453,5095,19015,2312.3759999999997,9880.152,4992.63,6477.7186137933,6963.405000000001,2070176.5146444808
0.162,0.339,295.3,0.2540158779,25311,0.2265418198,0.08,0.246,4408,533.0,998.0,43,74596.0,10051.0,80.763766122,5084,19017,2024.88,8580.429,4100.3820000000005,6429.3958855269,6226.506,2044211.6843139422
0.182,0.372,373.1,0.2349070983,21287,0.2569173674,0.086,0.272,3472,507.0,595.0,29,66852.0,8435.0,79.696208485,3968,19019,1830.6819999999998,7918.764,3874.234,5000.4674015121,5790.064,1696493.190020195
0.168,0.332,484.2,0.1972815791,19772,0.2648695124,0.112,0.331,2272,426.0,828.0,9,61189.0,6899.0,80.460355818,3275,19021,2214.464,6564.304,3321.6960000000004,3900.6513819652,6544.532,1590862.1552334959
0.184,0.355,249.3,0.2386430316,14333,0.2233307751,0.086,0.27,2293,358.0,502.0,7,54822.0,5728.0,78.140867073,3324,19023,1232.638,5088.215,2637.272,3420.4705719228,3869.9100000000003,1119993.047757309
0.197,0.349,217.2,0.2295665079,9473,0.2118653014,0.092,0.294,1412,168.0,423.0,2,62000.0,3601.0,78.529963276,2238,19025,871.516,3306.0769999999998,1866.181,2174.6835293367,2785.062,743914.3421135481
0.182,0.36,297.5,0.2424269071,19914,0.2427437983,0.086,0.268,3128,417.0,645.0,19,61701.0,8864.0,79.676980011,4238,19027,1712.6039999999998,7169.04,3624.348,4827.6894279894,5336.952,1586687.379939054
0.21,0.372,264.9,0.2226053665,12817,0.2232971834,0.098,0.281,1858,263.0,376.0,53,55301.0,5047.0,75.575952734,3044,19029,1256.066,4767.924,2691.5699999999997,2853.1329824305003,3601.577,968656.986191678
0.171,0.358,252.3,0.2562510849,18485,0.2145523397,0.081,0.254,2766,453.0,528.0,9,68592.0,7905.0,81.218185176,3835,19031,1497.285,6617.63,3160.9350000000004,4736.8013043764995,4695.1900000000005,1501318.1529783602
0.177,0.352,417.0,0.2350745703,42103,0.2083461986,0.091,0.252,5962,1203.0,1982.0,126,57659.0,17471.0,77.572817444,9643,19033,3831.373,14820.256,7452.231,9897.344633340901,10609.956,3266048.332844732
0.179,0.373,302.6,0.2378295899,11190,0.2171581769,0.092,0.262,1653,234.0,741.0,17,61360.0,4599.0,78.206465022,2782,19035,1029.48,4173.87,2003.01,2661.313110981,2931.78,875130.3435961801
0.192,0.335,243.0,0.2385267213,11834,0.2327192834,0.088,0.28,1562,295.0,238.0,6,63869.0,5183.0,78.47709862,2568,19037,1041.392,3964.3900000000003,2272.128,2822.7252198642,3313.5200000000004,928697.98506908
0.187,0.394,361.9,0.205986329,9353,0.256281407,0.106,0.312,1126,257.0,262.0,3,69923.0,3419.0,76.034740205,1792,19039,991.418,3685.0820000000003,1749.011,1926.590135137,2918.136,711152.925137365
0.182,0.357,212.3,0.2239584176,15976,0.2250876314,0.088,0.27,2596,378.0,893.0,63,59940.0,6193.0,79.261544727,3509,19041,1405.888,5703.432,2907.632,3577.9596795775997,4313.52,1266282.438558552
0.206,0.382,114.0,0.2247147794,17321,0.2088216616,0.095,0.3,1990,553.0,614.0,3,56256.0,7056.0,80.379065907,4308,19043,1645.4950000000001,6616.622,3568.1259999999997,3892.2846939874003,5196.3,1392245.800575147
0.203,0.363,486.8,0.2361900541,46392,0.225879462,0.097,0.295,6580,1480.0,3213.0,76,56017.0,17256.0,77.363428565,9480,19045,4500.024,16840.296,9417.576000000001,10957.3289898072,13685.64,3589044.1779874805
0.189,0.385,475.6,0.1972592223,16834,0.2508019484,0.113,0.346,1790,416.0,1147.0,11,56707.0,6426.0,79.36232405,3038,19047,1902.242,6481.09,3181.626,3320.6617481982003,5824.563999999999,1335985.3630577
0.128,0.299,310.3,0.2187237912,96963,0.2692676588,0.073,0.217,23739,1785.0,2381.0,38,92025.0,39332.0,81.756679258,12194,19049,7078.299,28991.936999999998,12411.264000000001,21208.1149661256,21040.971,7927372.890893455
0.213,0.36,122.2,0.2302820815,9051,0.2977571539,0.093,0.297,1113,165.0,254.0,1,57225.0,2952.0,78.05521069,1645,19051,841.7429999999999,3258.3599999999997,1927.863,2084.2831196565003,2688.147,706477.7119551899
0.202,0.353,305.0,0.216924146,7769,0.2228085983,0.099,0.298,877,162.0,239.0,20,46373.0,2544.0,77.909668704,1643,19053,769.1310000000001,2742.457,1569.3380000000002,1685.283690274,2315.162,605280.216161376
0.193,0.375,170.5,0.2325753726,16937,0.2343390211,0.089,0.275,2194,412.0,371.0,17,66364.0,7576.0,79.387665744,3485,19055,1507.393,6351.375,3268.841,3939.1290857261997,4657.675,1344588.8947061282
0.2,0.369,782.7,0.2166508076,38708,0.2241397127,0.098,0.275,6098,1387.0,3160.0,88,55153.0,15344.0,77.55372816,8361,19057,3793.384,14283.252,7741.6,8386.1194605808,10644.7,3001949.7096172804
0.165,0.339,226.0,0.2252370396,17549,0.1914639011,0.084,0.247,2679,497.0,533.0,15,67477.0,7409.0,80.663348583,4791,19059,1474.116,5949.111000000001,2895.585,3952.6848079404,4334.603,1415561.104283067
0.164,0.337,452.2,0.2592777778,97590,0.2273183728,0.086,0.247,17207,3211.0,5046.0,168,65986.0,40715.0,80.069723428,18229,19061,8392.74,32887.83,16004.76,25302.918335502,24104.73,7814004.30933852
0.183,0.374,499.6,0.2264337073,9095,0.199780099,0.096,0.288,1337,250.0,319.0,25,57652.0,3533.0,76.717536495,2058,19063,873.12,3401.53,1664.385,2059.4145678935,2619.3599999999997,697745.994422025
0.194,0.38,356.2,0.22693311,19258,0.2107695503,0.092,0.288,2566,564.0,718.0,11,53254.0,7319.0,77.817223378,4280,19065,1771.7359999999999,7318.04,3736.052,4370.27783238,5546.303999999999,1498604.0878135238
0.2,0.375,242.9,0.213420456,15480,0.2264857881,0.097,0.291,2068,499.0,613.0,3,60790.0,5637.0,78.863064655,3522,19067,1501.56,5805.0,3096.0,3303.74865888,4504.679999999999,1220800.2408594
0.179,0.382,347.6,0.2153505649,9971,0.2297663223,0.102,0.302,1267,212.0,461.0,1,59596.0,3645.0,78.446958262,2254,19069,1017.0419999999999,3808.922,1784.809,2147.2604826179,3011.2419999999997,782194.620830402
0.192,0.384,229.9,0.240040782,6729,0.2232129588,0.092,0.28,1015,115.0,264.0,2,62234.0,2657.0,77.64630401,1574,19071,619.068,2583.936,1291.968,1615.234422078,1884.1200000000001,522481.97968328994
0.197,0.356,360.0,0.2421110041,8795,0.2243320068,0.091,0.278,1270,226.0,358.0,6,54857.0,3585.0,79.635262167,2043,19073,800.345,3131.02,1732.615,2129.3662810595,2445.01,700392.1307587649
0.166,0.351,196.2,0.2596264595,12217,0.2277973316,0.081,0.239,2117,274.0,373.0,6,71837.0,5095.0,78.970957429,2617,19075,989.577,4288.1669999999995,2028.0220000000002,3171.8564557115,2919.863,964788.186910093
0.184,0.39,233.9,0.2439795726,10737,0.2136537208,0.089,0.284,1545,269.0,476.0,2,65344.0,4336.0,80.355274523,2549,19077,955.593,4187.43,1975.608,2619.6086710062,3049.3079999999995,862774.5825534511
0.177,0.357,318.1,0.2246732189,14716,0.230021745,0.088,0.274,2384,299.0,568.0,7,61650.0,6058.0,77.6405424,3114,19079,1295.008,5253.612,2604.732,3306.2910893324,4032.184,1142558.2219584
0.178,0.358,225.8,0.2226523149,10507,0.2132863805,0.089,0.266,1590,269.0,383.0,2,58053.0,4598.0,81.808662051,2509,19081,935.1229999999999,3761.506,1870.2459999999999,2339.4078726543003,2794.862,859563.612169857
0.193,0.388,403.7,0.2355070051,16575,0.1913122172,0.09,0.282,2412,360.0,848.0,9,58502.0,6780.0,79.104274824,3865,19083,1491.75,6431.1,3198.975,3903.5286095325,4674.15,1311153.3552078
0.185,0.379,313.2,0.2275853454,13928,0.2301120046,0.09,0.277,2171,284.0,569.0,5,63118.0,6018.0,75.766756906,2794,19085,1253.52,5278.712,2576.68,3169.8086907312,3858.0560000000005,1055279.390186768
0.191,0.334,295.7,0.2293845253,19697,0.2109965985,0.094,0.279,2810,504.0,824.0,21,56260.0,7420.0,78.694902517,3933,19087,1851.518,6578.798000000001,3762.127,4518.1869948341,5495.463000000001,1550053.4948773491
0.19,0.355,240.2,0.2363507558,9176,0.2527244987,0.088,0.281,1267,226.0,208.0,4,60034.0,3252.0,78.848885385,1904,19089,807.4879999999999,3257.48,1743.44,2168.7545352208,2578.456,723517.3722927601
0.189,0.347,188.3,0.2200225499,9473,0.2381505331,0.094,0.283,1478,209.0,460.0,3,62071.0,3660.0,80.02583503,2032,19091,890.462,3287.131,1790.397,2084.2736152027,2680.859,758084.7352391899
0.19,0.359,335.3,0.2326908992,6833,0.2439631202,0.086,0.275,1046,142.0,207.0,1,56096.0,2555.0,76.18595784,1491,19093,587.6379999999999,2453.047,1298.27,1589.9769142336,1879.075,520578.64992072
0.18,0.341,389.3,0.2554019118,16138,0.2334242161,0.085,0.264,2581,444.0,689.0,15,67820.0,6821.0,78.546102507,3185,19095,1371.73,5503.058,2904.8399999999997,4121.6760526284,4260.432,1267577.002257966
0.192,0.359,231.5,0.2641695829,19205,0.2192658162,0.09,0.288,2647,647.0,697.0,18,61538.0,7916.0,78.590134858,4195,19097,1728.45,6894.594999999999,3687.36,5073.3768395945,5531.04,1509323.53994789
0.186,0.333,349.6,0.2338369774,37148,0.2193657801,0.09,0.276,5408,1020.0,1820.0,42,63458.0,14547.0,79.109663791,7315,19099,3343.3199999999997,12370.284000000001,6909.528,8686.5760364552,10252.848,2938765.790508068
0.171,0.347,180.4,0.2047977103,18347,0.1543576607,0.094,0.284,3623,539.0,687.0,27,52830.0,5896.0,79.874996119,4510,19101,1724.618,6366.409,3137.3370000000004,3757.4235908741,5210.548,1465466.553795293
0.146,0.29,778.1,0.2368815894,153740,0.1965851437,0.088,0.21,35541,4032.0,5695.0,602,68790.0,56167.0,82.600199037,19658,19103,13529.119999999999,44584.6,22446.039999999997,36418.175554356,32285.399999999998,12698954.59994838
0.193,0.403,290.1,0.2364990433,20617,0.2091962943,0.091,0.276,2807,584.0,949.0,14,61736.0,7146.0,81.333707337,4448,19105,1876.147,8308.651,3979.081,4875.9007757161,5690.292,1676857.044166929
0.208,0.363,351.4,0.22839808,10085,0.2270699058,0.092,0.29,1428,254.0,325.0,0,54790.0,3775.0,79.390075643,2273,19107,927.8199999999999,3660.855,2097.68,2303.3946368,2924.6499999999996,800648.912859655
0.185,0.374,209.3,0.2390453143,14680,0.2207765668,0.092,0.286,2093,308.0,494.0,5,65006.0,5505.0,79.885180125,3627,19109,1350.56,5490.32,2715.8,3509.185213924,4198.48,1172714.444235
0.208,0.376,329.8,0.2141067184,33480,0.21239546,0.1,0.298,5122,1027.0,1526.0,30,58619.0,12906.0,75.881796054,7150,19111,3348.0,12588.48,6963.839999999999,7168.292932032,9977.039999999999,2540522.53188792
0.157,0.35,550.9,0.2397005475,227854,0.2274482783,0.084,0.243,45309,7553.0,12136.0,549,69559.0,97704.0,79.597887986,38001,19113,19139.736,79748.9,35773.078,54616.728550065,55368.522,18136697.169162046
0.185,0.339,389.7,0.2177071347,11011,0.2233221324,0.103,0.323,1570,293.0,324.0,5,72404.0,4445.0,78.292059227,2153,19115,1134.133,3732.7290000000003,2037.035,2397.1732601817,3556.553,862073.864148497
0.208,0.355,232.6,0.2222654311,8518,0.2265790092,0.094,0.284,1081,169.0,321.0,10,48662.0,3330.0,77.428657773,1916,19117,800.692,3023.89,1771.744,1893.2569421097999,2419.1119999999996,659537.306910414
0.184,0.361,161.6,0.2367669472,11756,0.2795168425,0.083,0.279,1905,171.0,309.0,1,67280.0,4770.0,81.279915263,2253,19119,975.748,4243.916,2163.104,2783.4322312832,3279.9240000000004,955526.6838318281
0.176,0.366,269.3,0.2465487633,16521,0.2475637068,0.081,0.266,2864,479.0,492.0,11,75563.0,6801.0,79.307246285,2869,19121,1338.201,6046.686,2907.696,4073.2321184793,4394.586,1310235.015874485
0.194,0.342,443.5,0.1993142329,22370,0.2348234242,0.094,0.269,3243,561.0,1092.0,29,59704.0,8694.0,78.236364646,4141,19123,2102.78,7650.540000000001,4339.78,4458.659389973,6017.530000000001,1750147.47713102
0.165,0.35,321.8,0.2347898301,33168,0.2312168355,0.086,0.252,5515,751.0,1209.0,38,64327.0,13097.0,78.880540499,6213,19125,2852.448,11608.8,5472.72,7787.509084756801,8358.336,2616309.7672708323
0.176,0.417,447.1,0.2101509192,39495,0.2521331814,0.102,0.314,4955,1236.0,2050.0,69,64341.0,14385.0,76.485051663,7327,19127,4028.49,16469.415,6951.12,8299.910553804,12401.43,3020777.1154301846
0.181,0.351,225.0,0.2337313255,14766,0.2276852228,0.086,0.258,2290,281.0,534.0,9,76010.0,5966.0,78.552298721,2939,19129,1269.876,5182.866,2672.6459999999997,3451.276752333,3809.628,1159903.242914286
0.189,0.349,179.5,0.2309803081,10647,0.2365924674,0.09,0.293,1592,205.0,510.0,0,67127.0,4216.0,80.385692987,2267,19131,958.23,3715.803,2012.283,2459.2473403407002,3119.571,855866.473232589
0.206,0.395,383.1,0.2151122442,8598,0.2222609909,0.096,0.296,1111,208.0,347.0,6,58079.0,3203.0,75.264426835,2138,19133,825.408,3396.21,1771.1879999999999,1849.5350756316,2545.008,647123.54192733
0.2,0.355,363.3,0.2242557934,7770,0.2312741313,0.091,0.276,1154,204.0,192.0,2,58297.0,2982.0,76.868113356,1606,19135,707.0699999999999,2758.35,1554.0,1742.4675147179998,2144.52,597265.24077612
0.205,0.359,191.6,0.2288010779,9935,0.2260694514,0.096,0.299,1230,226.0,447.0,11,54767.0,3989.0,74.885231473,2208,19137,953.76,3566.665,2036.675,2273.1387089365003,2970.565,743984.774684255
0.17,0.387,379.7,0.2150603562,42394,0.2449403217,0.1,0.276,5952,1257.0,2589.0,35,62877.0,17906.0,77.65634796,7490,19139,4239.400000000001,16406.478,7206.9800000000005,9117.2687407428,11700.744,3292163.21541624
0.194,0.364,319.9,0.2262547508,13679,0.2366401053,0.094,0.288,1997,272.0,503.0,4,63559.0,5584.0,76.858771813,2943,19141,1285.826,4979.156,2653.726,3094.9387361932,3939.5519999999997,1051351.139630027
0.186,0.368,235.0,0.2351732247,5987,0.2304994154,0.094,0.289,711,101.0,283.0,1,63695.0,2310.0,78.703353603,1387,19143,562.778,2203.216,1113.5819999999999,1407.9820962789,1730.243,471196.978021161
0.198,0.371,271.4,0.2230036992,15073,0.186691435,0.093,0.293,2296,308.0,503.0,26,52739.0,5593.0,78.629565238,3500,19145,1401.789,5592.083,2984.454,3361.3347580416,4416.389,1185183.436832374
0.172,0.361,281.3,0.2345940763,8845,0.2305257207,0.086,0.25,1385,210.0,326.0,9,63164.0,3536.0,76.99284864,1992,19147,760.67,3193.045,1521.34,2074.9846048735003,2211.25,681001.7462208001
0.165,0.35,317.8,0.2221342903,25219,0.2478290178,0.086,0.266,3819,514.0,829.0,40,72261.0,10666.0,79.49945011,4880,19149,2168.834,8826.65,4161.135,5602.0046670757,6708.254,2004896.63232409
0.206,0.356,347.5,0.2447282836,6607,0.2277887089,0.092,0.303,883,148.0,271.0,0,56360.0,2563.0,77.405399246,1586,19151,607.8439999999999,2352.092,1361.042,1616.9197697452,2001.921,511417.472818322
0.174,0.353,707.5,0.2347924713,494281,0.2457529219,0.09,0.246,102478,15876.0,28926.0,1417,67821.0,206257.0,78.410782591,68181,19153,44485.29,174481.193,86004.894,116053.4575066353,121593.126,38756960.02986207
0.209,0.385,532.2,0.2136859908,93328,0.2331347506,0.096,0.309,14618,2478.0,5832.0,199,61607.0,38255.0,76.858642291,17172,19155,8959.488,35931.28,19505.552,19942.8861493824,28838.352,7173063.367734447
0.18,0.373,243.2,0.2180503364,18381,0.1961264349,0.087,0.261,2284,480.0,571.0,24,60023.0,6728.0,79.177685175,3903,19157,1599.147,6856.113,3308.58,4007.9832333684,4797.441,1455365.0312016748
0.191,0.354,122.6,0.2266828126,4801,0.2278691939,0.093,0.295,584,92.0,282.0,0,53466.0,1694.0,77.016385692,1165,19159,446.493,1699.5539999999999,916.991,1088.3041832926,1416.2949999999998,369755.667707292
0.185,0.35,226.3,0.232741399,9603,0.2268041237,0.088,0.265,1364,181.0,413.0,7,54107.0,4076.0,78.952919949,2324,19161,845.064,3361.0499999999997,1776.555,2235.015654597,2544.795,758184.890270247
0.18,0.344,624.5,0.2248819305,173216,0.2343201552,0.098,0.249,31933,5862.0,10427.0,253,67038.0,72079.0,78.57204883,29825,19163,16975.168,59586.304,31178.879999999997,38953.148473488,43130.784,13609936.01013728
0.184,0.349,270.6,0.2540160513,11430,0.2254593176,0.089,0.268,1643,228.0,294.0,13,54234.0,4578.0,79.449615937,2689,19165,1017.27,3989.0699999999997,2103.12,2903.403466359,3063.2400000000002,908109.11015991
0.158,0.341,206.6,0.2228611923,35043,0.2684987016,0.087,0.265,5776,558.0,873.0,44,74868.0,13923.0,83.347762332,5791,19167,3048.741,11949.663,5536.794,7809.7247617689,9286.395,2920755.635400276
0.145,0.325,626.0,0.2285101102,98237,0.1627390902,0.09,0.223,19635,2036.0,2570.0,218,61341.0,35769.0,82.122752012,12823,19169,8841.33,31927.025,14244.365,22448.1476957174,21906.851,8067492.789402844
0.188,0.377,433.1,0.2211214288,16801,0.2409380394,0.097,0.298,2080,472.0,909.0,6,58329.0,6473.0,76.519162978,3448,19171,1629.6970000000001,6333.977,3158.588,3715.0611252688,5006.697999999999,1285598.457193378
0.201,0.364,490.1,0.220746743,6092,0.2322718319,0.098,0.307,748,112.0,193.0,1,70519.0,2260.0,78.222933361,1426,19173,597.0160000000001,2217.488,1224.492,1344.789158356,1870.244,476534.110035212
0.201,0.351,678.0,0.2158466555,12157,0.225302295,0.096,0.283,1844,361.0,483.0,29,48862.0,4391.0,76.131112989,2570,19175,1167.0720000000001,4267.107,2443.5570000000002,2624.0477909135,3440.4309999999996,925525.940607273
0.213,0.377,227.1,0.227729722,7069,0.2329891074,0.096,0.295,816,170.0,143.0,2,51908.0,2173.0,76.820094732,1581,19177,678.624,2665.013,1505.697,1609.821404818,2085.355,543041.249660508
0.192,0.382,772.1,0.1940300346,34985,0.2278119194,0.108,0.3,5136,1035.0,2049.0,66,49060.0,13189.0,75.482946945,6552,19179,3778.38,13364.27,6717.12,6788.140760481,10495.5,2640770.898870825
0.165,0.365,359.5,0.2399864423,52265,0.2450971013,0.08,0.225,9325,1256.0,2075.0,10,82206.0,21773.0,79.041097485,8672,19181,4181.2,19076.725,8623.725,12542.8914068095,11759.625,4131082.960053525
0.181,0.352,273.2,0.2241006425,21992,0.2453619498,0.092,0.272,3161,469.0,815.0,16,65061.0,8800.0,78.827937165,4412,19183,2023.264,7741.183999999999,3980.5519999999997,4928.42132986,5981.8240000000005,1733583.99413268
0.221,0.408,232.9,0.2262094026,6415,0.260639127,0.106,0.32,657,125.0,277.0,0,52016.0,2136.0,77.466695468,1437,19185,679.99,2617.3199999999997,1417.715,1451.133317679,2052.8,496948.85142722
0.203,0.379,760.4,0.235468248,35934,0.2158679802,0.099,0.278,5470,977.0,1852.0,107,58355.0,13613.0,76.363569641,6874,19187,3557.4660000000003,13618.986,7294.602000000001,8461.316023632,9989.652,2744048.511479694
0.182,0.37,482.9,0.2337835573,10277,0.2178651357,0.089,0.278,1500,322.0,498.0,1,52706.0,4263.0,79.03284211,2304,19189,914.6529999999999,3802.49,1870.414,2402.5936183721,2857.0060000000003,812220.51836447
0.163,0.351,215.1,0.2456850213,19862,0.1837679992,0.08,0.245,2970,545.0,672.0,51,61813.0,7781.0,83.471085149,4358,19191,1588.96,6971.562,3237.5060000000003,4879.7958930606,4866.19,1657902.693229438
0.183,0.398,785.6,0.2212823057,103138,0.2598557273,0.105,0.304,16236,2861.0,7070.0,237,60553.0,42415.0,76.26518697,16012,19193,10829.49,41048.924,18874.254,22822.6144452866,31353.951999999997,7865838.85371186
0.183,0.351,203.2,0.231921645,7359,0.2103546678,0.087,0.277,1107,221.0,167.0,0,54474.0,3280.0,80.104585424,1620,19195,640.233,2583.009,1346.697,1706.711385555,2038.4430000000002,589489.644135216
0.184,0.43,334.3,0.2185240896,12416,0.2416237113,0.101,0.302,1748,276.0,859.0,11,57133.0,4705.0,78.825301711,2926,19197,1254.016,5338.88,2284.544,2713.1950964736,3749.632,978694.9460437759
0.1683942979,0.356,524.7,0.2000991543,2913805,0.2391189527,0.097,0.267,522025,88010.0,147710.0,6245,63214.0,1159928.0,77.810873547,488316,20000,282639.085,1037314.58,490668.1471925095,583049.9162951115,777985.935,226725712.39561632
0.203,0.378,339.6,0.1844756738,12399,0.2223566417,0.103,0.328,1509,347.0,905.0,17,48616.0,4776.0,76.299845665,2675,20001,1277.097,4686.822,2516.9970000000003,2287.3138794461997,4066.8720000000003,946041.786400335
0.212,0.381,229.1,0.1946009856,7949,0.2590262926,0.101,0.312,928,175.0,471.0,5,53936.0,2472.0,76.498516929,1697,20003,802.849,3028.569,1685.1879999999999,1546.8832345344,2480.088,608086.711068621
0.205,0.366,280.0,0.1908915458,16015,0.2261629722,0.096,0.31,2035,471.0,550.0,27,56691.0,6306.0,77.676636794,2887,20005,1537.44,5861.49,3283.075,3057.1281059870003,4964.65,1243991.33825591
0.208,0.366,338.8,0.1886341599,4358,0.2306103717,0.1,0.316,555,78.0,240.0,1,52749.0,1816.0,75.518933856,1070,20007,435.8,1595.028,906.4639999999999,822.0676688441999,1377.128,329111.513744448
0.187,0.37,484.9,0.1754869871,25658,0.2366513368,0.11,0.321,3723,634.0,1515.0,64,51149.0,10893.0,76.888703604,5238,20009,2822.38,9493.46,4798.046,4502.6451150118,8236.218,1972810.357071432
0.203,0.397,309.6,0.1751920244,14435,0.2575684101,0.11,0.313,1808,380.0,513.0,10,49821.0,4837.0,75.944581603,2948,20011,1587.85,5730.695000000001,2930.3050000000003,2528.8968722140003,4518.155,1096260.035439305
0.197,0.41,366.0,0.175184497,9482,0.2555368066,0.103,0.311,1310,230.0,602.0,32,49483.0,3451.0,74.282245645,1999,20013,976.646,3887.62,1867.9540000000002,1661.0994005539999,2948.902,704344.2532058901
0.169,0.349,343.7,0.1927959425,66992,0.2507165035,0.089,0.283,11865,2130.0,2698.0,78,71827.0,25259.0,76.950827433,10854,20015,5962.288,23380.208,11321.648000000001,12915.78577996,18958.735999999997,5155089.831391536
0.182,0.351,,0.1941303176,2586,0.2003093581,0.097,0.297,352,81.0,103.0,0,57338.0,845.0,80.355319624,649,20017,250.842,907.6859999999999,470.652,502.0210013136,768.0419999999999,207798.856547664
0.222,0.396,184.6,0.1886656876,3230,0.2120743034,0.111,0.342,428,90.0,159.0,1,43155.0,1023.0,77.011213469,837,20019,358.53000000000003,1279.0800000000002,717.0600000000001,609.390170948,1104.66,248746.21950486998
0.214,0.374,426.3,0.1982696345,19681,0.2277323307,0.105,0.306,2591,522.0,1142.0,30,48336.0,7219.0,73.247328169,3898,20021,2066.505,7360.694,4211.7339999999995,3902.1446765945,6022.3859999999995,1441580.665694089
0.182,0.358,188.2,0.1883514182,2600,0.2046153846,0.098,0.303,394,29.0,147.0,1,50623.0,932.0,78.296054156,716,20023,254.8,930.8,473.2,489.71368732,787.8,203569.74080559998
0.169,0.355,,0.2017048451,1963,0.2475802343,0.095,0.297,287,23.0,126.0,0,58365.0,701.0,74.607307868,437,20025,186.485,696.865,331.747,395.94661093130003,583.011,146454.14534488402
0.174,0.374,287.4,0.2006086677,8025,0.2362616822,0.089,0.271,1274,171.0,257.0,6,53119.0,3197.0,78.372638627,1915,20027,714.225,3001.35,1396.35,1609.8845582924998,2174.775,628940.424981675
0.19,0.366,318.7,0.1881765478,8642,0.2305021986,0.098,0.314,1271,157.0,430.0,16,55001.0,3607.0,76.148447239,1877,20029,846.916,3162.9719999999998,1641.98,1626.2217260876,2713.588,658074.8810394381
0.18,0.36,220.1,0.1923803903,8158,0.2114488845,0.093,0.274,1247,204.0,392.0,12,59142.0,3158.0,77.478997117,1852,20031,758.694,2936.88,1468.44,1569.4392240674001,2235.2920000000004,632073.658480486
0.176,0.361,,0.1945782195,1690,0.2366863905,0.092,0.296,207,30.0,85.0,0,49314.0,757.0,73.675745973,456,20033,155.48,610.09,297.44,328.83719095500004,500.23999999999995,124512.01069437001
0.196,0.399,449.8,0.1883965379,34628,0.2319799007,0.105,0.337,5043,1098.0,2153.0,55,51398.0,12223.0,75.217915735,6575,20035,3635.94,13816.572,6787.088000000001,6523.7953144012,11669.636,2604645.98607158
0.192,0.382,574.5,0.1751741229,38730,0.2184611412,0.105,0.307,6078,1046.0,2277.0,87,46714.0,15984.0,74.425747143,6243,20037,4066.6499999999996,14794.86,7436.16,6784.493779917,11890.11,2882509.18684839
0.188,0.352,141.5,0.1984990608,2776,0.1988472622,0.094,0.292,407,46.0,54.0,1,48189.0,971.0,78.458833166,818,20039,260.944,977.1519999999999,521.888,551.0333927808,810.592,217801.72086881602
0.187,0.373,319.5,0.2125397927,18266,0.2269243403,0.098,0.306,2967,431.0,519.0,9,56755.0,7095.0,78.117851809,3781,20041,1790.068,6813.218,3415.742,3882.2518534582,5589.396,1426900.681143194
0.201,0.385,342.1,0.1879216104,7496,0.2113127001,0.1,0.31,1085,188.0,172.0,1,57012.0,3257.0,77.30626827,1515,20043,749.6,2885.96,1506.6960000000001,1408.6603915583999,2323.7599999999998,579487.78695192
0.151,0.29,647.0,0.1994344164,122530,0.1781522892,0.093,0.247,26623,3888.0,3972.0,377,65149.0,51093.0,80.422624419,16252,20045,11395.289999999999,35533.7,18502.03,24436.699041492,30264.91,9854184.17006007
0.177,0.387,,0.1805361672,2750,0.2254545455,0.113,0.328,480,44.0,45.0,0,51756.0,1107.0,64.708028356,619,20047,310.75,1064.25,486.75,496.4744598,902.0,177947.077979
0.216,0.391,,0.1802353144,2507,0.2333466294,0.11,0.356,244,56.0,113.0,0,45974.0,747.0,76.246049149,715,20049,275.77,980.2370000000001,541.512,451.8499332008,892.492,191148.845216543
0.169,0.359,518.3,0.2039023339,28671,0.2101775313,0.093,0.272,5857,592.0,1099.0,87,55505.0,13607.0,79.879386112,4778,20051,2666.403,10292.889,4845.399,5846.0838152469005,7798.512000000001,2290221.879217152
0.18,0.377,98.3,0.1997034039,6034,0.179151475,0.099,0.284,930,89.0,196.0,2,53443.0,2224.0,78.651753809,1303,20053,597.366,2274.818,1086.12,1205.0103391326,1713.656,474584.682483506
0.177,0.398,850.1,0.1719610272,35917,0.2981039619,0.131,0.364,4903,712.0,2769.0,43,65023.0,14752.0,77.544431005,4180,20055,4705.127,14294.966,6357.308999999999,6176.3242139424,13073.788,2785163.3284065854
0.175,0.43,508.6,0.1728151849,33094,0.2979996374,0.14,0.383,4159,584.0,1859.0,36,54442.0,13279.0,77.316916934,3922,20057,4633.160000000001,14230.42,5791.45,5719.1457290806,12675.002,2558726.0490137963
0.188,0.362,391.5,0.1973995179,25703,0.234213905,0.092,0.276,3556,769.0,1259.0,54,60899.0,10408.0,76.803182682,4543,20059,2364.676,9304.485999999999,4832.164,5073.7598085837,7094.028,1974072.204475446
0.181,0.366,1926.1,0.1650020441,32218,0.3117201564,0.115,0.293,8302,800.0,2508.0,105,50102.0,13955.0,74.359048877,2917,20061,3705.07,11791.788,5831.458,5316.0358568138,9439.874,2395699.836719186
0.186,0.345,151.7,0.1890220425,2621,0.2472338802,0.093,0.302,350,42.0,55.0,1,57676.0,905.0,80.177267255,647,20063,243.753,904.2449999999999,487.506,495.42677339249997,791.542,210144.61747535501
0.183,0.383,322.3,0.1877775438,2389,0.2143156132,0.098,0.305,313,52.0,97.0,0,47104.0,909.0,78.2982122,646,20065,234.122,914.987,437.187,448.6005521382,728.645,187054.4289458
0.165,0.388,363.6,0.1633421558,7077,0.300551081,0.123,0.358,1151,127.0,348.0,4,67764.0,2563.0,77.60449426,1055,20067,870.471,2745.876,1167.7050000000002,1155.9724365966,2533.566,549207.00587802
0.171,0.384,100.2,0.1855422471,5954,0.2865300638,0.095,0.299,900,72.0,274.0,1,72095.0,2727.0,78.834426992,984,20069,565.63,2286.3360000000002,1018.1340000000001,1104.7185392334,1780.2459999999999,469380.17831036804
0.157,0.355,,0.1872507624,1196,0.266722408,0.099,0.291,141,15.0,91.0,0,66089.0,427.0,,239,20071,118.40400000000001,424.58,187.772,223.95191183039998,348.036,
0.201,0.375,334.3,0.1868988634,5868,0.2138718473,0.101,0.309,776,164.0,376.0,1,50399.0,2297.0,75.317616851,1570,20073,592.668,2200.5,1179.468,1096.7225304312,1813.212,441963.77568166796
0.174,0.387,393.9,0.1714769226,2425,0.2696907216,0.117,0.344,251,28.0,71.0,0,61342.0,802.0,75.265936913,368,20075,283.725,938.475,421.95,415.831537305,834.1999999999999,182519.89701402502
0.206,0.382,184.0,0.1799759234,5336,0.2475637181,0.104,0.333,636,124.0,335.0,3,48275.0,1854.0,74.332799399,1284,20077,554.944,2038.352,1099.216,960.3515272623999,1776.8880000000001,396639.817593064
0.161,0.328,386.3,0.1937557176,34291,0.2404712607,0.094,0.29,5789,900.0,1428.0,144,63861.0,13455.0,77.861229294,6885,20079,3223.354,11247.448,5520.851000000001,6644.0773122216,9944.39,2669939.4137205537
0.18,0.392,252.0,0.1663509406,3923,0.2809074688,0.122,0.346,454,53.0,125.0,1,66053.0,1460.0,79.7822078,614,20081,478.606,1537.816,706.14,652.5947399738,1357.358,312985.6011994
0.161,0.34,,0.193187097,1779,0.2299044407,0.091,0.266,234,27.0,57.0,0,60414.0,806.0,75.356133379,406,20083,161.88899999999998,604.86,286.419,343.679845563,473.214,134058.561281241
0.191,0.377,448.0,0.192685958,13171,0.2508541493,0.096,0.328,1720,393.0,763.0,7,57871.0,4922.0,78.242137115,2563,20085,1264.416,4965.467,2515.661,2537.866752818,4320.088,1030527.1879416651
0.183,0.343,262.6,0.2093862709,19032,0.224726776,0.09,0.282,2935,499.0,579.0,8,63712.0,7956.0,79.647814929,3836,20087,1712.8799999999999,6527.976000000001,3482.8559999999998,3985.0395077688,5367.023999999999,1515857.213728728
0.199,0.373,,0.1876534309,2833,0.2040240028,0.101,0.315,350,39.0,65.0,0,46688.0,941.0,80.223179758,886,20089,286.13300000000004,1056.709,563.767,531.6221697397,892.395,227272.268254414
0.119,0.311,356.7,0.2074936592,607220,0.2376749778,0.077,0.193,140851,17602.0,22815.0,1548,91799.0,260326.0,81.392640246,94102,20091,46755.94,188845.42,72259.18,125994.29973942401,117193.46,49423239.01017612
0.192,0.406,286.6,0.1681476203,3745,0.2921228304,0.128,0.377,223,55.0,274.0,2,66713.0,1379.0,79.016177908,626,20093,479.36,1520.47,719.04,629.7128380235,1411.865,295915.58626546
0.17,0.361,195.7,0.2071776621,6974,0.2147978205,0.086,0.272,1019,174.0,284.0,7,58678.0,3003.0,66.000110435,1533,20095,599.7639999999999,2517.614,1185.5800000000002,1444.8570154853999,1896.928,460284.77017369
0.181,0.379,161.6,0.1854211878,2456,0.2385993485,0.097,0.296,262,41.0,97.0,10,56664.0,974.0,75.85439577,553,20097,238.232,930.824,444.536,455.3944372368,726.976,186298.39601112
0.215,0.357,443.5,0.188993194,19586,0.2433881344,0.111,0.333,2819,544.0,1084.0,18,50222.0,7574.0,74.990159431,3954,20099,2174.046,6992.201999999999,4210.99,3701.620697684,6522.138,1468757.262615566
0.178,0.382,,0.1900537216,1518,0.2299077734,0.098,0.303,224,22.0,1.0,0,60530.0,639.0,,362,20101,148.764,579.876,270.204,288.5015493888,459.954,
0.174,0.365,506.4,0.1997134591,82246,0.2346618681,0.091,0.284,15542,2135.0,3474.0,180,76429.0,29826.0,78.351802022,12727,20103,7484.3859999999995,30019.79,14310.803999999998,16425.6331571386,23357.863999999998,6444122.309101412
0.185,0.365,135.0,0.192401919,2986,0.2203616879,0.094,0.285,431,50.0,250.0,1,50231.0,1053.0,80.164035162,770,20105,280.684,1089.8899999999999,552.41,574.512130134,851.0099999999999,239369.808993732
0.212,0.379,268.0,0.195624969,9654,0.2142117257,0.103,0.326,1229,306.0,390.0,8,55006.0,3383.0,76.320622591,2220,20107,994.362,3658.866,2046.648,1888.5634507260002,3147.204,736799.290493514
0.189,0.366,179.0,0.189935834,2732,0.2481698389,0.097,0.299,483,41.0,200.0,0,56833.0,1079.0,77.25593199,588,20109,265.004,999.912,516.348,518.904698488,816.8679999999999,211063.20619668
0.169,0.412,650.7,0.1747907258,33045,0.2210319262,0.113,0.342,4985,790.0,1581.0,119,56290.0,13177.0,77.91845777,5380,20111,3734.085,13614.539999999999,5584.6050000000005,5775.959534060999,11301.390000000001,2574815.4370096503
0.172,0.372,357.4,0.1857796201,28448,0.2249015748,0.092,0.272,4815,599.0,949.0,26,68904.0,12016.0,78.74832568,5877,20113,2617.216,10582.655999999999,4893.056,5285.0586326048,7737.856000000001,2240232.36894464
0.178,0.346,159.9,0.2020706889,11652,0.2088053553,0.089,0.264,1507,245.0,482.0,6,53709.0,4157.0,78.090942324,2792,20115,1037.028,4031.5919999999996,2074.056,2354.5276670628,3076.128,909915.6599592479
0.191,0.359,103.0,0.2019541594,9652,0.2389142147,0.093,0.312,1264,173.0,352.0,8,56429.0,3828.0,77.427305853,2220,20117,897.636,3465.0679999999998,1843.532,1949.2615465288,3011.424,747328.3560931559
0.18,0.358,148.8,0.1813504014,4029,0.2591213701,0.104,0.322,500,60.0,198.0,0,52590.0,1573.0,74.459835198,774,20119,419.01599999999996,1442.3819999999998,725.22,730.6607672406,1297.338,299998.676012742
0.166,0.383,257.0,0.1955941545,34334,0.2418011301,0.083,0.279,4971,888.0,1193.0,57,78717.0,13519.0,80.097117499,6149,20121,2849.722,13149.922,5699.444,6715.5297006030005,9579.186000000002,2750054.432210666
0.19,0.361,200.7,0.1873410476,5879,0.2306514713,0.093,0.287,879,94.0,283.0,5,53745.0,2227.0,78.390539445,1419,20123,546.747,2122.319,1117.01,1101.3780188404,1687.273,460857.98139715503
0.206,0.41,515.3,0.178323932,31502,0.2347470002,0.114,0.322,4638,1078.0,1769.0,66,44071.0,11351.0,74.977091324,6565,20125,3591.228,12915.82,6489.411999999999,5617.560505863999,10143.644,2361928.330888648
0.186,0.347,231.3,0.2028333668,5559,0.2083108473,0.095,0.284,776,121.0,210.0,3,53793.0,2292.0,78.02949384,1418,20127,528.105,1928.973,1033.974,1127.5506860412,1578.7559999999999,433765.95625656
0.182,0.379,541.2,0.1819458451,2538,0.2356185973,0.111,0.326,267,34.0,159.0,1,56878.0,957.0,71.667474265,551,20129,281.718,961.902,461.916,461.7785548638,827.388,181892.04968457
0.178,0.324,136.8,0.1860691463,10121,0.2650923822,0.086,0.277,1679,166.0,315.0,2,62744.0,4131.0,79.053194509,2064,20131,870.406,3279.204,1801.538,1883.2058297023,2803.5170000000003,800097.381625589
0.202,0.396,406.1,0.1785894522,15929,0.2442714546,0.106,0.329,2419,401.0,870.0,18,56085.0,5416.0,75.168103768,3249,20133,1688.474,6307.884,3217.6580000000004,2844.7513840938,5240.6410000000005,1197352.724920472
0.181,0.366,181.8,0.1829875338,2768,0.2196531792,0.101,0.302,353,46.0,97.0,0,55311.0,1048.0,76.670319042,721,20135,279.56800000000004,1013.088,501.008,506.5094935584,835.9359999999999,212223.443108256
0.192,0.349,149.2,0.200579568,5328,0.1914414414,0.098,0.306,910,71.0,76.0,5,47512.0,1720.0,76.582348772,1111,20137,522.144,1859.472,1022.976,1068.687938304,1630.368,408030.754257216
0.197,0.373,326.0,0.197614254,15770,0.2284717819,0.096,0.31,2018,409.0,692.0,1,55287.0,5812.0,76.845152747,3263,20139,1513.92,5882.21,3106.69,3116.3767855799997,4888.7,1211848.05882019
0.185,0.363,233.8,0.1947694581,3439,0.2087816226,0.095,0.305,547,57.0,181.0,4,47811.0,1309.0,78.109700372,894,20141,326.705,1248.357,636.215,669.8121664058999,1048.895,268619.25957930804
0.184,0.358,192.8,0.1971914603,5712,0.2274159664,0.091,0.296,775,127.0,312.0,1,60560.0,2368.0,76.826272654,1212,20143,519.792,2044.896,1051.008,1126.3576212336,1690.752,438831.669399648
0.185,0.365,140.3,0.1967804925,6366,0.1547282438,0.1,0.302,856,107.0,238.0,40,53821.0,2349.0,76.737319243,1432,20145,636.6,2323.59,1177.71,1252.704615255,1922.532,488509.774300938
0.19,0.377,114.6,0.1965924222,5181,0.2252460915,0.095,0.306,891,91.0,113.0,10,56047.0,2170.0,78.210336469,1313,20147,492.195,1953.237,984.39,1018.5453394182,1585.386,405207.753245889
0.159,0.363,209.2,0.2025997022,24722,0.2898632797,0.087,0.255,4708,520.0,750.0,9,75476.0,8885.0,80.755132689,3709,20149,2150.814,8974.086,3930.7980000000002,5008.6698377884,6304.11,1996428.390337458
0.174,0.347,436.5,0.2061854222,9127,0.2420291443,0.094,0.29,1464,178.0,469.0,7,62958.0,3544.0,75.839254552,1932,20151,857.938,3167.069,1588.098,1881.8543484194,2646.83,692184.876296104
0.18,0.368,237.2,0.189142242,2511,0.2210274791,0.099,0.295,429,39.0,45.0,0,54417.0,924.0,78.017690703,701,20153,248.589,924.048,451.97999999999996,474.936169662,740.745,195902.421355233
0.192,0.399,506.5,0.1735222496,61793,0.2207855259,0.106,0.305,9251,1629.0,2261.0,115,57611.0,23674.0,77.500274259,12705,20155,6550.058,24655.407000000003,11864.256,10722.4603695328,18846.864999999998,4788974.447286387
0.18,0.367,,0.1906142295,4536,0.2138447972,0.092,0.286,609,77.0,175.0,4,52537.0,1837.0,75.890960615,1274,20157,417.312,1664.712,816.48,864.626145012,1297.2959999999998,344241.39734963997
0.174,0.37,325.0,0.1923141707,9362,0.2273018586,0.101,0.299,1392,215.0,245.0,5,59659.0,3675.0,77.356173082,1888,20159,945.562,3463.94,1628.9879999999998,1800.4452660934,2799.238,724208.492393684
0.158,0.3,736.9,0.1842819825,73202,0.1657331767,0.101,0.25,16165,1688.0,3231.0,196,56333.0,29632.0,80.467000719,7541,20161,7393.402,21960.6,11565.916,13489.809682965,18300.5,5890345.386632238
0.189,0.372,223.6,0.1964402209,4827,0.2253987984,0.092,0.295,755,101.0,223.0,1,51376.0,1804.0,77.803531676,1140,20163,444.084,1795.644,912.303,948.2169462843,1423.965,375557.64740005205
0.178,0.371,494.1,0.1927580816,2947,0.1937563624,0.093,0.297,396,73.0,149.0,0,50673.0,1158.0,74.567469222,765,20165,274.071,1093.337,524.566,568.0580664752,875.259,219750.331797234
0.187,0.37,218.8,0.1925552123,6804,0.2226631393,0.097,0.317,958,140.0,212.0,0,56536.0,2660.0,75.585056052,1732,20167,659.988,2517.48,1272.348,1310.1456644892,2156.868,514280.721377808
0.174,0.357,457.4,0.1927654654,53926,0.2298705634,0.097,0.297,8346,1618.0,3098.0,200,56928.0,21810.0,77.706567843,10205,20169,5230.822,19251.582,9383.124,10395.0704871604,16016.021999999999,4190404.377501618
0.169,0.373,228.1,0.1834244483,4790,0.2611691023,0.1,0.306,570,72.0,128.0,4,68514.0,1952.0,78.290295758,975,20171,479.0,1786.67,809.5100000000001,878.6031073569999,1465.74,375010.51668082
0.171,0.384,693.2,0.1651514647,519907,0.2527875178,0.111,0.286,92510,22448.0,34883.0,1235,59789.0,206515.0,76.472902515,80071,20173,57709.677,199644.288,88904.09700000001,85863.4025577829,148693.402,39758797.32786611
0.171,0.398,728.0,0.140523796,21038,0.3107709858,0.152,0.423,2594,430.0,1323.0,20,54330.0,7468.0,78.084468151,2312,20175,3197.776,8373.124,3597.4980000000005,2956.3396202480003,8899.074,1642741.040960738
0.17,0.387,734.4,0.1786429531,175999,0.2325695032,0.106,0.293,28657,5433.0,9478.0,639,56191.0,68145.0,76.263585278,33963,20177,18655.894,68111.613,29919.83,31440.9811026469,51567.706999999995,13422314.74534272
0.173,0.372,158.7,0.200041438,2520,0.2412698413,0.091,0.286,456,33.0,131.0,0,58186.0,906.0,77.838924952,620,20179,229.32,937.4399999999999,435.96,504.10442376,720.7199999999999,196154.09087903998
0.162,0.37,405.6,0.1938612457,5777,0.2402631123,0.095,0.278,1240,99.0,283.0,2,52718.0,2057.0,78.160798855,1196,20181,548.815,2137.49,935.874,1119.9364164089,1606.006,451534.934985335
0.188,0.356,111.6,0.1905635693,3544,0.2025959368,0.092,0.294,494,53.0,111.0,0,49114.0,1401.0,79.617483798,1027,20183,326.048,1261.664,666.272,675.3572895992,1041.936,282164.362580112
0.181,0.362,96.2,0.1866451242,4046,0.2377656945,0.105,0.314,588,76.0,185.0,2,55004.0,1597.0,75.47579002,899,20185,424.83,1464.652,732.326,755.1661725132001,1270.444,305375.04642092
0.168,0.401,249.3,0.1749272242,1969,0.2854240731,0.123,0.352,175,26.0,96.0,0,68439.0,700.0,78.074725948,360,20187,242.18699999999998,789.5690000000001,330.79200000000003,344.4317044498,693.088,153729.13539161198
0.187,0.408,182.3,0.1650162,5388,0.2841499629,0.126,0.373,643,80.0,212.0,4,66592.0,1905.0,79.805705609,850,20189,678.888,2198.3039999999996,1007.556,889.1072856,2009.724,429993.141821292
0.183,0.371,324.0,0.1783173248,22578,0.2401009833,0.095,0.288,3273,891.0,919.0,20,56609.0,8219.0,75.547799261,4481,20191,2144.91,8376.438,4131.774,4026.0485593344,6502.464,1705718.211714858
0.185,0.345,321.5,0.1931092331,7702,0.2382498052,0.098,0.294,1480,122.0,80.0,13,65158.0,3497.0,76.016642718,1408,20193,754.796,2657.1899999999996,1424.87,1487.3273133362,2264.388,585480.182214036
0.176,0.351,142.7,0.1994973458,2758,0.1870920957,0.089,0.276,427,51.0,79.0,2,60246.0,1228.0,79.37465713,723,20195,245.462,968.058,485.40799999999996,550.2136797164001,761.2080000000001,218915.30436454
0.172,0.361,216.4,0.2198907448,6906,0.228931364,0.086,0.274,1052,155.0,272.0,5,64886.0,2499.0,79.693169945,1460,20197,593.9159999999999,2493.066,1187.8319999999999,1518.5654835888001,1892.2440000000001,550361.0316401699
0.161,0.351,,0.1966213343,1536,0.2662760417,0.092,0.273,254,18.0,4.0,1,57386.0,493.0,,353,20199,141.312,539.136,247.296,302.0103694848,419.32800000000003,
0.187,0.343,222.0,0.1929797854,5427,0.2332780542,0.092,0.288,632,76.0,137.0,0,51751.0,2100.0,80.325502538,1338,20201,499.284,1861.4610000000002,1014.849,1047.3012953658,1562.9759999999999,435926.502273726
0.151,0.396,188.8,0.1832941895,2074,0.269045323,0.106,0.31,353,26.0,61.0,0,61326.0,777.0,74.862458384,442,20203,219.844,821.3040000000001,313.174,380.152149023,642.9399999999999,155264.73868841602
0.21,0.364,281.5,0.2001825668,8362,0.2343936857,0.103,0.323,1197,304.0,576.0,1,50472.0,3125.0,75.612249841,1929,20205,861.286,3043.768,1756.02,1673.9266235815999,2700.926,632269.633170442
0.213,0.374,,0.1785744136,3015,0.200331675,0.109,0.334,390,93.0,133.0,1,45357.0,991.0,76.599285327,771,20207,328.635,1127.61,642.1949999999999,538.401857004,1007.0100000000001,230946.84526090501
0.201,0.399,927.9,0.1651091108,165265,0.2755937434,0.14,0.394,24016,6089.0,14828.0,286,52223.0,60119.0,74.65876968,21558,20209,23137.100000000002,65940.735,33218.265,27286.757196362,65114.41,12338481.5711652
0.2453331593,0.364,468.1,0.1820838545,4477251,0.2237795022,0.117,0.316,712068,134249.0,263236.0,11544,54074.0,1592944.0,75.081765246,770835,21000,523838.367,1629719.364,1098418.1328090844,815235.1196439795,1414811.316,336159908.52941877
0.287,0.386,260.4,0.142450415,19555,0.1942725646,0.126,0.391,2118,501.0,512.0,45,42429.0,6262.0,74.732247889,3786,21001,2463.93,7548.2300000000005,5612.285,2785.617865325,7646.005,1461389.107469395
0.273,0.38,239.3,0.1533617768,21303,0.2273388725,0.119,0.363,2771,476.0,1333.0,13,49980.0,6687.0,74.731032952,3901,21003,2535.057,8095.14,5815.719,3267.0659311704,7732.989,1591995.1949764562
0.229,0.376,369.3,0.1682224521,22833,0.2322515657,0.108,0.313,3423,718.0,1150.0,16,65443.0,8636.0,75.368695274,3799,21005,2465.964,8585.208,5228.7570000000005,3841.0232487993003,7146.729,1720893.4191912422
0.249,0.399,304.3,0.1637601348,7769,0.2054318445,0.116,0.328,1026,222.0,384.0,1,48623.0,2891.0,76.500034974,1678,21007,901.2040000000001,3099.831,1934.481,1272.2524872612,2548.232,594328.771713006
0.281,0.384,375.1,0.1437598381,44300,0.2353950339,0.129,0.378,5140,1366.0,2946.0,72,45298.0,14319.0,75.271012283,8035,21009,5714.7,17011.2,12448.300000000001,6368.560827830001,16745.4,3334505.8441369003
0.28,0.378,200.0,0.1492126506,12481,0.2531047192,0.12,0.374,1141,379.0,966.0,37,41778.0,3614.0,71.950647869,2196,21011,1497.72,4717.818,3494.6800000000003,1862.3230921386,4667.894,898016.036052989
0.338,0.42,219.0,0.1295651583,25482,0.2091672553,0.15,0.44,2633,642.0,1516.0,8,30202.0,5687.0,70.609986475,5188,21013,3822.2999999999997,10702.44,8612.916000000001,3301.5793638006003,11212.08,1799283.67535595
0.181,0.326,324.9,0.1936947681,135396,0.2573488138,0.097,0.268,24806,3791.0,7070.0,162,82393.0,54386.0,78.931718039,19428,21015,13133.412,44139.096000000005,24506.676,26225.4968216676,36286.128000000004,10687038.895608444
0.249,0.379,348.7,0.1590363797,19901,0.2268227727,0.119,0.351,2499,561.0,1153.0,26,52368.0,7347.0,75.234794455,3973,21017,2368.219,7542.479,4955.349,3164.9829924097003,6985.250999999999,1497247.644448955
0.249,0.425,237.6,0.1515466688,46516,0.214872302,0.124,0.344,7335,1465.0,2684.0,362,54694.0,15059.0,73.763759745,9598,21019,5767.984,19769.3,11582.484,7049.3448459008005,16001.503999999999,3431195.04829842
0.234,0.38,336.0,0.1558580076,30367,0.2028188494,0.116,0.325,4086,922.0,1531.0,76,53374.0,9646.0,76.729622031,5963,21021,3522.572,11539.460000000001,7105.878000000001,4732.940116789199,9869.275,2330048.432215377
0.264,0.381,216.8,0.1605696803,8286,0.2330436881,0.116,0.363,1040,233.0,285.0,2,55112.0,2673.0,73.747377836,1497,21023,961.176,3156.966,2187.504,1330.4803709658,3007.8179999999998,611070.772749096
0.307,0.424,87.1,0.1296480229,12550,0.2135458167,0.143,0.414,1518,336.0,880.0,31,33852.0,3208.0,68.438239357,2283,21025,1794.6499999999999,5321.2,3852.85,1627.082687395,5195.7,858899.90393035
0.269,0.394,278.4,0.1561256664,20537,0.2241320543,0.123,0.375,2296,572.0,1243.0,20,50292.0,5814.0,76.020141511,4194,21027,2526.051,8091.578,5524.453,3206.3528108568,7701.375,1561225.6462114071
0.236,0.358,209.4,0.1687142611,82182,0.2130150155,0.101,0.316,12093,2672.0,4397.0,78,71835.0,33869.0,78.087145584,13830,21029,8300.382000000001,29421.156,19394.951999999997,13865.275405720202,25969.512,6417357.798384287
0.273,0.389,302.8,0.1573343646,12703,0.2264819334,0.121,0.349,1531,342.0,568.0,10,44933.0,4101.0,73.028691085,2428,21031,1537.0629999999999,4941.467000000001,3467.9190000000003,1998.6184335138,4433.347,927683.4628527551
0.252,0.38,439.3,0.162277081,12687,0.2255852447,0.117,0.336,1596,346.0,925.0,8,47670.0,4363.0,74.263581935,2728,21033,1484.3790000000001,4821.06,3197.124,2058.809326647,4262.832,942182.064009345
0.227,0.389,407.7,0.1528328204,39300,0.1775318066,0.115,0.329,5892,1113.0,1663.0,30,47438.0,14010.0,76.771849361,7042,21035,4519.5,15287.7,8921.1,6006.32984172,12929.7,3017133.6798873
0.208,0.36,398.6,0.1782025882,94020,0.2062965327,0.099,0.271,18672,2761.0,4860.0,142,64151.0,36420.0,77.32893924,15853,21037,9307.98,33847.2,19556.16,16754.607342564002,25479.420000000002,7270466.867344799
0.267,0.381,147.1,0.1531990623,4692,0.2312446718,0.122,0.361,502,102.0,210.0,0,46935.0,1474.0,74.716070899,995,21039,572.424,1787.652,1252.7640000000001,718.8100003116,1693.812,350567.804658108
0.279,0.406,470.3,0.1471666225,10730,0.2615097856,0.128,0.383,1222,311.0,1029.0,7,52640.0,3701.0,71.305341881,1726,21041,1373.44,4356.38,2993.67,1579.097859425,4109.59,765106.31838313
0.289,0.421,171.7,0.1515034287,26542,0.2228920202,0.131,0.409,2892,923.0,1285.0,54,44720.0,6870.0,73.508295567,5226,21043,3477.002,11174.181999999999,7670.637999999999,4021.2040045554,10855.678,1951057.1809393142
0.3,0.371,216.6,0.1430880071,16066,0.2300510395,0.135,0.401,1429,416.0,849.0,19,35069.0,4140.0,74.474327529,3349,21045,2168.9100000000003,5960.486,4819.8,2298.8519220686,6442.466,1196504.546080914
0.264,0.38,793.3,0.1428406294,71478,0.270586754,0.136,0.338,12449,1925.0,5887.0,360,46950.0,24190.0,73.761769347,9188,21047,9721.008,27161.64,18870.192,10209.9625082532,24159.564000000002,5272343.749384866
0.237,0.381,421.9,0.1562992827,36463,0.2239804734,0.113,0.32,5613,1115.0,2469.0,33,58340.0,13392.0,74.057131362,6750,21049,4120.319,13892.403,8641.731,5699.1407450901,11668.16,2700345.1808526064
0.335,0.402,196.0,0.1362335245,19631,0.208904284,0.156,0.441,1881,448.0,1404.0,13,26866.0,4197.0,70.746153731,3147,21051,3062.436,7891.662,6576.385,2674.4003194595,8657.271,1388817.743893261
0.306,0.409,137.0,0.1423049066,10110,0.2151335312,0.14,0.416,1057,202.0,574.0,17,37428.0,3195.0,74.08252664,2070,21053,1415.4,4134.99,3093.66,1438.702605726,4205.76,748974.3443304
0.264,0.369,159.0,0.1580746189,8847,0.2259523002,0.117,0.361,945,203.0,533.0,1,46844.0,2671.0,73.221859691,1895,21055,1035.0990000000002,3264.543,2335.608,1398.4861534083,3193.767,647793.7926862771
0.281,0.401,181.4,0.1481673436,6523,0.2087996321,0.126,0.373,686,159.0,355.0,15,38275.0,1919.0,74.895690967,1518,21057,821.898,2615.723,1832.9630000000002,966.4955823028,2433.079,488544.59217774094
0.234,0.374,582.2,0.1618744932,101978,0.2436015611,0.115,0.329,16480,2799.0,5917.0,316,54948.0,39216.0,76.462269489,17954,21059,11727.470000000001,38139.772,23862.852000000003,16507.6370675496,33550.762,7797469.317949241
0.288,0.393,164.6,0.1494143786,12235,0.1790764201,0.124,0.371,1521,352.0,592.0,7,44459.0,3470.0,76.080121311,2619,21061,1517.14,4808.3550000000005,3523.68,1828.084922171,4539.185,930840.2842400849
0.322,0.408,133.0,0.141925103,7372,0.1734943028,0.143,0.416,624,198.0,393.0,17,35030.0,1402.0,77.497490624,1557,21063,1054.196,3007.776,2373.784,1046.271859316,3066.752,571311.500880128
0.309,0.412,248.1,0.1464691862,14109,0.2154653058,0.133,0.396,1341,387.0,910.0,11,39719.0,3623.0,72.167381128,2766,21065,1876.497,5812.907999999999,4359.681,2066.5337480957996,5587.164000000001,1018209.580334952
0.173,0.337,796.5,0.1747245287,324735,0.2071720018,0.109,0.281,70492,9879.0,17668.0,1464,60215.0,128459.0,78.078245361,46761,21067,35396.115,109435.695,56179.155,56739.1698273945,91250.535,25354739.007304337
0.277,0.383,267.5,0.1604810817,14603,0.2423474629,0.122,0.372,1926,449.0,658.0,5,44691.0,4269.0,74.590898238,2716,21069,1781.566,5592.9490000000005,4045.0310000000004,2343.5052360651,5432.316,1089250.886969514
0.31,0.401,272.6,0.1352448413,34974,0.2219934809,0.136,0.394,3909,983.0,2250.0,967,35087.0,9613.0,70.278617953,6736,21071,4756.464,14024.574,10841.94,4730.0530796262,13779.756000000001,2457924.3842882216
0.21,0.37,698.2,0.1631432237,51118,0.2081067334,0.108,0.293,8842,1628.0,3019.0,77,59911.0,18734.0,75.581570488,9518,21073,5520.744,18913.66,10734.779999999999,8339.5553090966,14977.573999999999,3863578.720205584
0.303,0.424,887.9,0.1330560977,5952,0.2143817204,0.153,0.399,598,129.0,671.0,0,36421.0,1645.0,69.129645896,1284,21075,910.656,2523.648,1803.456,791.9498935103999,2374.848,411459.652372992
0.26,0.376,169.1,0.1604584762,8779,0.2319170748,0.118,0.351,939,241.0,532.0,6,55650.0,3021.0,72.804761053,1321,21077,1035.922,3300.904,2282.54,1408.6649625598,3081.4289999999996,639152.9972842869
0.256,0.382,300.0,0.1660470066,17719,0.2159264067,0.113,0.341,2461,473.0,861.0,5,54951.0,6356.0,76.06590616,3380,21079,2002.247,6768.658,4536.064,2942.1869099453997,6042.179,1347811.79124904
0.261,0.372,418.8,0.1566232779,25387,0.2642297239,0.118,0.365,3036,818.0,2317.0,20,56274.0,8949.0,73.639798735,3661,21081,2995.6659999999997,9443.964,6626.0070000000005,3976.1951560473,9266.255,1869493.570485445
0.261,0.385,434.7,0.1536740122,36818,0.2393122929,0.125,0.372,4921,930.0,1767.0,37,44475.0,13400.0,74.916539442,7133,21083,4602.25,14174.93,9609.498,5657.9697811795995,13696.296,2758277.149175556
0.287,0.406,302.7,0.1486626973,26480,0.2322885196,0.128,0.384,2789,831.0,1557.0,34,42297.0,8522.0,73.715938246,4896,21085,3389.44,10750.880000000001,7599.759999999999,3936.588224504,10168.32,1951998.0447540798
0.284,0.38,210.2,0.1478799126,10995,0.2085493406,0.125,0.356,1219,276.0,643.0,18,41322.0,3154.0,74.696247569,2348,21087,1374.375,4178.1,3122.58,1625.939639037,3914.22,821285.242021155
0.237,0.399,208.0,0.1599495514,34865,0.2145704862,0.113,0.33,5260,1174.0,1550.0,61,55777.0,11931.0,73.824949556,7586,21089,3939.745,13911.135,8263.005,5576.641109561,11505.45,2573906.86626994
0.248,0.363,275.2,0.1668191799,8742,0.2468542668,0.111,0.332,1120,233.0,445.0,6,57111.0,3319.0,75.860175903,1590,21091,970.362,3173.346,2168.016,1458.3332706858,2902.344,663169.6577440259
0.232,0.371,612.8,0.158910445,111309,0.2423433864,0.115,0.33,20500,3385.0,6966.0,465,56557.0,41113.0,75.953765696,16636,21093,12800.535,41295.639,25823.688000000002,17688.162722505,36731.97,8454337.705856064
0.321,0.444,153.8,0.1295437109,25566,0.2313619651,0.147,0.43,3183,780.0,1643.0,12,30745.0,5170.0,69.080244457,4979,21095,3758.2019999999998,11351.304,8206.686,3311.9145128694,10993.38,1766105.5297876622
0.262,0.391,291.2,0.1578263856,18920,0.2270084567,0.117,0.344,2238,535.0,721.0,12,55934.0,6670.0,74.470388636,3435,21097,2213.6400000000003,7397.72,4957.04,2986.075215552,6508.48,1408979.7529931199
0.287,0.398,252.2,0.1473169661,19013,0.2437805712,0.13,0.387,1454,496.0,1052.0,18,41608.0,5917.0,74.849765836,3299,21099,2471.69,7567.174,5456.731,2800.9374764593,7358.031,1423118.5978398682
0.257,0.385,446.8,0.1776109437,44740,0.2260616898,0.118,0.344,6059,1278.0,3399.0,59,54701.0,17297.0,75.44549706,8441,21101,5279.32,17224.9,11498.18,7946.313621138,15390.56,3375431.5384643995
0.259,0.383,254.2,0.1529673051,16067,0.2326507749,0.117,0.335,1709,460.0,899.0,7,53170.0,5600.0,74.918642341,2918,21103,1879.8390000000002,6153.661,4161.353,2457.7256910417,5382.445000000001,1203717.826492847
0.277,0.4,182.6,0.1438996378,4364,0.1911090742,0.131,0.387,543,95.0,226.0,0,46553.0,1226.0,74.634539537,1138,21105,571.684,1745.6000000000001,1208.8280000000002,627.9780193592001,1688.868,325705.13053946797
0.256,0.361,447.6,0.1430273914,44662,0.226658009,0.119,0.371,6456,1334.0,3413.0,48,47631.0,16725.0,74.201411083,8580,21107,5314.777999999999,16122.982,11433.472,6387.8893547068,16569.602,3313983.421788946
0.305,0.408,292.6,0.1405338957,13340,0.2262368816,0.132,0.391,893,351.0,608.0,6,35889.0,3120.0,71.9028391,2436,21109,1760.88,5442.719999999999,4068.7,1874.7221686379999,5215.9400000000005,959183.8735939999
0.222,0.335,731.4,0.2017986891,767452,0.2187159588,0.107,0.324,147891,26717.0,56590.0,2624,62067.0,296645.0,75.225038284,130786,21111,82117.364,257096.42,170374.344,154870.8075471732,248654.448,57731606.08113236
0.225,0.372,378.8,0.1659785958,54057,0.2360841334,0.108,0.325,8342,1471.0,2703.0,67,67610.0,18964.0,77.191792006,8750,21113,5838.156,20109.204,12162.825,8972.3049531606,17568.525,4172756.700468342
0.264,0.395,171.3,0.1400679401,22002,0.2208890101,0.125,0.364,3323,573.0,782.0,40,40455.0,5352.0,71.916567451,4247,21115,2750.25,8690.79,5808.528,3081.7748180802,8008.728,1582308.3170569022
0.212,0.348,489.8,0.1855577705,167949,0.2334041882,0.107,0.287,33046,4985.0,10548.0,320,66015.0,69476.0,76.35156794,25683,21117,17970.542999999998,58446.25199999999,35605.188,31164.2419977045,48201.363,12823169.48395506
0.314,0.382,121.6,0.1384175141,14512,0.1985253583,0.142,0.404,1771,371.0,1023.0,6,33253.0,3473.0,71.205714334,2933,21119,2060.7039999999997,5543.584,4556.768,2008.7149646192,5862.848,1033337.326415008
0.305,0.39,488.0,0.1343125138,31022,0.2335117014,0.14,0.416,3491,819.0,2204.0,27,31568.0,8199.0,72.114532366,5554,21121,4343.080000000001,12098.58,9461.71,4166.6428031036,12905.152,2237137.023058052
0.262,0.394,326.4,0.1666578201,14431,0.2243087797,0.119,0.359,1946,421.0,624.0,6,50980.0,5472.0,74.644853841,2661,21123,1717.289,5685.814,3780.922,2405.0390018631,5180.728999999999,1077199.885779471
0.27,0.362,296.0,0.1413927991,61238,0.2300205755,0.125,0.371,8036,1727.0,4165.0,40,50743.0,19772.0,74.280294765,10424,21125,7654.75,22168.156,16534.260000000002,8658.612231285799,22719.298,4548776.69081907
0.313,0.405,182.8,0.1409676659,15436,0.240735942,0.13,0.387,1511,433.0,923.0,57,38213.0,3805.0,72.229999617,2851,21127,2006.68,6251.580000000001,4831.468,2175.9768908324004,5973.732,1114942.274088012
0.355,0.427,108.1,0.1305221229,7268,0.1816180517,0.157,0.462,733,143.0,573.0,10,30575.0,1656.0,69.154936232,1340,21129,1141.076,3103.436,2580.14,948.6347892372,3357.8160000000003,502618.07653417595
0.331,0.407,40.5,0.1345530467,9637,0.2127218014,0.144,0.419,1312,284.0,604.0,6,39098.0,2742.0,70.292612326,1828,21131,1387.7279999999998,3922.2589999999996,3189.847,1296.6877110479002,4037.903,677409.904985662
0.317,0.424,111.4,0.1320114581,21213,0.2177909772,0.135,0.412,2933,623.0,1302.0,18,36259.0,5692.0,70.376686451,4370,21133,2863.755,8994.312,6724.521,2800.3590606753,8739.756,1492900.649685063
0.32,0.411,286.3,0.1424998318,13262,0.2229678781,0.138,0.393,1267,443.0,868.0,4,39288.0,3055.0,71.32916747,2575,21135,1830.1560000000002,5450.682,4243.84,1889.8327693316,5211.966,945967.4189871401
0.283,0.396,334.0,0.1473341807,24466,0.236859315,0.127,0.377,2682,739.0,1460.0,22,43748.0,7585.0,73.122593797,4671,21137,3107.1820000000002,9688.536,6923.878,3604.6780650062,9223.682,1789017.379837402
0.267,0.379,206.7,0.1575984407,9041,0.1989824134,0.115,0.339,1098,266.0,326.0,3,52994.0,3088.0,74.700027322,2113,21139,1039.7150000000001,3426.539,2413.947,1424.8475023687001,3064.8990000000003,675362.9470182019
0.27,0.358,376.4,0.1429617948,27416,0.2355194047,0.123,0.341,3375,670.0,1762.0,15,51905.0,9405.0,74.750255735,5197,21141,3372.168,9814.928,7402.320000000001,3919.4405662368004,9348.856000000002,2049353.0112307598
0.244,0.391,85.3,0.1682125839,8133,0.1448420017,0.115,0.338,739,164.0,221.0,3,51970.0,2616.0,75.372270277,2166,21143,935.2950000000001,3180.003,1984.452,1368.0729448586999,2748.954,613002.6741628409
0.225,0.36,550.3,0.1670868158,65644,0.221055999,0.111,0.323,10209,2051.0,4229.0,159,50650.0,24760.0,75.605207432,13726,21145,7286.484,23631.84,14769.9,10968.2469363752,21203.012,4963028.236666208
0.329,0.428,319.2,0.1429971668,17071,0.2173276317,0.159,0.441,2084,350.0,738.0,18,31453.0,4030.0,71.936136777,2841,21147,2714.289,7306.388,5616.359,2441.1046344428,7528.311,1228021.790920167
0.249,0.379,271.5,0.1621433185,9075,0.2315151515,0.112,0.334,1213,227.0,231.0,3,48088.0,3159.0,75.651280223,1848,21149,1016.4,3439.425,2259.675,1471.4506153875,3031.05,686535.368023725
0.224,0.386,627.0,0.1594868774,94265,0.2052405453,0.113,0.323,15654,2764.0,4284.0,147,55336.0,33420.0,75.608479185,13658,21151,10651.945,36386.29,21115.36,15034.030498111,30447.595,7127233.290374025
0.316,0.415,246.7,0.1360629362,12017,0.222268453,0.139,0.41,1405,516.0,1021.0,19,32389.0,2832.0,71.172807505,2236,21153,1670.363,4987.054999999999,3797.372,1635.0683043154002,4926.969999999999,855283.6277875849
0.281,0.402,451.4,0.1666432278,19314,0.2388940665,0.131,0.38,2042,718.0,1465.0,36,57062.0,5883.0,74.443102141,3337,21155,2530.134,7764.228,5427.234,3218.5473017291997,7339.32,1437794.074751274
0.231,0.388,257.2,0.1597746818,31163,0.2025799827,0.105,0.314,4772,912.0,1260.0,10,56286.0,10996.0,75.055026899,7093,21157,3272.115,12091.244,7198.653,4979.058408933401,9785.182,2338939.803253537
0.279,0.398,125.1,0.1512024113,11031,0.1923669658,0.128,0.386,1827,290.0,319.0,9,30320.0,2732.0,72.76611677,1964,21159,1411.968,4390.338000000001,3077.6490000000003,1667.9137990503,4257.966,802683.0340898699
0.245,0.405,497.9,0.159751047,17035,0.2326386851,0.118,0.331,2461,551.0,1056.0,82,49216.0,6190.0,73.427004125,3231,21161,2010.1299999999999,6899.175,4173.575,2721.359085645,5638.585,1250829.015269375
0.231,0.343,192.5,0.1636345951,28616,0.2211699748,0.109,0.32,5045,836.0,1024.0,22,56845.0,11106.0,75.799136084,4370,21163,3119.144,9815.288,6610.296,4682.5675733816,9157.12,2169068.078179744
0.289,0.418,292.8,0.1461414419,6502,0.1784066441,0.129,0.369,536,201.0,226.0,24,40773.0,1762.0,75.276612071,1413,21165,838.758,2717.836,1879.078,950.2116552338,2399.238,489448.531685642
0.243,0.357,346.5,0.1690143199,21889,0.2214354242,0.111,0.331,2839,720.0,667.0,27,53743.0,7783.0,74.703069105,4215,21167,2429.679,7814.373,5319.027,3699.5544482910996,7245.259,1635175.4796393448
0.306,0.4,258.2,0.148037428,10058,0.232551203,0.131,0.392,1229,313.0,524.0,9,39993.0,3458.0,73.921317904,2010,21169,1317.598,4023.2000000000003,3077.748,1488.960450824,3942.7360000000003,743500.615478432
0.285,0.38,169.0,0.1528355635,10549,0.2321547066,0.126,0.385,1261,246.0,492.0,7,38449.0,3548.0,73.06689617,2058,21171,1329.174,4008.62,3006.4649999999997,1612.2623593614999,4061.3650000000002,770782.68769733
0.26,0.405,337.4,0.1440142214,28186,0.2311785993,0.121,0.344,3626,905.0,1345.0,127,51234.0,10211.0,75.038141607,4706,21173,3410.506,11415.33,7328.360000000001,4059.1848443804,9695.983999999999,2115025.059334902
0.301,0.379,105.2,0.1482574524,13142,0.1791964693,0.133,0.392,1433,300.0,567.0,31,38274.0,3290.0,74.303864934,2280,21175,1747.8860000000002,4980.818,3955.7419999999997,1948.3994394407998,5151.664,976501.392962628
0.269,0.41,421.3,0.1563815887,30457,0.2050760088,0.125,0.387,3690,866.0,1226.0,26,45599.0,10172.0,74.704948517,6092,21177,3807.125,12487.369999999999,8192.933,4762.9140470359,11786.859,2275288.616982269
0.225,0.358,480.2,0.1841272895,46450,0.2322927879,0.104,0.32,7423,1570.0,2048.0,67,68264.0,18439.0,75.961904511,7737,21179,4830.8,16629.1,10451.25,8552.712597275,14864.0,3528430.46453595
0.307,0.411,247.6,0.1423735719,7234,0.2406690628,0.137,0.408,841,222.0,373.0,3,48290.0,2296.0,73.524306629,1230,21181,991.0580000000001,2973.174,2220.8379999999997,1029.9304191246,2951.4719999999998,531874.834154186
0.26,0.351,208.4,0.1583323018,23899,0.2405958408,0.121,0.343,3061,669.0,1519.0,10,48621.0,8230.0,75.291133668,4495,21183,2891.779,8388.548999999999,6213.74,3783.9836807181996,8197.357,1799382.803531532
0.17,0.331,196.1,0.1854613766,66999,0.2511380767,0.088,0.253,12735,1571.0,2495.0,73,105897.0,25982.0,79.791936232,9481,21185,5895.911999999999,22176.669,11389.83,12425.726770823401,16950.747,5345979.935607768
0.276,0.363,201.8,0.1546389912,11017,0.2201143687,0.122,0.372,1210,325.0,341.0,5,45177.0,3455.0,74.503645573,2136,21187,1344.074,3999.171,3040.6920000000005,1703.6577660504,4098.324,820806.663277741
0.306,0.395,90.6,0.1425665259,4331,0.2241976449,0.131,0.4,337,79.0,387.0,4,25997.0,985.0,67.377052461,898,21189,567.361,1710.7450000000001,1325.286,617.4556236729,1732.4,291810.014208591
0.251,0.364,219.3,0.1641216218,14586,0.2301522007,0.109,0.328,1644,356.0,754.0,7,60824.0,5567.0,72.253487221,2437,21191,1589.874,5309.304,3661.0860000000002,2393.8779755748,4784.2080000000005,1053889.364605506
0.294,0.406,155.3,0.135613936,25456,0.2305153991,0.129,0.386,3784,728.0,1765.0,214,35555.0,7279.0,66.984557507,4568,21193,3283.824,10335.136,7484.063999999999,3452.188354816,9826.016,1705158.8958981922
0.287,0.415,198.7,0.139047366,57057,0.2057766795,0.129,0.37,7753,1622.0,3358.0,71,38917.0,15725.0,71.959289483,11326,21195,7360.353,23678.655,16375.358999999999,7933.625561862001,21111.09,4105781.1800315315
0.273,0.391,323.7,0.1497457214,12218,0.237436569,0.124,0.369,1561,372.0,842.0,10,40215.0,4079.0,69.360590096,2035,21197,1515.032,4777.238,3335.514,1829.5932240652,4508.442,847447.6897929279
0.27,0.37,440.1,0.1415165171,65530,0.219914543,0.121,0.367,9283,1888.0,4117.0,250,44717.0,21821.0,73.884305269,12899,21199,7929.13,24246.1,17693.100000000002,9273.577365563,24049.51,4841638.52427757
0.267,0.386,189.8,0.1529491232,2136,0.2003745318,0.121,0.358,222,48.0,84.0,0,49529.0,724.0,73.709778682,512,21201,258.456,824.496,570.312,326.6993271552,764.688,157444.08726475202
0.288,0.402,119.8,0.1419416732,16750,0.2089552239,0.126,0.362,1989,457.0,1065.0,8,42205.0,5060.0,73.658214116,3234,21203,2110.5,6733.5,4824.0,2377.5230261,6063.5,1233775.086443
0.273,0.398,498.8,0.1478191771,24682,0.1953650434,0.132,0.362,3122,741.0,1111.0,136,46535.0,7868.0,75.817115428,3596,21205,3258.0240000000003,9823.436,6738.186000000001,3648.4729291822,8934.884,1871318.042993896
0.266,0.379,368.2,0.1431773337,17998,0.2271919102,0.125,0.378,2148,499.0,1125.0,26,41088.0,6106.0,73.178142345,3761,21207,2249.75,6821.242,4787.468,2576.9056519326,6803.244,1317060.20592531
0.202,0.358,424.5,0.1817344712,58470,0.2455447238,0.103,0.294,10848,1855.0,2765.0,53,70526.0,23156.0,76.960277956,7418,21209,6022.41,20932.26,11810.94,10626.014531064,17190.18,4499867.45208732
0.208,0.362,338.6,0.1618153358,49611,0.221019532,0.11,0.323,7442,1374.0,2194.0,85,75600.0,18847.0,77.597470718,8134,21211,5457.21,17959.182,10319.088,8027.8206243738,16024.353000000001,3849688.119790698
0.246,0.38,210.0,0.1487449053,18635,0.2361685001,0.118,0.343,2172,617.0,731.0,17,56107.0,6461.0,73.54061205,3175,21213,2198.93,7081.3,4584.21,2771.8613102655,6391.805,1370429.30555175
0.221,0.351,180.9,0.1745397474,19585,0.2238958387,0.1,0.3,3220,592.0,574.0,5,83583.0,8035.0,77.276257995,2962,21215,1958.5,6874.335,4328.285,3418.360952829,5875.5,1513455.512832075
0.258,0.38,426.9,0.1569311919,25707,0.2232076866,0.121,0.367,3343,775.0,1663.0,66,48384.0,9103.0,74.709155731,4761,21217,3110.547,9768.66,6632.406,4034.2301501732995,9434.469,1920548.266376817
0.267,0.374,260.3,0.1509126893,12448,0.2666291774,0.124,0.367,1404,260.0,577.0,3,50393.0,3630.0,74.954761494,2086,21219,1543.552,4655.552,3323.616,1878.5611564064002,4568.416,933036.8710773119
0.236,0.387,129.7,0.1580279801,14776,0.2143340552,0.112,0.325,1970,419.0,532.0,3,50258.0,4861.0,75.743063356,3513,21221,1654.912,5718.312,3487.136,2335.0214339576,4802.2,1119179.5041482558
0.259,0.375,200.7,0.1568460127,8481,0.2193137602,0.116,0.357,897,256.0,370.0,2,64971.0,2769.0,75.025843265,1573,21223,983.796,3180.375,2196.579,1330.2110337087001,3027.7169999999996,636294.176730465
0.266,0.368,897.0,0.1495607799,14443,0.1737866094,0.124,0.371,1586,377.0,534.0,7,53064.0,5516.0,75.202437048,2622,21225,1790.932,5315.024,3841.838,2160.1063440957,5358.353,1086148.7982842638
0.218,0.349,527.5,0.14777215,134510,0.23042153,0.116,0.312,22563,4148.0,7186.0,385,56552.0,51136.0,76.711062378,18257,21227,15603.160000000002,46943.99,29323.18,19876.8318965,41967.12,10318405.000464778
0.244,0.39,297.6,0.1580842762,12147,0.2305095908,0.115,0.338,1624,381.0,549.0,14,51897.0,4726.0,75.550624359,2293,21229,1396.905,4737.33,2963.868,1920.2497030014001,4105.686000000001,917713.434088773
0.291,0.41,290.2,0.1348959626,20209,0.2041169776,0.133,0.399,1779,482.0,1212.0,25,36628.0,6118.0,75.759004665,4475,21231,2687.797,8285.689999999999,5880.8189999999995,2726.1125081834,8063.3910000000005,1531013.7252749852
0.283,0.409,316.8,0.1510235348,12923,0.2332275787,0.131,0.401,1412,347.0,809.0,4,52901.0,4293.0,74.118068971,2416,21233,1692.913,5285.507,3657.209,1951.6771402204,5182.1230000000005,957827.805312233
0.281,0.367,565.3,0.1404439947,36451,0.2524210584,0.126,0.371,4702,983.0,1721.0,589,34559.0,9965.0,70.890732868,5907,21235,4592.826,13377.517,10242.731000000002,5119.3240508097,13523.321,2584038.103771468
0.34,0.442,223.6,0.1413376616,7106,0.2295243456,0.147,0.431,500,158.0,514.0,13,33757.0,1186.0,67.960586592,1407,21237,1044.5819999999999,3140.852,2416.04,1004.3454233296,3062.686,482927.928322752
0.197,0.363,280.5,0.1666677963,26765,0.2172613488,0.103,0.284,3866,747.0,1231.0,27,69544.0,10535.0,77.603074319,5312,21239,2756.795,9715.695,5272.705,4460.8635679695,7601.259999999999,2077046.284148035
0.2264167684,0.362,777.2,0.2189615343,4645318,0.2327677029,0.113,0.315,724367,171408.0,381701.0,15211,51730.0,1640341.0,75.223197333,763750,22000,524920.934,1681605.116,1051777.8897503512,1017145.9565914074,1463275.17,349435672.5885369
0.247,0.425,556.0,0.2198766375,61918,0.2556607126,0.121,0.377,6541,1705.0,5106.0,58,45183.0,20621.0,73.592090008,10111,22001,7492.0779999999995,26315.149999999998,15293.746,13614.321640725,23343.086,4556675.029115344
0.243,0.371,273.1,0.2282979745,25440,0.2185534591,0.116,0.34,3091,778.0,1360.0,25,49671.0,7626.0,73.834087594,3938,22003,2951.04,9438.24,6181.92,5807.90047128,8649.6,1878339.18839136
0.191,0.37,541.1,0.2266777952,128665,0.2650293398,0.099,0.297,24693,4329.0,8272.0,143,88680.0,50168.0,78.620137261,16360,22005,12737.835000000001,47606.05,24575.015,29165.498519408,38213.505,10115659.960686564
0.258,0.393,625.8,0.2014710125,21621,0.2070209519,0.126,0.389,2307,893.0,2207.0,6,52046.0,8149.0,76.520683661,4269,22007,2724.246,8497.053,5578.218,4356.004761262499,8410.569,1654453.7014344812
0.269,0.428,782.2,0.2005414992,39966,0.234649452,0.133,0.37,4923,1202.0,4070.0,77,40448.0,12285.0,72.874765485,7099,22009,5315.478,17105.448,10750.854000000001,8014.8415570272,14787.42,2912512.87737351
0.226,0.375,317.4,0.2163778528,37881,0.248013516,0.107,0.317,5236,961.0,1846.0,25,53708.0,11958.0,75.225459475,6150,22011,4053.267,14205.375,8561.106,8196.6094419168,12008.277,2849615.630372475
0.269,0.426,1049.8,0.1828740761,12983,0.2225217592,0.148,0.394,1223,418.0,1295.0,46,39695.0,3743.0,70.934597765,2822,22013,1921.484,5530.758,3492.427,2374.2541300063,5115.302000000001,920943.8827829951
0.216,0.357,633.7,0.2056020284,127275,0.2453427617,0.11,0.291,24588,3612.0,9831.0,301,53225.0,49530.0,77.058421229,19526,22015,14000.25,45437.174999999996,27491.4,26167.99816461,37037.024999999994,9807610.561920976
0.227,0.404,1139.9,0.1742587871,237479,0.2326858375,0.131,0.349,36342,9231.0,26483.0,1762,43216.0,84881.0,73.590538426,43395,22017,31109.749,95941.516,53907.733,41382.8025017209,82880.17099999999,17476207.47486805
0.223,0.375,577.6,0.2169360118,203310,0.2499286803,0.111,0.309,33199,8874.0,16105.0,559,57252.0,76222.0,74.378981147,31809,22019,22567.41,76241.25,45338.13,44105.260559058,62822.79,15121990.65699657
0.269,0.388,403.3,0.2063697071,9839,0.2271572314,0.124,0.367,884,267.0,760.0,15,42490.0,2948.0,73.253718029,1874,22021,1220.036,3817.532,2646.6910000000003,2030.4715481568999,3610.913,720743.331687331
0.233,0.348,157.8,0.2241135749,7003,0.2177638155,0.104,0.319,853,202.0,316.0,0,60887.0,2742.0,80.761907241,1265,22023,728.312,2437.044,1631.699,1569.4673650247,2233.957,565575.6364087231
0.264,0.38,621.4,0.2073241359,9226,0.2111424236,0.126,0.367,1050,247.0,566.0,2,39222.0,2712.0,74.554901644,1734,22025,1162.476,3505.88,2435.664,1912.7724778134002,3385.942,687843.522567544
0.285,0.434,823.2,0.1806951862,15508,0.1750064483,0.163,0.419,1355,362.0,1307.0,16,37407.0,4241.0,74.948420012,3169,22027,2527.804,6730.472,4419.78,2802.2209475895997,6497.852,1162300.097546096
0.269,0.424,711.4,0.1864998821,18914,0.2334778471,0.145,0.383,2041,564.0,2364.0,101,37546.0,5382.0,71.894340001,3612,22029,2742.5299999999997,8019.536,5087.866,3527.4587700394,7244.062,1359809.546778914
0.248,0.396,884.8,0.2014575433,27650,0.2376853526,0.129,0.359,2864,771.0,2322.0,70,43733.0,8800.0,75.267518327,5112,22031,3566.85,10949.4,6857.2,5570.301072245001,9926.35,2081146.88174155
0.19,0.361,930.8,0.2500094344,439729,0.2257708725,0.117,0.299,79543,17777.0,38608.0,2023,57099.0,175345.0,75.081146949,66885,22033,51448.293000000005,158742.169,83548.51,109936.39857927761,131478.971,33015357.666736823
0.327,0.477,1428.4,0.1582335211,6589,0.2323569586,0.197,0.478,543,214.0,1207.0,36,32813.0,996.0,71.263760405,1045,22035,1298.0330000000001,3142.953,2154.603,1042.6006705278999,3149.542,469556.917308545
0.245,0.386,621.9,0.210863868,18882,0.1756169897,0.129,0.344,1935,518.0,1099.0,76,52158.0,5741.0,72.376096228,3625,22037,2435.7780000000002,7288.452,4626.09,3981.5315555760003,6495.407999999999,1366605.448977096
0.282,0.419,536.0,0.1887856897,33276,0.2497595865,0.143,0.394,3165,920.0,3022.0,25,38415.0,9533.0,72.30081342,5302,22039,4758.468,13942.644,9383.831999999999,6282.0326104572005,13110.744,2405881.86736392
0.277,0.408,829.4,0.1863382025,19723,0.2481366932,0.137,0.392,1797,597.0,2227.0,28,42706.0,5790.0,73.124689104,3732,22041,2702.0510000000004,8046.9839999999995,5463.271000000001,3675.1483679075,7731.416,1442238.243198192
0.245,0.382,482.4,0.2148525837,22254,0.2074233846,0.117,0.351,2699,533.0,1656.0,16,56380.0,6335.0,75.106480133,3496,22043,2603.7180000000003,8501.028,5452.23,4781.3293976598,7811.1539999999995,1671419.608879782
0.248,0.404,830.6,0.1998157384,68991,0.2534243597,0.129,0.382,7795,2623.0,6612.0,112,50449.0,23956.0,73.648347344,11116,22045,8899.839,27872.364,17109.768,13785.4876079544,26354.562,5081073.131609904
0.241,0.43,784.3,0.2060361448,32070,0.2005300904,0.134,0.374,4261,1374.0,3361.0,88,36990.0,10170.0,74.61997494,5408,22047,4297.38,13790.1,7728.87,6607.579163736,11994.18,2393062.5963258003
0.26,0.385,527.2,0.2101777294,15574,0.210543213,0.127,0.368,1487,360.0,1328.0,17,41940.0,4611.0,74.658490944,3234,22049,1977.8980000000001,5995.99,4049.2400000000002,3273.3079576756004,5731.232,1162731.3379618558
0.188,0.356,756.5,0.2244896054,432346,0.2208647703,0.112,0.302,71294,19629.0,31981.0,1254,58586.0,165050.0,76.661640211,78689,22051,48422.752,153915.176,81281.048,97057.1829362684,130568.492,33144353.49866501
0.24,0.388,526.0,0.21706953,31208,0.2540053832,0.112,0.338,3909,964.0,1596.0,64,47924.0,9586.0,73.143101759,5277,22053,3495.2960000000003,12108.704,7489.92,6774.3058922400005,10548.304,2282649.919694872
0.204,0.37,625.6,0.2360689007,246518,0.2356298526,0.108,0.306,46522,8069.0,17081.0,943,59362.0,99459.0,77.791601734,35142,22055,26623.944,91211.66,50289.672,58195.2332627626,75434.508,19177030.07626221
0.233,0.379,621.8,0.219503307,97596,0.2297225296,0.113,0.359,12792,2689.0,5523.0,185,56743.0,32594.0,76.746181628,16012,22057,11028.348,36988.884,22739.868000000002,21422.644749972,35036.964,7490120.342166288
0.263,0.368,329.0,0.2187879455,15021,0.2261500566,0.116,0.365,1553,328.0,960.0,13,48306.0,4369.0,75.09002771,2612,22059,1742.4360000000001,5527.728,3950.523,3286.4137293555,5482.665,1127927.3062319101
0.211,0.395,1138.2,0.1849110256,46552,0.1960173569,0.128,0.319,6824,1314.0,3641.0,198,44728.0,17181.0,76.029057755,6730,22061,5958.656,18388.04,9822.472,8607.9780637312,14850.088,3539304.69661076
0.227,0.353,389.2,0.2222162847,143737,0.2534490076,0.097,0.295,21441,4391.0,7955.0,176,61680.0,55160.0,76.1609958,19928,22063,13942.489,50739.161,32628.299000000003,31940.702113923897,42402.415,10947153.0533046
0.292,0.458,1451.9,0.1651937429,10635,0.2359191349,0.171,0.435,1128,301.0,1491.0,72,33841.0,2671.0,71.975715381,1682,22065,1818.585,4870.83,3105.4199999999996,1756.8354557415,4626.225,765461.733076935
0.278,0.389,1338.7,0.1847712901,24227,0.2373385066,0.145,0.387,2844,994.0,2723.0,96,36290.0,7803.0,70.470415559,4880,22067,3512.915,9424.303,6735.106000000001,4476.4540452527,9375.849,1707286.757747893
0.243,0.42,1153.1,0.1941089661,37655,0.2273004913,0.14,0.367,4171,1101.0,3788.0,162,44720.0,10637.0,74.379526792,6603,22069,5271.700000000001,15815.099999999999,9150.164999999999,7309.1731184955,13819.385,2800761.0813527596
0.214,0.333,1260.6,0.2254013197,389476,0.1965743717,0.133,0.297,86841,22134.0,40397.0,2363,51704.0,116969.0,75.856272091,63157,22071,51800.308000000005,129695.508,83347.864,87788.40439147719,115674.37199999999,29544197.428914312
0.233,0.37,946.0,0.1974862014,152439,0.2446224391,0.127,0.342,22612,5160.0,15619.0,822,45251.0,53603.0,73.600689556,24012,22073,19359.753,56402.43,35518.287000000004,30104.5990552146,52134.138000000006,11219615.515227085
0.215,0.355,538.9,0.2217277021,23113,0.2555271925,0.113,0.317,3893,678.0,1149.0,32,55861.0,8817.0,76.743575848,3374,22075,2611.7690000000002,8205.115,4969.295,5124.7923786373,7326.821,1773774.268574824
0.246,0.38,630.5,0.2038348428,21529,0.2142226764,0.126,0.363,2218,750.0,2309.0,24,49583.0,7569.0,75.314020879,4712,22077,2712.654,8181.02,5296.134,4388.3603306412,7815.027,1621435.555503991
0.222,0.398,871.6,0.207479653,128567,0.2455684585,0.122,0.348,17799,3443.0,11004.0,704,45130.0,44198.0,73.189625318,22005,22079,15685.173999999999,51169.666000000005,28541.874,26675.036547251002,44741.316,9409770.558259306
0.26,0.43,1042.4,0.1922241451,8286,0.2346125996,0.14,0.383,626,223.0,963.0,8,42135.0,2682.0,72.668199817,1647,22081,1160.0400000000002,3562.98,2154.36,1592.7692662985999,3173.538,602128.703683662
0.275,0.4,844.8,0.1943643693,20014,0.234635755,0.14,0.389,2154,621.0,2261.0,105,43794.0,6358.0,73.818535758,3672,22083,2801.9600000000005,8005.6,5503.85,3890.0084871702,7785.446,1477404.174660612
0.25,0.393,410.3,0.2146814262,23803,0.2306852077,0.117,0.339,2171,506.0,1722.0,32,38833.0,6218.0,74.653082105,5148,22085,2784.951,9354.579,5950.75,5110.0619878386,8069.217000000001,1776967.313345315
0.233,0.391,789.5,0.2003992065,47647,0.259911432,0.127,0.364,8380,2038.0,4146.0,164,50790.0,16063.0,74.771436672,6028,22087,6051.169,18629.977,11101.751,9548.4209921055,17343.507999999998,3562634.643110784
0.187,0.351,630.9,0.2235837994,52987,0.2418140299,0.103,0.304,8828,1929.0,4728.0,77,69889.0,20960.0,76.436918472,7688,22089,5457.661,18598.436999999998,9908.569,11847.0347788078,16108.047999999999,4050162.999075864
0.241,0.412,631.7,0.1947127002,10081,0.2074198988,0.133,0.363,1158,494.0,1132.0,9,40709.0,2983.0,73.698152879,2137,22091,1340.7730000000001,4153.371999999999,2429.5209999999997,1962.8987307162001,3659.403,742951.079173199
0.228,0.398,834.3,0.2002170796,20727,0.2229941622,0.128,0.35,3177,882.0,1925.0,14,58309.0,7427.0,76.240600015,3848,22093,2653.056,8249.346,4725.756,4149.8994088692,7254.45,1580238.916510905
0.207,0.408,1022.5,0.2025445587,42516,0.2426145451,0.131,0.347,5533,2179.0,3708.0,130,56697.0,15676.0,73.780470479,6476,22095,5569.5960000000005,17346.528,8800.812,8611.384457689199,14753.052,3136850.482885164
0.269,0.404,744.0,0.1874594471,81440,0.2637401768,0.138,0.381,8207,2807.0,7745.0,200,39153.0,26409.0,71.551119777,13809,22097,11238.720000000001,32901.76,21907.36,15266.697371824,31028.64,5827123.19463888
0.251,0.387,797.3,0.2155794251,52954,0.2363560826,0.123,0.343,6416,1789.0,3707.0,34,48524.0,18024.0,75.216834662,8639,22099,6513.342,20493.198,13291.454,11415.7928767454,18163.222,3983032.2626915476
0.243,0.419,658.6,0.1981457406,48330,0.2376370784,0.133,0.377,4406,1794.0,4146.0,60,47236.0,16661.0,74.041811415,8669,22101,6427.89,20250.27,11744.19,9576.383643198,18220.41,3578440.7456869497
0.191,0.307,403.6,0.2142010994,263446,0.2359193155,0.092,0.257,44289,7876.0,15140.0,690,67462.0,95830.0,77.77648552,47710,22103,24237.032,80877.922,50318.186,56430.4228325324,67705.622,20489904.004301917
0.229,0.379,783.6,0.1931624715,136765,0.2431104449,0.121,0.341,18504,5377.0,11796.0,326,47272.0,44116.0,74.637870693,20836,22105,16548.565,51833.935,31319.185,26417.8654146975,46636.865000000005,10207848.385328144
0.299,0.451,392.2,0.1696453641,4178,0.2204404021,0.173,0.446,284,114.0,540.0,6,33294.0,1082.0,73.086630472,1110,22107,722.794,1884.278,1249.222,708.7783312098001,1863.388,305355.94211201597
0.244,0.403,803.9,0.2020732451,109859,0.2494197107,0.118,0.362,14459,3561.0,6976.0,260,55402.0,37417.0,75.122427098,16898,22109,12963.362,44273.177,26805.595999999998,22199.5646334409,39768.958,8252874.718559182
0.232,0.382,728.2,0.2190442473,22170,0.2133513757,0.116,0.339,1655,640.0,1817.0,29,42342.0,7155.0,74.465589896,4781,22111,2571.7200000000003,8468.94,5143.4400000000005,4856.210962641,7515.63,1650902.12799432
0.243,0.356,468.8,0.2175353202,59378,0.2492842467,0.11,0.34,6826,1753.0,3248.0,33,52709.0,18735.0,76.145406446,9678,22113,6531.58,21138.568,14428.854,12916.8122428356,20188.52,4521361.943950588
0.228,0.379,685.2,0.2302309237,47894,0.2417004218,0.114,0.325,8234,1118.0,2816.0,82,55124.0,17973.0,74.179598889,6232,22115,5459.916,18151.826,10919.832,11026.6798596878,15565.550000000001,3552757.709189766
0.272,0.393,688.4,0.1864959555,45773,0.2357503332,0.132,0.407,4558,1361.0,4317.0,74,38604.0,13317.0,71.004555924,8718,22117,6042.036,17988.789,12450.256000000001,8536.4793711015,18629.610999999997,3250091.538309252
0.263,0.424,800.7,0.1902121009,37943,0.2242574388,0.145,0.373,4877,1111.0,2864.0,96,41747.0,12468.0,72.893157533,7796,22119,5501.735,16087.832,9979.009,7217.2177444487,14152.739,2765785.0762746185
0.208,0.37,544.1,0.2111801158,26792,0.2418259182,0.113,0.31,4590,972.0,2113.0,18,62919.0,10344.0,77.104442055,3972,22121,3027.496,9913.039999999999,5572.736,5657.9376625136,8305.52,2065782.2115375602
0.257,0.384,517.1,0.2108881121,10646,0.222149164,0.121,0.374,961,367.0,1072.0,4,38513.0,3359.0,74.36522408,2162,22123,1288.166,4088.0640000000003,2736.022,2245.1148414166,3981.604,791692.1755556801
0.207,0.369,475.3,0.2246243184,15465,0.1637245393,0.117,0.308,2365,287.0,1198.0,15,58499.0,4823.0,77.850060521,2480,22125,1809.4050000000002,5706.585,3201.2549999999997,3473.8150840559997,4763.22,1203951.185957265
0.249,0.388,863.1,0.2066844566,13839,0.2042777657,0.125,0.357,1453,332.0,1074.0,4,42991.0,4110.0,73.803363232,2713,22127,1729.875,5369.532,3445.911,2860.3061948874,4940.523,1021364.7437676479
0.1914415865,0.314,296.8,0.2245712473,1350141,0.1838089503,0.087,0.295,216926,36786.0,48296.0,6964,59145.0,511352.0,78.562331689,293776,23000,117462.26699999999,423944.274,258473.13503869652,303202.8484008693,398291.595,106070225.06891815
0.198,0.321,390.7,0.2096212024,108547,0.2138889145,0.086,0.333,17717,2984.0,4521.0,543,57723.0,40518.0,76.807511561,19975,23001,9335.042,34843.587,21492.306,22753.752656912802,36146.151000000005,8337224.957411867
0.223,0.378,243.1,0.1837262577,66804,0.1828183941,0.097,0.356,9275,1613.0,2410.0,409,45523.0,23335.0,78.313734456,16937,23003,6479.988,25251.912,14897.292,12273.6489193908,23782.224,5231670.716598624
0.141,0.253,334.6,0.2687377587,298111,0.1821938808,0.068,0.24,60997,8495.0,10388.0,2262,75455.0,117874.0,80.169038122,58292,23005,20271.548000000003,75422.083,42033.651,80113.6819838157,71546.64,23899272.12358754
0.202,0.324,221.9,0.2347639916,29986,0.1749483092,0.082,0.313,3752,839.0,1070.0,96,49317.0,10711.0,78.158969487,6975,23007,2458.8520000000003,9715.464,6057.1720000000005,7039.6330521176,9385.618,2343674.859037182
0.179,0.317,183.7,0.2385189515,55088,0.1668239907,0.073,0.29,7694,1589.0,1883.0,237,58466.0,20103.0,79.493681927,14501,23009,4021.4239999999995,17462.896,9860.752,13139.532000232,15975.519999999999,4379147.949994576
0.198,0.34,292.7,0.1979766344,122955,0.1896466187,0.083,0.32,18770,3044.0,4630.0,636,53876.0,46586.0,77.901902014,25621,23011,10205.265000000001,41804.700000000004,24345.09,24342.217082651998,39345.6,9578428.36213137
0.177,0.28,206.2,0.2314311489,39951,0.1742634728,0.076,0.281,5055,1054.0,1452.0,220,66058.0,14191.0,79.287422839,10791,23013,3036.276,11186.28,7071.326999999999,9245.9058297039,11226.231000000002,3167611.829840889
0.192,0.265,239.6,0.2410064019,34775,0.1665276779,0.074,0.294,3985,870.0,1054.0,72,64825.0,12434.0,80.222855303,10196,23015,2573.35,9215.375,6676.8,8380.9976260725,10223.849999999999,2789749.7931618253
0.215,0.335,229.4,0.2251325078,58132,0.1804513865,0.086,0.333,6952,1718.0,1775.0,158,47611.0,20751.0,77.426503613,13375,23017,4999.352,19474.22,12498.38,13087.402943429599,19357.956000000002,4500957.508030916
0.203,0.347,358.9,0.2071335296,151655,0.1781477696,0.095,0.335,25483,4007.0,5550.0,909,52079.0,57245.0,77.118998592,29606,23019,14407.225,52624.284999999996,30785.965000000004,31412.835431488,50804.425,11695481.73146976
0.237,0.352,190.6,0.1995358227,16996,0.1771004942,0.096,0.345,1571,391.0,551.0,39,48769.0,4884.0,77.167747418,4626,23021,1631.616,5982.592,4028.0519999999997,3391.3108426092,5863.62,1311543.0351163282
0.166,0.306,206.4,0.2185391708,36044,0.1856619687,0.076,0.283,5504,911.0,1263.0,84,68433.0,14815.0,80.46934214,8564,23023,2739.344,11029.464,5983.304,7877.025872315199,10200.452,2900436.96809416
0.248,0.335,239.7,0.2009879911,50635,0.1848523748,0.099,0.344,6152,1461.0,1732.0,89,43694.0,17324.0,76.602521289,11293,23025,5012.865,16962.725000000002,12557.48,10177.0269293485,17418.44,3878768.665468515
0.204,0.303,231.7,0.2025996296,39923,0.1812739524,0.079,0.296,5941,1028.0,1080.0,104,56085.0,14039.0,78.846265936,9561,23027,3153.917,12096.669,8144.2919999999995,8088.3850125208,11817.207999999999,3147779.474962928
0.231,0.344,331.4,0.2265502894,31473,0.1919422997,0.097,0.352,3568,833.0,1405.0,195,48582.0,9250.0,75.515855926,8058,23029,3052.8810000000003,10826.712,7270.263,7130.2172582861995,11078.496,2376710.533558998
0.169,0.314,259.1,0.2384158606,209066,0.1820956062,0.077,0.271,34510,5949.0,7532.0,907,67965.0,87292.0,79.126283689,45405,23031,16098.082,65646.724,35332.154,49844.6503121996,56656.886000000006,16542615.625724476
0.1275089221,0.32,624.9,0.1595516472,6055802,0.2202712374,0.098,0.23,1133314,214510.0,354415.0,18092,88589.0,2196630.0,78.57675213,987352,24000,593468.596,1937856.6400000001,772168.7854710242,966213.1842170544,1392834.46,475845252.7023583
0.201,0.385,373.5,0.1810976202,70057,0.1723881982,0.112,0.304,9172,2398.0,3182.0,229,53023.0,22090.0,75.482068298,14696,24001,7846.384,26971.945,14081.457,12687.1559783514,21297.327999999998,5288047.258752986
0.15,0.316,467.9,0.1905186231,582777,0.2220883803,0.096,0.222,120358,18104.0,25841.0,1297,105979.0,236723.0,79.094255137,90331,24003,55946.592000000004,184157.532,87416.55,111029.87161434871,129376.494,46094312.725975454
0.156,0.329,589.7,0.1658684871,826017,0.2166565579,0.097,0.253,153289,30432.0,51887.0,2946,79974.0,318769.0,77.486107419,148700,24005,80123.649,271759.593,128858.652,137010.1901088807,208982.301,64004841.99192013
0.157,0.362,318.8,0.2041018214,93072,0.2291988998,0.091,0.221,15959,2537.0,3622.0,189,111665.0,38462.0,79.448763915,14909,24009,8469.552,33692.064,14612.304,18996.1647213408,20568.912,7394455.35509688
0.201,0.401,338.3,0.1554549284,33492,0.2359966559,0.114,0.306,3897,967.0,2026.0,15,60617.0,13039.0,76.203495586,5755,24011,3818.088,13430.292000000001,6731.892000000001,5206.4964619728,10248.552,2552207.4741663123
0.14,0.311,194.1,0.1953933311,169092,0.2163201098,0.083,0.225,27845,4740.0,5381.0,400,104817.0,72178.0,78.480515434,30053,24013,14034.636,52587.612,23672.88,33039.449142361205,38045.700000000004,13270427.315765927
0.194,0.367,361.7,0.1938787495,103419,0.2223575939,0.094,0.267,14876,3095.0,4896.0,232,84248.0,40391.0,75.076285717,17186,24015,9721.386,37954.773,20063.286,20050.7463945405,27612.873000000003,7764314.392566424
0.161,0.436,697.1,0.1586252769,164436,0.2383662945,0.118,0.258,28238,5790.0,10331.0,305,102681.0,65828.0,77.836944793,21861,24017,19403.448,71694.096,26474.196,26083.7060323284,42424.488,12799195.853981748
0.197,0.365,676.5,0.1742149224,31853,0.2077983235,0.124,0.304,3798,1067.0,2673.0,86,54846.0,11243.0,75.630354379,7188,24019,3949.772,11626.345,6275.041,5549.2679232072,9683.312,2409053.678034287
0.123,0.293,315.9,0.1723057313,265161,0.2307013475,0.087,0.234,49275,7898.0,10849.0,663,99254.0,103026.0,80.1567493,40522,24021,23069.006999999998,77692.173,32614.803,45688.7600172393,62047.674000000006,21254443.801137302
0.207,0.35,196.5,0.1707517778,28852,0.1809233329,0.094,0.266,3519,1013.0,1088.0,47,56929.0,10792.0,77.693410549,6789,24023,2712.088,10098.199999999999,5972.364,4926.5302930856005,7674.6320000000005,2241610.2811597483
0.158,0.344,407.5,0.1932672301,256805,0.2213780884,0.093,0.239,46490,8001.0,10643.0,577,102537.0,107301.0,78.549244789,43705,24025,23882.865,88340.92,40575.19,49631.991025830495,61376.395,20171838.808039144
0.096,0.255,368.4,0.1588423892,328200,0.2411882998,0.083,0.194,72817,9558.0,14991.0,1106,124042.0,130850.0,82.716875351,48178,24027,27240.600000000002,83691.0,31507.2,52132.072135439994,63670.8,27147678.4901982
0.17,0.346,355.3,0.2028792035,19192,0.1522509379,0.098,0.254,2310,638.0,1311.0,36,64437.0,6803.0,77.896096976,5254,24029,1880.816,6640.432,3262.6400000000003,3893.657673572,4874.768,1494981.8931633919
0.09,0.245,447.2,0.1457002977,1051816,0.2295791279,0.086,0.194,216705,34735.0,48492.0,3736,115394.0,344196.0,83.974014569,173612,24031,90456.17599999999,257694.91999999998,94663.44,153249.9043256232,204052.304,88325212.10790731
0.132,0.372,908.6,0.1515312895,909612,0.2209249658,0.131,0.273,161455,41397.0,66005.0,1650,85246.0,313364.0,78.511916516,129868,24033,119159.172,338375.664,120068.784,137834.679304674,248324.07600000003,71415381.4059518
0.155,0.314,268.0,0.2411513704,51167,0.2109367366,0.083,0.247,7438,1490.0,1879.0,61,93427.0,19731.0,79.918977005,10207,24035,4246.861,16066.438,7930.885,12338.9921692568,12638.249,4089214.296414835
0.166,0.365,450.2,0.1971497747,114687,0.2378299197,0.098,0.241,19974,2768.0,5868.0,146,105197.0,45311.0,78.301977094,15725,24037,11239.326000000001,41860.755,19038.042,22610.5162110189,27639.567,8980218.846979577
0.234,0.443,718.3,0.1584244846,25453,0.1682709307,0.137,0.359,2867,724.0,1450.0,71,51787.0,6813.0,75.752399651,4484,24039,3487.061,11275.679,5956.002,4032.3784065238,9137.627,1928125.8283169032
0.144,0.322,320.1,0.1893159968,36972,0.1799199394,0.089,0.233,4660,1069.0,1702.0,180,69311.0,13240.0,79.302998531,11265,24041,3290.508,11904.984,5323.968,6999.3910336896,8614.476,2931990.461688132
0.183,0.39,421.1,0.1507497832,151146,0.2162081696,0.105,0.279,21978,4904.0,7910.0,404,63237.0,53592.0,75.910312535,26999,24043,15870.33,58946.94,27659.718,22785.226731547198,42169.734000000004,11473540.09841511
0.191,0.382,874.4,0.1606390161,103990,0.2183190691,0.114,0.304,13799,3681.0,7170.0,373,59387.0,39829.0,76.090898593,17338,24045,11854.86,39724.18,19862.09,16704.851284239,31612.96,7912692.544686071
0.171,0.34,430.4,0.2054646843,52403,0.1704673397,0.095,0.245,6781,2799.0,2576.0,140,62481.0,19175.0,79.850979314,14934,24047,4978.285,17817.02,8960.913,10766.965851372901,12838.735,4184430.868991542
0.207,0.375,1449.4,0.181077173,586131,0.2008987752,0.13,0.298,125814,24705.0,62642.0,3199,51485.0,163884.0,71.806218052,87793,24510,76197.03,219799.125,121329.117,106134.944487663,174667.038,42087850.39303681
0.121957696,0.254,458.8,0.2246698125,6893574,0.1946048595,0.074,0.26,1356576,324194.0,324892.0,47586,87288.0,2410716.0,80.18564724,1198402,25000,510124.47599999997,1750967.796,840724.4022455041,1548777.9780348751,1792329.24,552765692.9868357
0.146,0.243,255.9,0.2541218132,213164,0.1453716387,0.069,0.239,25302,11055.0,6522.0,1172,76287.0,80962.0,79.548847279,68379,25001,14708.316,51798.852,31121.944,54169.6221889648,50946.195999999996,16956950.481380757
0.178,0.258,216.1,0.228869534,124571,0.164982219,0.082,0.278,17919,5629.0,5660.0,1179,65458.0,47089.0,78.017427254,30743,25003,10214.822,32139.318,22173.638,28510.506719914003,34630.738000000005,9718708.930458033
0.178,0.315,366.9,0.2117656975,566765,0.2043757113,0.084,0.308,89597,30076.0,34318.0,3020,71998.0,222953.0,78.303224589,100125,25005,47608.26,178530.975,100884.17,120021.38554358749,174563.62,44379527.08418458
0.148,0.265,352.0,0.2380087554,17461,0.177252162,0.072,0.239,2453,877.0,496.0,125,80459.0,5741.0,81.346765607,4512,25007,1257.192,4627.165,2584.228,4155.8708780394,4173.179,1420395.874263827
0.138,0.264,476.7,0.2265292125,791263,0.2094183603,0.083,0.295,130992,40585.0,44496.0,4917,88269.0,294974.0,79.851928716,142375,25009,65674.829,208893.432,109194.29400000001,179244.1842703875,233422.585,63183876.671608314
0.163,0.283,219.4,0.235174073,70267,0.1690267124,0.076,0.268,11284,2936.0,3208.0,620,62920.0,26590.0,79.591246306,16792,25011,5340.2919999999995,19885.560999999998,11453.521,16524.976587491,18831.556,5592638.104183702
0.179,0.3,617.7,0.1998740568,463986,0.2109136914,0.099,0.316,69909,22887.0,36377.0,4741,61600.0,172337.0,77.35616455,82861,25013,45934.614,139195.8,83053.49399999999,92738.7641184048,146619.576,35892177.364896305
0.142,0.251,314.0,0.2362428057,161401,0.1428677641,0.074,0.256,24982,6184.0,5384.0,1617,73864.0,56949.0,80.215555756,30075,25015,11943.673999999999,40511.651,22918.942,38129.8250827857,41318.656,12946870.914574156
0.116,0.226,359.2,0.2265077871,1609379,0.1949310883,0.071,0.224,380408,64193.0,53966.0,10232,111158.0,560304.0,81.929429683,257247,25017,114265.90899999999,363719.65400000004,186687.964,364536.8758952109,360500.896,131855503.61379685
0.125,0.266,438.6,0.2422214821,11376,0.2081575246,0.077,0.239,2956,791.0,145.0,52,95713.0,4462.0,83.015553426,1801,25019,875.952,3026.016,1422.0,2755.5115803696,2718.864,944384.9357741759
0.122,0.218,302.8,0.2597382261,709409,0.205437202,0.073,0.259,150585,31733.0,21998.0,4715,106348.0,238703.0,81.504549248,124312,25021,51786.856999999996,154651.162,86547.898,184260.6352393749,183736.931,57820060.77747443
0.161,0.271,419.0,0.2487564733,523738,0.2090835494,0.076,0.248,81690,26154.0,21521.0,3077,88420.0,204506.0,79.385156976,100676,25023,39804.087999999996,141932.99800000002,84321.818,130283.2178131954,129887.024,41577023.34429629
0.131,0.25,906.3,0.2160060744,801582,0.1615904549,0.102,0.292,224706,43170.0,52439.0,7492,85221.0,171686.0,80.931807931,101227,25025,81761.364,200395.5,105007.242,173146.5811297008,234061.944,64873480.464946836
0.148,0.314,362.3,0.2187419364,829212,0.2070580262,0.082,0.268,143793,37924.0,38362.0,4595,77931.0,323460.0,79.062926111,137277,25027,67995.384,260372.568,122723.37599999999,181383.4385661168,222228.81600000002,65559927.08635453
0.1958071456,0.358,501.7,0.204730893,9966555,0.2133949996,0.095,0.246,1685373,478114.0,549830.0,30043,61352.0,3679255.0,77.484875297,1812441,26000,946822.725,3568026.69,1951522.686015408,2040461.705283615,2451772.53,772257271.3156918
0.231,0.364,144.2,0.2106118807,10505,0.1277486911,0.099,0.282,861,382.0,313.0,10,45573.0,2683.0,77.205961979,3844,26001,1039.9950000000001,3823.8199999999997,2426.655,2212.4778067535,2962.41,811048.630589395
0.224,0.379,87.8,0.2147290033,9015,0.1490848586,0.101,0.272,828,338.0,156.0,6,51126.0,1966.0,80.06694916,2399,26003,910.5150000000001,3416.685,2019.3600000000001,1935.7819647495,2452.0800000000004,721803.5466773999
0.192,0.361,341.3,0.2124045666,118927,0.2374986336,0.094,0.28,16413,4543.0,5361.0,113,63732.0,45448.0,78.200851061,20857,26005,11179.138,42932.647,22833.984,25260.6378920382,33299.560000000005,9300192.614131546
0.222,0.369,235.9,0.2234605809,28238,0.1839011261,0.097,0.272,4041,1021.0,1261.0,107,40442.0,10001.0,77.816553271,6997,26007,2739.0860000000002,10419.822,6268.836,6310.0798834542,7680.736000000001,2197383.831266498
0.205,0.337,218.7,0.2101570867,23449,0.1733549405,0.091,0.253,2592,994.0,840.0,10,58738.0,7604.0,80.3613445,6692,26009,2133.859,7902.313,4807.045,4927.9735260283,5932.597,1884393.1671805
0.241,0.369,188.1,0.2092723969,14953,0.1815020397,0.102,0.289,1651,675.0,643.0,31,50286.0,4977.0,77.369449975,3947,26011,1525.206,5517.657,3603.673,3129.2501508457,4321.4169999999995,1156905.385476175
0.243,0.405,377.6,0.2082386405,8164,0.168544831,0.112,0.287,900,370.0,322.0,13,48846.0,2424.0,76.422924083,1944,26013,914.368,3306.42,1983.8519999999999,1700.0602610419999,2343.0679999999998,623916.752213612
0.188,0.364,279.4,0.2120592167,62061,0.2181241037,0.087,0.247,8379,2317.0,2358.0,76,68693.0,23714.0,79.17148556,11952,26015,5399.307,22590.203999999998,11667.468,13160.6070476187,15329.067,4913461.565339159
0.213,0.362,370.4,0.201933562,102387,0.1974371746,0.099,0.271,16319,4564.0,5640.0,284,55860.0,38835.0,76.364765934,22031,26017,10136.313,37064.094,21808.431,20675.371612494,27746.877,7818759.289684459
0.187,0.348,174.5,0.2290585072,17852,0.17482635,0.087,0.24,2460,817.0,518.0,26,64526.0,6573.0,78.242583434,4895,26019,1553.1239999999998,6212.495999999999,3338.324,4089.1524705344,4284.48,1396786.5994637678
0.2,0.375,556.1,0.1875662156,153025,0.2147884333,0.104,0.253,23571,6289.0,10628.0,386,56346.0,56247.0,77.539343689,31798,26021,15914.599999999999,57384.375,30605.0,28702.32014219,38715.325,11865458.068009226
0.231,0.38,257.4,0.2055046439,43424,0.2308861459,0.102,0.297,5259,1591.0,2083.0,67,51757.0,14768.0,76.437529058,8299,26023,4429.248,16501.12,10030.944000000001,8923.833656713601,12896.928,3319223.261814592
0.21,0.384,703.6,0.2048262074,133580,0.2255652044,0.107,0.29,18347,5994.0,9037.0,483,52310.0,47612.0,75.24235858,24873,26025,14293.06,51294.72,28051.8,27360.684784491998,38738.2,10050874.2591164
0.219,0.358,415.2,0.2160435449,51584,0.2037647333,0.096,0.264,6708,2143.0,2488.0,51,61180.0,19283.0,77.371048753,11457,26027,4952.064,18467.072,11296.896,11144.3902201216,13618.176000000001,3991108.178874752
0.19,0.339,218.0,0.2385659736,26105,0.1809615016,0.085,0.238,3418,1244.0,1006.0,55,66728.0,9527.0,79.581543637,6748,26029,2218.925,8849.595000000001,4959.95,6227.764740828,6212.99,2077476.196643885
0.223,0.375,142.4,0.2216991195,25365,0.1583678297,0.098,0.27,2605,1498.0,865.0,29,50788.0,8170.0,76.723369472,7261,26031,2485.77,9511.875,5656.395,5623.3981661175,6848.55,1946088.26665728
0.243,0.382,155.3,0.2190237878,36958,0.1801233833,0.113,0.289,5838,1437.0,1564.0,143,52579.0,12085.0,78.107552304,7105,26033,4176.254,14117.956,8980.794,8094.6811495124,10680.862,2886698.9180512317
0.257,0.416,235.9,0.1959967994,30771,0.1965811966,0.11,0.303,3235,1358.0,1170.0,39,43726.0,8201.0,74.271284219,7645,26035,3384.81,12800.735999999999,7908.147,6031.0175143374,9323.613,2285401.686702849
0.178,0.352,312.8,0.2296699781,79753,0.218436924,0.086,0.235,14571,2626.0,2537.0,94,76367.0,32184.0,81.141744788,14480,26037,6858.758,28073.055999999997,14196.034,18316.8697634093,18741.954999999998,6471297.572077364
0.221,0.374,270.9,0.2127819225,13981,0.1735212074,0.099,0.264,1677,590.0,566.0,22,49625.0,4446.0,77.523561707,3752,26039,1384.1190000000001,5228.894,3089.801,2974.9040584725,3690.9840000000004,1083856.916225567
0.214,0.37,313.0,0.2165581475,35612,0.193417949,0.098,0.262,4878,1482.0,1749.0,57,49414.0,11722.0,76.72797465,9114,26041,3489.976,13176.44,7620.968,7712.06874877,9330.344000000001,2732436.6332357996
0.195,0.368,281.3,0.2228700136,25112,0.1969576298,0.089,0.242,3937,859.0,1105.0,96,59408.0,9601.0,77.663416946,5977,26043,2234.968,9241.216,4896.84,5596.7117815232,6077.104,1950283.726347952
0.181,0.37,380.9,0.2325767282,110148,0.2043886407,0.09,0.248,19940,4309.0,4603.0,213,67658.0,42657.0,78.507228588,21497,26045,9913.32,40754.76,19936.788,25617.8614577736,27316.704,8647414.214511024
0.176,0.326,200.5,0.2340367913,33342,0.1854117929,0.084,0.214,5245,1804.0,1280.0,120,60401.0,12819.0,79.272021373,8004,26047,2800.728,10869.492,5868.192,7803.2546955246,7135.188,2643087.736618566
0.229,0.402,718.6,0.1876980607,404794,0.2221599134,0.116,0.301,63573,20074.0,30521.0,1271,48721.0,138199.0,74.823947563,74353,26049,46956.104,162727.18800000002,92697.826,75979.0487829958,121842.99399999999,30288285.029817022
0.244,0.392,243.6,0.2085693775,25424,0.1867526746,0.107,0.29,2467,961.0,1025.0,31,48694.0,7197.0,75.274440608,7015,26051,2720.368,9966.208,6203.456,5302.66785356,7372.959999999999,1913777.3780177922
0.226,0.387,214.7,0.2087378432,13842,0.1663054472,0.102,0.27,1815,450.0,657.0,28,48975.0,4879.0,77.793193336,4035,26053,1411.884,5356.854,3128.292,2889.3492255744,3737.34,1076813.382156912
0.178,0.32,289.0,0.2385019633,93592,0.1981045388,0.084,0.214,17439,4105.0,3484.0,446,67290.0,36023.0,79.791551271,19919,26055,7861.728,29949.440000000002,16659.376,22321.8757491736,20028.688,7467850.866555432
0.221,0.406,314.4,0.2068684438,40283,0.1937045404,0.107,0.279,6228,1430.0,2001.0,76,54161.0,13207.0,76.744417994,7295,26057,4310.281,16354.898000000001,8902.543,8333.2815215954,11238.957,3091495.3900523023
0.235,0.408,206.1,0.2047404828,45658,0.2139384117,0.099,0.287,5762,1827.0,1995.0,75,54974.0,15052.0,76.757056907,9480,26059,4520.142,18628.464,10729.63,9348.0409636824,13103.846,3504573.7042598063
0.214,0.361,173.7,0.2199822352,35126,0.2033251722,0.1,0.262,5074,1156.0,999.0,69,47399.0,10433.0,78.367149801,6512,26061,3512.6000000000004,12680.485999999999,7516.964,7727.095993635199,9203.012,2752724.503909926
0.222,0.384,151.7,0.2093831682,30653,0.1895083679,0.096,0.273,3536,1323.0,1091.0,44,53616.0,10769.0,77.411977225,8197,26063,2942.688,11770.752,6804.966,6418.2222548346,8368.269,2372909.337877925
0.165,0.374,615.2,0.2082723387,290609,0.1950799872,0.107,0.258,56649,10954.0,15898.0,1228,62711.0,104168.0,77.564322198,42064,26065,31095.163,108687.766,47950.485,60525.816077268304,74977.122,22540890.109638583
0.215,0.385,267.4,0.2058692517,64553,0.2195095503,0.099,0.274,10086,2414.0,2945.0,93,58371.0,24449.0,78.403006762,10029,26067,6390.747,24852.905,13878.895,13289.4778049901,17687.522,5061149.295507386
0.236,0.375,159.2,0.2113563395,25140,0.1670246619,0.102,0.288,2614,1063.0,722.0,51,43450.0,7221.0,74.806558832,7734,26069,2564.2799999999997,9427.5,5933.04,5313.49837503,7240.32,1880636.8890364799
0.229,0.362,235.0,0.2166785871,11066,0.1699801193,0.099,0.278,1042,404.0,585.0,13,45098.0,3411.0,74.722681758,3463,26071,1095.534,4005.892,2534.114,2397.7652448485997,3076.3480000000004,826881.1963340279
0.223,0.407,437.9,0.2091713999,69504,0.175270488,0.111,0.285,10322,2768.0,3113.0,204,53607.0,25466.0,77.754721696,9570,26073,7714.944,28288.127999999997,15499.392,14538.2489786496,19808.64,5404264.176758784
0.228,0.392,578.5,0.2168454681,156920,0.2129747642,0.098,0.278,23517,6668.0,10997.0,489,57267.0,57347.0,76.525543949,29452,26075,15378.16,61512.64,35777.76,34027.390854252,43623.76,12008388.35647708
0.169,0.365,869.2,0.2104002319,265988,0.2137088891,0.097,0.239,51506,9488.0,13932.0,1170,63279.0,105020.0,78.601970527,42073,26077,25800.836,97085.62,44951.972,55963.93688261721,63571.132,20907180.93653568
0.243,0.375,144.1,0.2079904549,18003,0.2072987835,0.103,0.289,2137,875.0,691.0,13,52903.0,5930.0,75.701114889,3783,26079,1854.309,6751.125,4374.729,3744.4521595647,5202.866999999999,1362847.171346667
0.174,0.341,547.5,0.2219370885,658708,0.2371156871,0.098,0.226,133553,27091.0,36716.0,2662,65012.0,260597.0,79.44494788,95704,26081,64553.384000000005,224619.428,114615.192,146191.735691658,148868.008,52331022.72813904
0.187,0.346,,0.2247405871,2119,0.151958471,0.086,0.231,204,79.0,95.0,1,49890.0,614.0,79.330386908,788,26083,182.23399999999998,733.174,396.253,476.2253040649,489.48900000000003,168101.089858052
0.258,0.388,270.0,0.1902131947,11587,0.1632001381,0.119,0.329,935,429.0,312.0,8,39971.0,3000.0,75.721538484,3596,26085,1378.8529999999998,4495.756,2989.446,2204.0002869889,3812.123,877385.466414108
0.213,0.383,198.6,0.2176959652,87635,0.2013008501,0.092,0.268,11803,5015.0,2814.0,137,68959.0,33110.0,77.563213465,17022,26087,8062.42,33564.205,18666.255,19077.785910302002,23486.18,6797252.212005275
0.154,0.318,156.2,0.239224831,21743,0.1559582394,0.078,0.197,2821,816.0,515.0,12,77687.0,7352.0,82.314374124,7238,26089,1695.954,6914.274,3348.422,5201.465500433,4283.371,1789761.436578132
0.204,0.395,268.2,0.211320586,97808,0.2082242761,0.095,0.269,13631,4105.0,3650.0,250,58849.0,36533.0,77.683676447,19425,26091,9291.76,38634.16,19952.832,20668.843875488,26310.352000000003,7598085.025928176
0.162,0.323,180.7,0.2488192362,192335,0.2057035901,0.079,0.198,31916,8779.0,5376.0,403,87686.0,81682.0,80.778527729,35895,26093,15194.465,62124.205,31158.27,47856.647794526994,38082.33,15536538.130757216
0.233,0.396,176.6,0.2152944415,6126,0.1627489389,0.109,0.289,961,194.0,143.0,9,48764.0,1641.0,77.004440555,1371,26095,667.734,2425.896,1427.3580000000002,1318.893748629,1770.4139999999998,471729.20283993
0.227,0.385,213.0,0.2139095207,10839,0.1590552634,0.109,0.274,1133,668.0,404.0,19,48480.0,2950.0,78.031838422,3241,26097,1181.451,4173.015,2460.453,2318.5652948673,2969.8860000000004,845787.0966560581
0.199,0.36,406.5,0.2157543053,870791,0.2072426105,0.097,0.272,151885,52568.0,41321.0,1843,64870.0,351740.0,77.393314854,155985,26099,84466.727,313484.76,173287.409,187876.90726649232,236855.15200000003,67393402.03502952
0.212,0.357,109.9,0.2115283574,24738,0.1707090306,0.096,0.264,2813,1106.0,957.0,35,53488.0,7807.0,76.864624019,6727,26101,2374.848,8831.466,5244.456,5232.7885053612,6530.832,1901477.068982022
0.198,0.357,361.3,0.233113211,65834,0.1775982015,0.091,0.232,11435,2637.0,2592.0,287,52793.0,23710.0,78.673372169,13452,26103,5990.894,23502.737999999998,13035.132000000001,15346.775132973999,15273.488000000001,5179382.783373946
0.205,0.367,240.2,0.2101747127,29164,0.2003840351,0.096,0.26,3645,1232.0,1333.0,96,52571.0,9949.0,77.863996427,7424,26105,2799.744,10703.188,5978.62,6129.5353211828,7582.64,2270825.591797028
0.224,0.376,402.7,0.2054491665,43907,0.1835014918,0.102,0.269,5199,1675.0,1389.0,63,52949.0,14145.0,78.081154215,8480,26107,4478.514,16509.032,9835.168,9020.6565535155,11810.983,3428309.238118005
0.221,0.375,250.2,0.2155118143,22608,0.1789631989,0.097,0.273,2744,686.0,711.0,29,53031.0,8264.0,78.746617804,5939,26109,2192.976,8478.0,4996.368,4872.2910976943995,6171.984,1780303.5353128319
0.18,0.345,233.3,0.2132925324,83441,0.2103282559,0.084,0.218,15044,2964.0,2995.0,234,65249.0,31593.0,80.372341706,16338,26111,7009.044000000001,28787.144999999997,15019.38,17797.3421959884,18190.138,6706348.564290346
0.229,0.381,291.0,0.2071900232,15152,0.2243268215,0.099,0.278,1790,632.0,624.0,6,51030.0,4983.0,78.530478069,3254,26113,1500.048,5772.912,3469.808,3139.3432315264,4212.256,1189893.803701488
0.205,0.363,272.4,0.2351004593,150568,0.2097723288,0.09,0.248,22758,6633.0,6224.0,261,69182.0,59254.0,77.378309115,29006,26115,13551.119999999999,54656.184,30866.44,35398.6059558824,37340.864,11650697.24682732
0.231,0.408,306.8,0.2160866229,63476,0.2180509169,0.099,0.272,8319,2555.0,2548.0,159,52589.0,22380.0,76.91550519,11801,26117,6284.124000000001,25898.208,14662.956,13716.3144752004,17265.472,4882288.60744044
0.238,0.382,96.5,0.2031219461,9337,0.151226304,0.102,0.287,760,397.0,258.0,16,43350.0,2523.0,75.119408203,3111,26119,952.3739999999999,3566.734,2222.2059999999997,1896.5496107357,2679.7189999999996,701389.914391411
0.231,0.401,761.1,0.2060934,173883,0.226847938,0.103,0.303,25631,8859.0,11579.0,402,58445.0,63357.0,76.22528708,31433,26121,17909.949,69727.083,40166.973000000005,35836.1386722,52686.549,13254281.59333164
0.224,0.397,322.6,0.2093864877,49348,0.2219340196,0.104,0.286,5958,2021.0,2119.0,103,51122.0,16152.0,77.60037781,9996,26123,5132.192,19591.156000000003,11053.952000000001,10332.8043950196,14113.527999999998,3829423.44416788
0.136,0.307,351.5,0.208532057,1253459,0.2041997385,0.085,0.197,265460,60170.0,49880.0,4847,82849.0,523741.0,79.924949556,224038,26125,106544.01500000001,384811.913,170470.424,261386.383635163,246931.423,100182647.34551421
0.219,0.383,309.8,0.1947269696,26819,0.2185763824,0.112,0.298,2698,1241.0,1004.0,8,52388.0,8499.0,78.3020758,5855,26127,3003.728,10271.677,5873.361,5222.3825977024,7992.062,2099983.3708802
0.251,0.371,114.3,0.2104393109,20923,0.1830999379,0.107,0.308,2464,881.0,783.0,16,46144.0,6128.0,74.941068757,5628,26129,2238.761,7762.433,5251.673,4403.0217019607,6444.284,1567991.981602711
0.232,0.364,157.3,0.2159442695,5656,0.1207567185,0.098,0.281,397,212.0,99.0,1,43309.0,1558.0,77.150276274,2165,26131,554.288,2058.784,1312.192,1221.380788292,1589.3360000000002,436361.962605744
0.243,0.371,311.2,0.2065241525,23466,0.2226199608,0.102,0.295,2662,965.0,894.0,36,51474.0,7233.0,77.975705489,5111,26133,2393.5319999999997,8705.886,5702.238,4846.295762565,6922.469999999999,1829777.905004874
0.25,0.389,157.7,0.2192017357,8368,0.1971797323,0.103,0.293,760,347.0,220.0,5,43683.0,2070.0,75.656028622,2390,26135,861.904,3255.152,2092.0,1834.2801243376,2451.824,633089.647508896
0.207,0.374,174.3,0.2079897974,24765,0.2071875631,0.094,0.252,3561,1196.0,1451.0,63,61330.0,8519.0,77.206518817,5500,26137,2327.91,9262.11,5126.355,5150.867332611,6240.78,1912019.438503005
0.162,0.319,273.4,0.2219253945,294635,0.2345444363,0.087,0.22,49964,10859.0,10830.0,595,77465.0,120063.0,81.268304728,47097,26139,25633.245,93988.565,47730.87,65386.988608507505,64819.7,23944486.96353428
0.223,0.382,150.9,0.2157446902,12665,0.1515199368,0.095,0.271,1358,549.0,352.0,5,49713.0,3575.0,78.146874165,4214,26141,1203.175,4838.03,2824.295,2732.406501383,3432.215,989730.161299725
0.229,0.36,187.4,0.2092249047,23986,0.1437922121,0.102,0.289,2379,950.0,1030.0,20,43551.0,5645.0,75.491977206,8152,26143,2446.5719999999997,8634.96,5492.794,5018.468564134199,6931.954,1810750.565263116
0.213,0.417,673.9,0.1862670228,189868,0.2131059473,0.111,0.271,29021,8410.0,13334.0,578,51893.0,66497.0,76.110409501,38240,26145,21075.348,79174.95599999999,40441.884,35366.1470849904,51454.228,14450931.23113587
0.214,0.365,287.2,0.2284549344,159293,0.2043843735,0.095,0.251,22567,8855.0,7625.0,414,59138.0,59194.0,76.302637534,31676,26147,15132.835000000001,58141.945,34088.702,36391.2718653792,39982.543,12154476.040703462
0.218,0.373,328.1,0.2012327992,60848,0.2428346043,0.105,0.285,7135,2634.0,2471.0,111,54896.0,20533.0,76.109670342,11429,26149,6389.04,22696.304,13264.864,12244.6133657216,17341.68,4631121.220970016
0.225,0.395,174.9,0.2068087372,40747,0.2092423982,0.102,0.291,4886,1900.0,1619.0,74,51171.0,13702.0,77.531329932,9306,26151,4156.1939999999995,16095.065,9168.075,8426.8356146884,11857.376999999999,3159169.1007392043
0.249,0.391,173.0,0.2090283238,8104,0.1734945706,0.104,0.281,789,314.0,268.0,20,49684.0,2425.0,77.585563292,2274,26153,842.8159999999999,3168.664,2017.896,1693.9655360752,2277.224,628753.404918368
0.202,0.375,356.7,0.2174244077,67738,0.2066786737,0.089,0.255,10154,3020.0,2944.0,116,59733.0,25819.0,77.277853984,13188,26155,6028.682,25401.75,13683.076000000001,14727.894528782599,17273.19,5234647.273168192
0.236,0.403,231.6,0.2268318662,52289,0.2018397751,0.099,0.277,6626,2395.0,1595.0,158,51940.0,18290.0,75.963527953,11250,26157,5176.611,21072.467,12340.204,11860.8114517318,14484.053000000002,3972056.913134417
0.217,0.365,359.4,0.208900189,75474,0.2289000185,0.106,0.282,9685,2903.0,4329.0,100,56526.0,26825.0,77.528380051,14529,26159,8000.244,27548.01,16377.858,15766.532864585999,21283.667999999998,5851376.955969174
0.14,0.294,489.7,0.1994074355,366473,0.1839262374,0.084,0.195,81618,12365.0,14446.0,2259,77019.0,128343.0,80.890780657,55087,26161,30783.732000000004,107743.06199999999,51306.22000000001,73077.4411099915,71462.235,29644287.05971276
0.22,0.401,879.2,0.187741383,1740623,0.2349836811,0.118,0.286,284336,110086.0,159581.0,5660,51777.0,573920.0,74.342406553,282744,26163,205393.514,697989.8230000001,382937.06,326786.96930160903,497818.17799999996,129402102.72150253
0.234,0.391,297.3,0.2073121444,33743,0.2297958095,0.1,0.279,4475,1516.0,1651.0,85,56550.0,11022.0,76.939922872,6800,26165,3374.3,13193.513,7895.862,6995.3336884892005,9414.297,2596183.817469896
0.1495352817,0.3,433.9,0.2344871105,5657342,0.2300053629,0.078,0.197,1110469,191143.0,259037.0,16482,75489.0,2205517.0,80.396039208,948841,27000,441272.676,1697202.5999999999,845972.2296432414,1326573.778690291,1114496.374,454827889.24506515
0.206,0.335,170.0,0.2269440782,15848,0.1627334679,0.087,0.231,1632,603.0,697.0,13,49822.0,4968.0,78.780242016,5418,27001,1378.7759999999998,5309.08,3264.6879999999996,3596.6097513136,3660.8880000000004,1248509.275469568
0.166,0.35,355.0,0.2212199679,359921,0.2367686242,0.085,0.21,68506,12590.0,15178.0,672,84779.0,151039.0,80.954668342,53744,27003,30593.285000000003,125972.34999999999,59746.886000000006,79621.7120665359,75583.41,29137285.184320983
0.196,0.341,278.9,0.242076408,34456,0.2389714418,0.086,0.235,5257,1173.0,1448.0,77,60159.0,12632.0,77.732413493,7542,27005,2963.216,11749.496000000001,6753.376,8340.984714048,8097.16,2678348.039314808
0.215,0.353,557.3,0.2188771212,47442,0.2507482821,0.096,0.231,7360,1559.0,3775.0,175,58138.0,15796.0,76.483558804,7987,27007,4554.432,16747.025999999998,10200.03,10383.9683839704,10959.102,3628532.996779368
0.189,0.365,381.5,0.2448904174,40958,0.2555300552,0.083,0.23,8274,1465.0,1893.0,7,70143.0,17733.0,77.97455451,5904,27009,3399.514,14949.67,7741.062,10030.2217158692,9420.34,3193681.80362058
0.21,0.346,180.3,0.2420450823,4923,0.2189721714,0.084,0.242,648,119.0,152.0,3,54796.0,1699.0,80.311786576,1335,27011,413.53200000000004,1703.358,1033.83,1191.5879401629,1191.366,395374.925313648
0.177,0.338,771.6,0.2489364457,68241,0.197564514,0.085,0.226,12449,2181.0,2938.0,265,67193.0,29136.0,80.420217252,10057,27013,5800.485000000001,23065.458000000002,12078.657,16987.6719910137,15422.466,5487956.045493732
0.185,0.348,243.9,0.262149012,24846,0.2193109555,0.08,0.218,3880,731.0,871.0,52,61978.0,10626.0,80.029379746,5455,27015,1987.68,8646.408,4596.51,6513.3543521520005,5416.428,1988409.969169116
0.204,0.31,409.8,0.2559745722,35769,0.2220637983,0.085,0.22,6390,1280.0,1676.0,59,67695.0,13327.0,78.437222647,6489,27017,3040.3650000000002,11088.39,7296.875999999999,9155.954473021799,7869.18,2805621.016860543
0.129,0.287,200.8,0.2506914875,106565,0.259728804,0.07,0.179,22388,3047.0,3229.0,221,107932.0,44703.0,83.165032336,14232,27019,7459.550000000001,30584.155,13746.885,26714.938365437498,19075.135,8862481.67088584
0.221,0.337,413.0,0.2363463925,29928,0.2058607324,0.091,0.236,3683,1301.0,1460.0,26,52271.0,9336.0,77.461816409,8015,27021,2723.448,10085.736,6614.088,7073.37483474,7063.008,2318277.2414885517
0.195,0.324,254.2,0.244652216,11758,0.2462153427,0.089,0.232,1714,344.0,509.0,8,63406.0,4454.0,77.892047883,2546,27023,1046.462,3809.592,2292.81,2876.620755728,2727.856,915854.699008314
0.191,0.33,194.4,0.2798781243,56794,0.2244427228,0.079,0.213,9242,1980.0,1751.0,84,85178.0,23348.0,80.104651391,9297,27025,4486.726,18742.02,10847.654,15895.398191494198,12097.122,4549463.571100454
0.164,0.348,400.2,0.2462443199,64690,0.2482145618,0.079,0.214,13249,1561.0,2649.0,170,74266.0,26257.0,79.963648643,8975,27027,5110.51,22512.12,10609.16,15929.545054331,13843.66,5172848.43071567
0.232,0.35,260.8,0.2363117063,9017,0.2501940779,0.094,0.268,1042,423.0,428.0,2,51147.0,2917.0,77.72820937,1875,27029,847.598,3155.95,2091.944,2130.8226557071002,2416.556,700875.26388929
0.162,0.313,256.3,0.2378918762,5417,0.1504522799,0.081,0.2,874,249.0,148.0,5,58561.0,1802.0,82.510190152,1617,27031,438.777,1695.521,877.554,1288.6602933754,1083.4,446957.70005338406
0.193,0.318,205.4,0.2198565833,11242,0.2488880982,0.092,0.252,1445,291.0,561.0,15,53525.0,4124.0,79.264434795,2635,27033,1034.264,3574.956,2169.706,2471.6277094586,2832.984,891090.77596539
0.207,0.315,216.7,0.2523485487,65644,0.2103924197,0.081,0.225,10143,2337.0,2828.0,213,58213.0,24412.0,79.513821794,15508,27035,5317.164,20677.86,13588.307999999999,16565.1681308628,14769.9,5219605.317845335
0.141,0.306,366.2,0.2257026611,431807,0.2413346704,0.077,0.184,88470,15019.0,21288.0,865,90562.0,179519.0,81.791944214,65605,27037,33249.139,132132.942,60884.787,97459.9889816077,79452.488,35318334.055214696
0.17,0.324,224.5,0.2343945068,20987,0.254204984,0.075,0.205,3733,647.0,979.0,8,77340.0,8650.0,80.590677436,3270,27039,1574.0249999999999,6799.7880000000005,3567.7900000000004,4919.237514211601,4302.335,1691356.547349332
0.184,0.313,262.2,0.260072677,38328,0.2158213317,0.077,0.211,6566,1019.0,1294.0,92,69848.0,15872.0,79.775715175,9038,27041,2951.256,11996.664,7052.352,9968.065564056,8087.208,3057643.6112274
0.195,0.369,263.7,0.2538992866,13601,0.2207925888,0.086,0.24,1965,436.0,496.0,6,55599.0,5458.0,78.311579197,3294,27043,1169.686,5018.769,2652.195,3453.2841970465997,3264.24,1065115.788658397
0.194,0.363,185.1,0.2431547674,21135,0.2461320085,0.085,0.23,3206,585.0,633.0,5,66204.0,7741.0,80.438379043,4582,27045,1796.4750000000001,7672.005,4100.1900000000005,5139.076008999,4861.05,1700065.141073805
0.192,0.346,323.6,0.23159527,30364,0.2186141483,0.092,0.267,4172,914.0,1580.0,43,62233.0,11867.0,80.115354787,7030,27047,2793.488,10505.944,5829.888,7032.15877828,8107.188,2432622.632752468
0.185,0.333,282.7,0.2513479795,46318,0.2194395267,0.078,0.206,7625,1560.0,1754.0,49,73474.0,19289.0,78.977437249,9631,27049,3612.804,15423.894,8568.83,11641.935714481,9541.508,3658076.938499182
0.199,0.338,234.4,0.2506218305,6026,0.2295054763,0.084,0.223,891,176.0,217.0,1,66740.0,2137.0,79.604882062,1451,27051,506.184,2036.7880000000002,1199.174,1510.2471505929998,1343.798,479699.019305612
0.127,0.252,662.1,0.235273252,1268408,0.2167945961,0.075,0.164,314636,46532.0,66176.0,5902,81772.0,477552.0,80.586346628,189574,27053,95130.59999999999,319638.816,161087.816,298422.475022816,208018.912,102216366.75372823
0.181,0.327,198.9,0.2650017581,18632,0.2191927866,0.076,0.206,2923,442.0,752.0,5,61117.0,8082.0,81.493552213,4258,27055,1416.032,6092.664000000001,3372.392,4937.5127569192,3838.192,1518387.864832616
0.19,0.345,265.2,0.2421067581,21783,0.2114492953,0.081,0.236,2703,700.0,715.0,28,62750.0,7238.0,79.698556373,5692,27057,1764.423,7515.134999999999,4138.77,5273.8115116923,5140.788,1736073.653473059
0.191,0.331,202.0,0.252548502,41429,0.2354630814,0.081,0.222,6341,1454.0,1788.0,70,73401.0,16966.0,79.564193289,6923,27059,3355.7490000000003,13712.999,7912.939,10462.831889358,9197.238,3296264.963769981
0.208,0.326,341.2,0.2529003623,45268,0.2051117787,0.085,0.214,6674,1860.0,1622.0,135,59365.0,15236.0,78.758863992,11347,27061,3847.78,14757.368,9415.743999999999,11448.2936005964,9687.351999999999,3565256.255189856
0.186,0.323,213.3,0.2516582529,9768,0.2145782146,0.081,0.224,1533,279.0,251.0,9,62766.0,3998.0,81.496716005,2249,27063,791.208,3155.0640000000003,1816.848,2458.1978143272,2188.032,796059.9219368399
0.216,0.369,159.1,0.2434662844,16416,0.2113182261,0.087,0.241,2080,729.0,347.0,24,62422.0,5864.0,79.394001755,3584,27065,1428.192,6057.504,3545.8559999999998,3996.7425247104,3956.256,1303331.93281008
0.179,0.34,398.2,0.2223552728,43130,0.244331092,0.088,0.225,6579,1184.0,2592.0,182,65344.0,17500.0,80.455783181,8519,27067,3795.4399999999996,14664.2,7720.2699999999995,9590.182915864,9704.25,3470057.92859653
0.186,0.332,,0.2511555327,4214,0.219269103,0.082,0.225,532,111.0,192.0,0,51016.0,1569.0,77.437691327,1078,27069,345.548,1399.048,783.804,1058.3694147978001,948.15,326322.431251978
0.204,0.348,90.0,0.2410005641,12059,0.1744754955,0.089,0.239,1639,429.0,524.0,20,56870.0,4249.0,78.718425563,3338,27071,1073.251,4196.532,2460.036,2906.2258024819002,2882.1009999999997,949265.493864217
0.192,0.345,166.1,0.2397796246,6527,0.2046882182,0.08,0.233,848,166.0,228.0,1,65446.0,2374.0,81.201918681,1856,27073,522.16,2251.8149999999996,1253.184,1565.0416097641998,1520.7910000000002,530004.9232308869
0.181,0.323,234.9,0.2412629675,10639,0.1906194191,0.077,0.207,1618,384.0,355.0,12,63741.0,3487.0,80.332519193,2913,27075,819.203,3436.397,1925.6589999999999,2566.7967112325,2202.2729999999997,854657.6716943269
0.202,0.319,,0.2474709497,3754,0.1888652104,0.086,0.234,516,150.0,233.0,1,57302.0,1421.0,78.964588978,986,27077,322.844,1197.526,758.308,929.0059451738,878.436,296433.067023412
0.173,0.318,231.9,0.2446625198,28741,0.2338471174,0.078,0.225,4393,1094.0,1117.0,12,78559.0,12378.0,80.89705516,5295,27079,2241.798,9139.638,4972.192999999999,7031.8454815718005,6466.725,2325062.26235356
0.199,0.326,124.1,0.2417854473,5568,0.2358117816,0.083,0.229,778,139.0,169.0,1,57252.0,1809.0,79.164673776,1403,27081,462.144,1815.1680000000001,1108.0320000000002,1346.2613705664,1275.0720000000001,440788.903584768
0.191,0.349,302.3,0.2269442704,25271,0.2572513949,0.091,0.231,4604,645.0,1378.0,50,63255.0,10001.0,80.30995357,4326,27083,2299.661,8819.579,4826.761,5735.108657278401,5837.601000000001,2029512.8366674702
0.185,0.356,309.3,0.2270864438,35710,0.2255390647,0.083,0.223,6085,1091.0,1055.0,82,76095.0,15947.0,80.627463227,6934,27085,2963.9300000000003,12712.76,6606.35,8109.256908098,7963.33,2879206.7118361704
0.298,0.4,579.0,0.2167351497,5473,0.31061575,0.129,0.301,626,286.0,602.0,0,48951.0,1512.0,70.959234423,979,27087,706.017,2189.2000000000003,1630.954,1186.1914743081,1647.373,388359.889997079
0.188,0.322,117.8,0.2419448515,9321,0.2314129385,0.081,0.225,1255,353.0,384.0,0,62240.0,3508.0,81.929809182,2129,27089,755.001,3001.362,1752.348,2255.1679608315,2097.225,763667.751385422
0.204,0.352,213.4,0.2225539251,19484,0.2216690618,0.085,0.227,2883,520.0,796.0,21,58578.0,7751.0,80.881858228,4752,27091,1656.14,6858.3679999999995,3974.736,4336.2406766484,4422.868,1575902.125714352
0.188,0.35,223.9,0.2507368828,23341,0.242020479,0.081,0.222,3176,684.0,719.0,14,66861.0,9292.0,80.698383842,4890,27093,1890.621,8169.349999999999,4388.108,5852.4495814348,5181.702,1883580.977256122
0.219,0.334,277.8,0.2197209252,26146,0.2341467146,0.089,0.234,3458,1090.0,1353.0,64,55547.0,9362.0,75.597480439,4955,27095,2326.9939999999997,8732.764000000001,5725.974,5744.8233102792,6118.164000000001,1976571.723558094
0.194,0.355,185.7,0.2626019476,33187,0.2317775032,0.083,0.231,4763,1212.0,1508.0,38,62618.0,12667.0,79.279702576,6815,27097,2754.521,11781.385,6438.278,8714.9708350012,7666.197,2631055.489389712
0.19,0.35,421.8,0.2228724051,40150,0.2525031133,0.094,0.257,5947,1040.0,2426.0,47,61565.0,14715.0,79.937668162,7459,27099,3774.1,14052.5,7628.5,8948.327064765,10318.550000000001,3209497.3767043
0.188,0.342,170.9,0.241293968,8155,0.2141017781,0.081,0.236,1118,245.0,282.0,5,63414.0,3190.0,83.742711862,2183,27101,660.5550000000001,2789.01,1533.14,1967.75230904,1924.58,682921.81523461
0.171,0.29,329.7,0.2420059594,34482,0.2190418189,0.08,0.198,6690,997.0,1726.0,92,75827.0,13961.0,81.458212577,5775,27103,2758.56,9999.779999999999,5896.4220000000005,8344.8494920308,6827.436000000001,2808842.086080114
0.18,0.392,559.4,0.2047989134,21400,0.2805607477,0.107,0.3,2361,488.0,1781.0,29,63011.0,7564.0,79.590701841,3678,27105,2289.8,8388.800000000001,3852.0,4382.69674676,6420.0,1703241.0193973999
0.199,0.345,188.2,0.2442846998,6338,0.2361943831,0.086,0.234,892,208.0,236.0,0,50573.0,2289.0,77.613423688,1394,27107,545.068,2186.6099999999997,1261.2620000000002,1548.2764273324,1483.092,491913.879334544
0.137,0.298,375.3,0.2162586041,159298,0.2430790092,0.078,0.182,35118,4937.0,7204.0,723,82683.0,59026.0,82.095896259,25798,27109,12425.244,47470.804,21823.826,34449.5631159218,28992.236,13077712.082266182
0.167,0.354,216.2,0.2607049235,58741,0.2169353603,0.081,0.221,8642,1698.0,2328.0,83,67329.0,21691.0,80.013902564,14714,27111,4758.021,20794.314,9809.747000000001,15314.067911313501,12981.761,4700096.650511924
0.188,0.338,325.8,0.2542905112,13874,0.2263226178,0.082,0.233,2360,533.0,736.0,40,64240.0,6201.0,80.176666447,2694,27113,1137.6680000000001,4689.412,2608.312,3528.0265523888,3232.6420000000003,1112371.0702856781
0.228,0.327,263.7,0.2384181944,29359,0.1917980858,0.092,0.265,3942,1255.0,923.0,53,58733.0,9692.0,78.967897991,6482,27115,2701.028,9600.393,6693.852,6999.7197693896005,7780.135,2318418.517117769
0.195,0.342,164.4,0.2270666548,9121,0.2623615832,0.088,0.24,1151,189.0,331.0,12,58662.0,3310.0,80.071208673,1953,27117,802.6479999999999,3119.382,1778.595,2071.0749584308,2189.04,730329.494306433
0.194,0.34,210.4,0.2619393965,30900,0.2453074434,0.086,0.213,5155,918.0,1682.0,80,60068.0,11794.0,78.147006253,5886,27119,2657.3999999999996,10506.0,5994.6,8093.9273518499995,6581.7,2414742.4932177
0.181,0.343,97.8,0.2568137293,11277,0.2143300523,0.08,0.208,1769,290.0,283.0,13,64306.0,4599.0,80.017709157,2793,27121,902.16,3868.0110000000004,2041.137,2896.0884253161003,2345.616,902359.706163489
0.153,0.309,631.8,0.1957710911,547903,0.2319936193,0.093,0.191,116958,20064.0,30808.0,2537,66123.0,194525.0,79.291630978,83399,27123,50954.979,169302.027,83829.159,107263.56812696329,104649.473,43444122.48773913
0.201,0.331,221.9,0.236586379,4046,0.2390014829,0.086,0.235,657,143.0,197.0,0,68683.0,1480.0,83.117353043,901,27125,347.95599999999996,1339.226,813.2460000000001,957.228489434,950.81,336292.810411978
0.198,0.316,158.2,0.2449472415,15079,0.2488228662,0.086,0.236,2078,430.0,652.0,8,61316.0,5692.0,80.116507189,3284,27127,1296.7939999999999,4764.964,2985.6420000000003,3693.5594545784998,3558.644,1208076.811902931
0.193,0.337,247.5,0.2393600132,14403,0.2323127126,0.087,0.238,1866,476.0,534.0,3,56296.0,5677.0,79.418899364,3134,27129,1253.061,4853.811000000001,2779.779,3447.5022701196,3427.9139999999998,1143870.407539692
0.173,0.325,301.6,0.2361347002,67084,0.2152674259,0.084,0.214,9326,1951.0,2631.0,123,74301.0,23401.0,80.596433026,10994,27131,5635.0560000000005,21802.3,11605.532,15840.8602282168,14355.976,5406731.113116184
0.186,0.328,193.2,0.242628035,9301,0.2480378454,0.079,0.208,1646,176.0,296.0,18,64588.0,4001.0,77.705421764,1936,27133,734.779,3050.728,1729.9859999999999,2256.683353535,1934.608,722738.1278269639
0.195,0.341,112.1,0.2726258637,15117,0.2368194748,0.08,0.23,2083,455.0,788.0,6,61775.0,5836.0,78.34719241,2847,27135,1209.3600000000001,5154.897,2947.815,4121.2851815529,3476.9100000000003,1184374.50766197
0.195,0.343,392.3,0.2393749398,198538,0.1879438697,0.084,0.211,35046,7286.0,8112.0,596,57972.0,76679.0,78.377059138,41131,27137,16677.192000000003,68098.534,38714.91,47525.0217980124,41891.518,15560824.567140246
0.137,0.292,302.0,0.2438020181,150689,0.2655004679,0.075,0.187,30886,4957.0,5497.0,165,99924.0,65099.0,82.409888791,17784,27139,11301.675,44001.187999999995,20644.393,36738.2823054709,28178.843,12418263.732027
0.163,0.345,272.5,0.2401672217,98811,0.2596168443,0.078,0.216,18835,3187.0,4536.0,193,92673.0,41664.0,80.230289384,12070,27141,7707.258,34089.795,16106.193000000001,23731.163343398697,21343.176,7927635.124322425
0.189,0.343,161.5,0.2507959653,14715,0.2267074414,0.085,0.233,2209,461.0,318.0,6,61225.0,6473.0,81.575178183,2832,27143,1250.775,5047.245000000001,2781.135,3690.4626293895,3428.5950000000003,1200378.746962845
0.178,0.343,468.1,0.275315031,162038,0.2327910737,0.086,0.235,27187,5213.0,7151.0,574,66317.0,65790.0,81.122464786,25798,27145,13935.267999999998,55579.03400000001,28842.764,44611.496993178,38078.93,13144921.948993867
0.179,0.371,349.3,0.251032955,36596,0.2450814297,0.083,0.215,5831,1112.0,1059.0,93,70532.0,15495.0,81.441560548,6870,27147,3037.4680000000003,13577.116,6550.683999999999,9186.80202118,7868.14,2980435.3498146078
0.173,0.38,163.2,0.2402401201,9765,0.2166922683,0.084,0.221,1742,177.0,192.0,17,68234.0,3842.0,81.458771165,1729,27149,820.2600000000001,3710.7,1689.3449999999998,2345.9447727765,2158.065,795444.900426225
0.207,0.36,313.0,0.245332872,9176,0.2292938099,0.091,0.239,1402,282.0,511.0,8,59165.0,3590.0,78.236850388,2089,27151,835.016,3303.3599999999997,1899.432,2251.174433472,2193.064,717901.339160288
0.204,0.362,312.2,0.2360850402,24732,0.2387190684,0.089,0.26,2809,729.0,878.0,11,52842.0,8292.0,81.759044415,5637,27153,2201.1479999999997,8952.984,5045.3279999999995,5838.855214226401,6430.320000000001,2022064.68647178
0.197,0.313,460.3,0.2373492457,3218,0.2113113735,0.084,0.217,492,77.0,151.0,0,56085.0,1192.0,77.233437105,840,27155,270.312,1007.234,633.946,763.7898726625999,698.306,248537.20060388997
0.185,0.337,194.2,0.2667297699,21642,0.2183716847,0.079,0.223,3350,659.0,790.0,6,74348.0,8557.0,82.015948434,4943,27157,1709.718,7293.354,4003.77,5772.5656801758005,4826.166,1774989.156008628
0.225,0.375,402.0,0.2362519832,13807,0.2605924531,0.092,0.242,2035,460.0,795.0,48,46968.0,4489.0,77.299466943,2957,27159,1270.244,5177.625,3106.5750000000003,3261.9311320424,3341.294,1067273.740082001
0.194,0.39,300.9,0.2472088208,18550,0.2314824798,0.087,0.23,3067,566.0,765.0,7,66523.0,7544.0,80.294210877,3469,27161,1613.85,7234.5,3598.7000000000003,4585.72362584,4266.5,1489457.61176835
0.13,0.288,290.0,0.2546076634,265476,0.2414982899,0.07,0.16,51959,8074.0,10127.0,768,101409.0,107023.0,81.929042505,42477,27163,18583.320000000003,76457.08799999999,34511.880000000005,67592.2240487784,42476.16,21750194.48805738
0.194,0.348,385.4,0.2117544573,10792,0.2442550037,0.102,0.272,1329,308.0,590.0,7,60656.0,4132.0,79.088968876,2285,27165,1100.7839999999999,3755.6159999999995,2093.648,2285.2541031816,2935.4240000000004,853528.152109792
0.18,0.319,257.8,0.2528136105,6161,0.2212303198,0.078,0.21,1015,142.0,331.0,15,65769.0,2527.0,77.766865976,1240,27167,480.558,1965.359,1108.98,1557.5846542905,1293.81,479121.661278136
0.182,0.34,400.1,0.2463422211,50485,0.1773001882,0.083,0.209,8257,1393.0,1326.0,108,65302.0,21214.0,80.907459196,9218,27169,4190.255,17164.9,9188.27,12436.587032233501,10551.365,4084613.0775100603
0.156,0.295,222.6,0.2362411244,140249,0.274989483,0.072,0.198,26531,4198.0,4249.0,172,85855.0,60849.0,81.027149732,18740,27171,10097.928,41373.454999999994,21878.844,33132.5814559756,27769.302,11363976.722763268
0.202,0.355,216.3,0.2391214038,9580,0.2279749478,0.087,0.237,1281,245.0,527.0,7,62290.0,3817.0,82.114662129,2101,27173,833.4599999999999,3400.8999999999996,1935.16,2290.783048404,2270.46,786658.46319582
0.2112115212,0.412,850.2,0.1587757288,2966786,0.2336309393,0.133,0.369,460374,101808.0,258937.0,5466,47368.0,1041248.0,73.888293832,499955,28000,394582.538,1222315.832,626619.3841348632,471053.6093436368,1094744.034,219210755.70466396
0.226,0.429,886.2,0.1309998699,30275,0.1992733278,0.163,0.467,3249,1168.0,3461.0,34,36519.0,8827.0,72.476550282,6110,28001,4934.825,12987.975,6842.150000000001,3966.0210612225005,14138.425000000001,2194227.55978755
0.22,0.404,395.1,0.1525956365,36889,0.2242673968,0.113,0.4,4865,961.0,2544.0,104,46368.0,12659.0,73.462643494,7043,28003,4168.457,14903.156,8115.58,5629.100434848499,14755.6,2709963.4558501663
0.231,0.416,496.1,0.1419203358,12205,0.2001638673,0.138,0.424,1032,376.0,931.0,2,42649.0,3102.0,75.871747131,3082,28005,1684.2900000000002,5077.28,2819.355,1732.137698439,5174.92,926014.6737338551
0.234,0.45,715.3,0.1330196958,18004,0.2493334814,0.144,0.455,2209,580.0,2127.0,7,40985.0,5864.0,73.724446268,3558,28007,2592.576,8101.8,4212.936000000001,2394.8866031832,8191.820000000001,1327334.9306090719
0.237,0.408,460.1,0.1479547543,8351,0.2119506646,0.131,0.42,1010,250.0,532.0,5,38972.0,2949.0,73.432990989,1623,28009,1093.981,3407.2079999999996,1979.187,1235.5701531593,3507.42,613238.907749139
0.224,0.461,1230.9,0.1230137193,30142,0.2459027271,0.173,0.457,4945,1006.0,3611.0,24,36034.0,8835.0,69.727389829,5138,28011,5214.566,13895.462000000001,6751.808,3707.8795271406,13774.894,2101722.9842257183
0.226,0.411,724.2,0.1477504248,14241,0.2267396952,0.13,0.429,1664,452.0,1117.0,1,42107.0,4944.0,73.090117854,2853,28013,1851.3300000000002,5853.0509999999995,3218.466,2104.1137995768,6109.389,1040876.368358814
0.229,0.41,542.9,0.1473005638,9732,0.1815659679,0.128,0.404,1522,267.0,628.0,0,46814.0,3088.0,74.950356534,2434,28015,1245.696,3990.12,2228.628,1433.5290869016,3931.728,729416.8697888879
0.24,0.443,900.4,0.1332896168,16951,0.2478909799,0.147,0.441,2184,757.0,1506.0,4,40471.0,5299.0,72.966738919,3094,28017,2491.797,7509.293,4068.24,2259.3922943768002,7475.391,1236859.1914159688
0.219,0.399,426.3,0.1516862751,8063,0.212451941,0.123,0.398,1039,231.0,432.0,10,43449.0,2649.0,73.612786706,1857,28019,991.749,3217.137,1765.797,1223.0464361313,3209.074,593539.899210478
0.238,0.501,0.0,0.107918223,8911,0.2083941196,0.196,0.483,885,448.0,826.0,4,34551.0,2157.0,70.950386817,1525,28021,1746.556,4464.411,2120.8179999999998,961.6592851529999,4304.013,632238.896926287
0.222,0.399,720.7,0.15316211,15299,0.2177266488,0.124,0.381,1856,491.0,1305.0,6,38314.0,4949.0,73.102453708,3279,28023,1897.076,6104.301,3396.378,2343.2271208899997,5828.919,1118394.439278692
0.216,0.447,1030.2,0.1248968763,19352,0.2240595287,0.151,0.441,2782,925.0,2217.0,35,36536.0,6182.0,75.678226259,3723,28025,2922.152,8650.344000000001,4180.032,2417.0043501576,8534.232,1464525.034564168
0.24,0.489,1604.6,0.1144300037,21564,0.2680856984,0.186,0.474,3317,1048.0,3789.0,115,30047.0,5932.0,68.584172831,3507,28027,4010.904,10544.796,5175.36,2467.5685997868,10221.336,1478949.102927684
0.218,0.419,1339.7,0.1336993763,27933,0.2252890846,0.142,0.412,3739,888.0,2807.0,17,41476.0,9183.0,73.99703109,5209,28029,3966.4859999999994,11703.927,6089.394,3734.6246781879004,11508.395999999999,2066959.0694369697
0.24,0.421,939.0,0.1397264691,18518,0.2437628254,0.137,0.426,2678,576.0,1647.0,15,42221.0,6219.0,70.553950583,3185,28031,2536.9660000000003,7796.0779999999995,4444.32,2587.4547547938,7888.668,1306518.056895994
0.173,0.378,709.4,0.1650760949,188275,0.2512601248,0.106,0.323,32987,5469.0,11861.0,189,66532.0,77351.0,76.491763032,25627,28033,19957.149999999998,71167.95,32571.574999999997,31079.701767297498,60812.825000000004,14401486.684849799
0.196,0.441,1420.6,0.1493556219,75009,0.2322121345,0.129,0.375,14112,2655.0,6848.0,309,42082.0,26904.0,72.943849469,10698,28035,9676.161,33078.969,14701.764000000001,11203.0158430971,28128.375,5471445.204820221
0.224,0.411,531.6,0.1508898183,7657,0.2267206478,0.13,0.4,783,229.0,442.0,1,41548.0,2310.0,74.418052535,1639,28037,995.4100000000001,3147.027,1715.1680000000001,1155.3633387231,3062.8,569819.028260495
0.213,0.386,432.7,0.1649565423,24425,0.2627635619,0.111,0.392,3296,818.0,1295.0,9,49995.0,6273.0,72.461270752,3668,28039,2711.175,9428.050000000001,5202.525,4029.0635456775003,9574.6,1769866.5381176001
0.224,0.384,353.3,0.1659672978,13477,0.1919566669,0.118,0.403,1480,420.0,683.0,2,46493.0,1969.0,75.9439035,2137,28041,1590.2859999999998,5175.168,3018.848,2236.7412724506,5431.231000000001,1023495.9874695
0.214,0.417,1238.1,0.143025173,20610,0.2392527899,0.131,0.39,3146,667.0,2338.0,13,42577.0,7226.0,69.185409602,3810,28043,2699.9100000000003,8594.369999999999,4410.54,2947.7488155300002,8037.900000000001,1425911.2918972198
0.202,0.345,491.3,0.1648932178,48000,0.1956458333,0.106,0.358,6385,1586.0,3277.0,13,55710.0,16753.0,76.950295203,10234,28045,5088.0,16560.0,9696.0,7914.874454399999,17184.0,3693614.169744
0.208,0.403,781.4,0.1533822955,208801,0.2363398643,0.121,0.372,34747,8262.0,17215.0,475,47505.0,76788.0,74.564742439,33415,28047,25264.921,84146.803,43430.608,32026.376682695496,77673.972,15569192.786005639
0.184,0.424,1460.1,0.1228920228,227966,0.2365264996,0.149,0.376,41959,9755.0,27342.0,800,44671.0,83695.0,73.689352539,35295,28049,33966.934,96657.584,41945.744,28015.2028696248,85715.216,16798666.940905675
0.278,0.495,1657.8,0.1037401884,16726,0.2480569174,0.205,0.51,2188,896.0,3014.0,5,30003.0,4139.0,69.003150221,2747,28051,3428.83,8279.37,4649.828,1735.1583911784,8530.26,1154146.690596446
0.266,0.499,1488.1,0.1076297678,7827,0.2565478472,0.195,0.518,855,328.0,1267.0,0,30474.0,1997.0,70.232152668,1407,28053,1526.265,3905.673,2081.982,842.4181925706,4054.386,549707.0589324359
0.288,0.484,602.9,0.125673781,1220,0.0959016393,0.179,0.505,120,31.0,66.0,0,32675.0,224.0,,228,28055,218.38,590.48,351.35999999999996,153.32201282000003,616.1,
0.217,0.36,0.0,0.1674049633,23261,0.2161987877,0.108,0.366,2855,722.0,1096.0,4,48097.0,8299.0,74.167158226,4268,28057,2512.188,8373.96,5047.637,3894.0068513212996,8513.526,1725202.267494986
0.189,0.386,630.1,0.1729629298,143802,0.2292805385,0.111,0.346,24248,5567.0,10796.0,239,55831.0,53125.0,74.817657035,24064,28059,15962.022,55507.572,27178.578,24872.4152310996,49755.492,10758928.71694707
0.226,0.44,891.2,0.1315845615,16332,0.2253245163,0.143,0.412,1842,543.0,1864.0,2,42806.0,5833.0,73.20063786,3433,28061,2335.4759999999997,7186.08,3691.032,2149.039058418,6728.784,1195512.81752952
0.244,0.51,2389.1,0.1180047583,6997,0.2230956124,0.19,0.492,698,366.0,1112.0,2,32683.0,1925.0,72.819124517,1294,28063,1329.43,3568.4700000000003,1707.268,825.6792938251,3442.524,509515.41424544906
0.226,0.442,1006.5,0.1259928608,10890,0.1982552801,0.154,0.444,1552,386.0,763.0,11,35567.0,4068.0,71.501180206,2573,28065,1677.06,4813.38,2461.14,1372.062254112,4835.16,778647.85244334
0.197,0.428,775.4,0.1507693935,67993,0.2493197829,0.126,0.381,9969,1808.0,5874.0,70,49115.0,24134.0,73.951208453,12165,28067,8567.118,29101.004,13394.621000000001,10251.2633722455,25905.333,5028164.516344829
0.243,0.476,831.5,0.1245145754,9521,0.185169625,0.172,0.469,1068,330.0,930.0,0,37305.0,3153.0,77.066325288,2110,28069,1637.6119999999999,4531.996,2313.603,1185.5032723834,4465.349,733748.483067048
0.169,0.369,762.7,0.1709786135,54408,0.1842927511,0.109,0.336,10981,1615.0,2784.0,364,55786.0,20758.0,77.784381864,7567,28071,5930.472,20076.552,9194.952000000001,9302.604403308,18281.088,4232092.648456512
0.183,0.374,476.8,0.1605230474,64165,0.2439803631,0.105,0.35,11939,1835.0,3267.0,26,62527.0,23652.0,79.207086029,9486,28073,6737.325,23997.71,11742.195,10299.961336421,22457.75,5082322.675050785
0.218,0.436,959.2,0.1551989575,73751,0.2314680479,0.139,0.398,12494,2222.0,8070.0,229,44821.0,25741.0,73.05769916,13517,28075,10251.389000000001,32155.436,16077.718,11446.0783145825,29352.898,5388078.37074916
0.22,0.39,715.1,0.1479660402,12480,0.2417467949,0.126,0.405,1624,407.0,883.0,1,36272.0,3946.0,72.238948148,2358,28077,1572.48,4867.2,2745.6,1846.616181696,5054.400000000001,901542.0728870401
0.242,0.432,930.4,0.1325450378,22741,0.2529792006,0.149,0.445,2878,634.0,2441.0,1,43614.0,6843.0,74.56763245,3942,28079,3388.4089999999997,9824.112,5503.322,3014.2067046097995,10119.745,1695742.5295454501
0.2,0.389,762.0,0.1545838363,85466,0.2494091218,0.112,0.375,15151,3362.0,6097.0,539,57936.0,34339.0,74.067757088,13193,28081,9572.192000000001,33246.274,17093.2,13211.6621532158,32049.75,6330274.927283008
0.246,0.479,1930.2,0.1250656031,27854,0.2761542328,0.18,0.497,3810,1057.0,4672.0,141,34818.0,8567.0,68.142725761,4238,28083,5013.72,13342.065999999999,6852.084,3483.5773087474004,13843.438,1898047.483346894
0.205,0.382,576.8,0.1398591484,33936,0.2303158887,0.12,0.393,5088,1069.0,2501.0,41,44695.0,11700.0,73.195111084,6098,28085,4072.3199999999997,12963.552,6956.879999999999,4746.2600601024,13336.848,2483949.289746624
0.195,0.406,945.5,0.1356501611,58309,0.238402305,0.128,0.39,9378,2085.0,5944.0,139,47860.0,21394.0,73.307063195,9736,28087,7463.552000000001,23673.454,11370.255000000001,7909.6252435799,22740.510000000002,4274461.547837255
0.136,0.327,563.6,0.1492302908,106871,0.2457729412,0.098,0.283,21521,3449.0,7258.0,209,67151.0,43377.0,76.08976717,15356,28089,10473.358,34946.817,14534.456000000002,15948.3904080868,30244.493,8131789.50722507
0.242,0.41,651.1,0.1395022656,24441,0.2312507672,0.138,0.434,3096,719.0,1900.0,13,38727.0,6898.0,72.680998451,4725,28091,3372.858,10020.81,5914.722,3409.5748735296,10607.394,1776396.2831408908
0.211,0.384,997.3,0.1474034098,35301,0.2060564857,0.136,0.427,3932,1066.0,2747.0,12,46117.0,12477.0,72.156434633,6519,28093,4800.936000000001,13555.584,7448.5109999999995,5203.4877693498,15073.527,2547194.298979533
0.221,0.393,879.4,0.146663744,35123,0.2234433277,0.122,0.403,3907,1395.0,2266.0,5,49114.0,11343.0,73.39991368,7101,28095,4285.006,13803.339,7762.183,5151.270680512001,14154.569000000001,2578025.16818264
0.229,0.405,665.0,0.1412185205,9661,0.2221302143,0.141,0.431,1210,316.0,1167.0,2,40300.0,3186.0,69.915913962,2223,28097,1362.2009999999998,3912.7050000000004,2212.369,1364.3121265505,4163.891,675457.6447868821
0.258,0.429,831.1,0.1328699769,28996,0.277831425,0.14,0.421,3759,967.0,3321.0,34,49215.0,8384.0,68.405244616,4798,28099,4059.4400000000005,12439.284,7480.968,3852.6978501924,12207.315999999999,1983478.472885536
0.224,0.404,751.7,0.1439291022,20866,0.2484903671,0.134,0.404,3152,636.0,2055.0,7,49925.0,7149.0,72.636858861,3593,28101,2796.0440000000003,8429.864000000001,4673.984,3003.2246465052,8429.864000000001,1515640.696993626
0.241,0.464,1036.8,0.11725375,10236,0.2451152794,0.171,0.471,810,429.0,1709.0,18,35880.0,3255.0,72.65470079,1787,28103,1750.3560000000002,4749.504,2466.8759999999997,1200.209385,4821.156,743693.5172864401
0.176,0.391,937.7,0.1454687103,49789,0.1749181546,0.133,0.367,9112,1682.0,3502.0,98,44234.0,16307.0,76.544372569,6021,28105,6621.937000000001,19467.499,8762.864,7242.7416171267,18272.563,3811067.7658379413
0.227,0.441,1281.0,0.1478228156,33848,0.244534389,0.147,0.391,4304,1251.0,3198.0,32,41060.0,10413.0,73.295047154,5677,28107,4975.656,14926.968,7683.496,5003.506662428799,13234.568000000001,2480890.756068592
0.221,0.37,552.8,0.1680734966,55876,0.2245865846,0.112,0.389,7864,1698.0,3097.0,30,50611.0,17361.0,72.976694651,11015,28109,6258.112,20674.12,12348.596,9391.2746960216,21735.764,4077645.790319276
0.238,0.404,609.7,0.148121581,11862,0.2207890744,0.128,0.417,1438,369.0,963.0,4,47073.0,3539.0,73.444226269,2312,28111,1518.336,4792.2480000000005,2823.156,1757.018193822,4946.454,871195.412002878
0.236,0.473,987.6,0.1253168885,38997,0.2553529759,0.158,0.444,4771,1308.0,5123.0,181,37054.0,11536.0,71.634512959,6882,28113,6161.526,18445.581,9203.292,4886.9827008345,17314.668,2793531.1018621232
0.212,0.402,394.7,0.1487853367,32461,0.2638550876,0.117,0.385,4962,1156.0,2501.0,12,53272.0,11497.0,75.162896246,5090,28115,3797.9370000000004,13049.322,6881.732,4829.7208146186995,12497.485,2439862.775041406
0.248,0.396,326.4,0.1454920469,25013,0.2254027905,0.126,0.416,3614,779.0,1256.0,30,44543.0,8957.0,73.003252986,4678,28117,3151.638,9905.148000000001,6203.224,3639.1925691097003,10405.408,1826030.3669388182
0.268,0.488,1398.7,0.1135635826,6760,0.2236686391,0.188,0.498,854,256.0,1024.0,2,31077.0,1926.0,69.492576282,1274,28119,1270.88,3298.88,1811.68,767.6898183760001,3366.48,469769.81566632004
0.176,0.362,444.4,0.1601693095,155975,0.2241641289,0.098,0.346,29349,3949.0,8193.0,258,68583.0,63964.0,78.218332933,25386,28121,15285.550000000001,56462.95,27451.6,24982.4080492625,53967.35,12200104.479224674
0.242,0.426,1205.4,0.1253058241,28061,0.2719789031,0.152,0.469,3224,739.0,3145.0,6,42069.0,8970.0,73.291672654,4470,28123,4265.272,11953.985999999999,6790.762,3516.2067300700996,13160.608999999999,2056637.6263438938
0.247,0.488,1434.9,0.113199601,4160,0.2384615385,0.181,0.471,386,161.0,602.0,1,46163.0,1413.0,70.728689514,859,28125,752.9599999999999,2030.08,1027.52,470.91034016,1959.36,294231.34837823996
0.217,0.414,453.9,0.1535932341,26629,0.232115363,0.125,0.396,3879,715.0,1679.0,28,41988.0,8840.0,73.74557519,5059,28127,3328.625,11024.405999999999,5778.493,4090.0342308489003,10545.084,1963770.92173451
0.223,0.415,559.2,0.154421161,15779,0.2257430762,0.119,0.415,1678,383.0,933.0,2,48968.0,5110.0,75.555763078,3272,28129,1877.701,6548.285,3518.717,2436.611499419,6548.285,1192194.385607762
0.225,0.417,501.7,0.1496509452,18360,0.217211329,0.121,0.397,2417,529.0,973.0,4,51493.0,6128.0,74.273016568,3131,28131,2221.56,7656.12,4131.0,2747.591353872,7288.92,1363652.5841884802
0.25,0.5,1190.8,0.1188672744,24740,0.2155618432,0.174,0.461,3498,840.0,3419.0,8,35149.0,6883.0,68.5314239,3666,28133,4304.759999999999,12370.0,6185.0,2940.776368656,11405.140000000001,1695467.4272859998
0.256,0.444,1397.6,0.1288714485,13707,0.1909243452,0.174,0.48,1833,387.0,1501.0,7,35150.0,3841.0,72.574096003,2232,28135,2385.018,6085.908,3508.992,1766.4409445895,6579.36,994773.133913121
0.209,0.408,734.4,0.1475017577,28539,0.2261116367,0.122,0.393,4251,920.0,1948.0,5,61751.0,10662.0,73.051508999,4914,28137,3481.758,11643.911999999998,5964.651,4209.5526630003005,11215.827000000001,2084817.0153224613
0.229,0.392,422.4,0.140160011,21748,0.2383667464,0.126,0.422,2737,655.0,1542.0,27,45568.0,7440.0,73.432404003,3790,28139,2740.248,8525.216,4980.292,3048.199919228,9177.655999999999,1597007.9222572441
0.235,0.387,232.2,0.1569103666,19275,0.2159792477,0.116,0.4,2241,550.0,796.0,22,48897.0,6848.0,72.154445115,4087,28141,2235.9,7459.425,4529.625,3024.447316215,7710.0,1390776.929591625
0.209,0.444,2024.5,0.1219978251,9392,0.2816226576,0.159,0.439,1225,682.0,1730.0,3,36850.0,3248.0,68.02537843,1246,28143,1493.328,4170.048,1962.9279999999999,1145.8035733392,4123.088,638894.35421456
0.214,0.409,551.8,0.1669337924,28866,0.2501905356,0.111,0.395,3530,1006.0,2275.0,8,50116.0,10990.0,75.267357964,4938,28145,3204.126,11806.194,6177.324,4818.7108514184,11402.07,2172667.554988824
0.244,0.435,560.0,0.127379462,14294,0.2258290192,0.147,0.428,1550,422.0,1192.0,1,30992.0,4074.0,73.00054642,2965,28147,2101.218,6217.89,3487.736,1820.762029828,6117.831999999999,1043469.8105274801
0.206,0.449,903.5,0.137565799,44841,0.2366584153,0.135,0.402,6733,1767.0,5211.0,227,48283.0,17093.0,73.181201536,8068,28149,6053.535000000001,20133.609,9237.246,6168.587992958999,18026.082000000002,3281518.258075776
0.244,0.478,1660.3,0.1221506089,42837,0.2542194832,0.175,0.477,5651,1785.0,6775.0,71,35344.0,14539.0,68.726108592,7452,28151,7496.474999999999,20476.086,10452.228,5232.5656334493,20433.249,2944020.3137555043
0.224,0.392,698.6,0.1435280491,20317,0.2434906728,0.13,0.418,2373,651.0,1999.0,9,36193.0,6034.0,74.84743057,3607,28153,2641.21,7964.264,4551.008,2916.0593735647,8492.506,1520675.24689069
0.219,0.382,660.5,0.1553784479,9676,0.2363579992,0.116,0.39,1295,288.0,537.0,7,51351.0,3572.0,72.325828408,1735,28155,1122.4160000000002,3696.232,2119.044,1503.4418618804,3773.6400000000003,699824.715675808
0.268,0.501,614.1,0.1170883397,8351,0.207999042,0.181,0.496,750,371.0,1151.0,2,35394.0,2142.0,69.918215725,1546,28157,1511.531,4183.851,2238.068,977.8047248347,4142.096,583887.0195194749
0.223,0.438,902.3,0.136084629,17845,0.223816195,0.139,0.422,2360,637.0,1841.0,32,44029.0,5225.0,73.281466974,3813,28159,2480.4550000000004,7816.11,3979.435,2428.4302045050003,7530.59,1307707.77815103
0.227,0.426,1015.9,0.1461136852,11982,0.217325989,0.13,0.405,1242,387.0,1044.0,4,42532.0,4475.0,70.267926623,2606,28161,1557.66,5104.331999999999,2719.914,1750.7341760664,4852.71,841950.2967967859
0.233,0.471,1023.9,0.1317785698,26982,0.2223704692,0.166,0.473,3257,960.0,3142.0,36,37367.0,6208.0,72.99342629,3895,28163,4479.012000000001,12708.521999999999,6286.8060000000005,3555.6493703436,12762.485999999999,1969508.62815678
0.2043055405,0.346,560.8,0.1947944798,6151548,0.2229404696,0.09,0.296,1053119,185543.0,338267.0,13468,58812.0,2342401.0,76.635511863,1089714,29000,553639.32,2128435.608,1256795.339051694,1198287.5926247304,1820858.2079999999,471427029.72981393
0.223,0.372,351.2,0.169214222,25399,0.1773298161,0.1,0.314,3085,514.0,1004.0,66,49175.0,8053.0,77.339520881,3915,29001,2539.9,9448.428,5663.977,4297.872024578,7975.286,1964346.490856519
0.212,0.348,265.4,0.1864454596,17586,0.2295007392,0.085,0.291,2760,394.0,771.0,4,69387.0,7140.0,79.069337272,3490,29003,1494.8100000000002,6119.928,3728.232,3278.8298525256,5117.526,1390513.365265392
0.217,0.362,97.2,0.1890986142,5096,0.2003532182,0.089,0.303,594,110.0,154.0,3,53603.0,2061.0,76.638224822,1330,29005,453.544,1844.752,1105.8319999999999,963.6465379632,1544.088,390548.393692912
0.248,0.386,748.4,0.1710722294,24835,0.2285484196,0.105,0.368,3218,611.0,1431.0,54,48258.0,9135.0,75.200045509,4652,29007,2607.6749999999997,9586.31,6159.08,4248.578817149,9139.28,1867593.130216015
0.238,0.372,301.8,0.1650933434,35818,0.2256965771,0.11,0.376,3600,1019.0,1584.0,30,47853.0,12040.0,75.996686658,7846,29009,3939.98,13324.296,8524.684,5913.3133739012,13467.568,2722049.322716244
0.244,0.383,314.8,0.1734036291,11592,0.2330917874,0.105,0.35,1500,256.0,568.0,9,46353.0,3891.0,78.202578249,2462,29011,1217.1599999999999,4439.736,2828.448,2010.0948685272,4057.2,906524.2870624079
0.237,0.382,197.9,0.176752044,16242,0.2291589706,0.098,0.333,1596,407.0,787.0,10,52140.0,5396.0,76.219316808,3292,29013,1591.7160000000001,6204.444,3849.354,2870.806698648,5408.586,1237954.143595536
0.249,0.364,138.9,0.1907291055,19627,0.173332654,0.105,0.352,1522,526.0,807.0,15,44141.0,5147.0,75.234194826,6272,29015,2060.835,7144.228,4887.123,3743.4401536484997,6908.704,1476621.5418499021
0.265,0.388,222.5,0.1822909094,12111,0.2139377425,0.105,0.384,1160,304.0,386.0,2,48198.0,3632.0,76.93579224,2594,29017,1271.655,4699.068,3209.415,2207.7252037434,4650.624,931769.37981864
0.18,0.334,804.0,0.1912017909,182991,0.2045237197,0.093,0.293,39105,4070.0,7320.0,709,62673.0,72004.0,78.999871913,24281,29019,17018.163,61118.994000000006,32938.38,34988.2069185819,53616.363,14456265.561231785
0.238,0.355,671.9,0.1919095878,86530,0.2232058246,0.104,0.337,12534,2160.0,5326.0,165,53133.0,32950.0,75.842537578,14884,29021,8999.119999999999,30718.149999999998,20594.14,16605.936632334,29160.61,6562654.776624341
0.266,0.401,590.9,0.1656703143,42178,0.2314002561,0.113,0.388,5632,1151.0,3266.0,130,42099.0,13288.0,72.749127286,8282,29023,4766.1140000000005,16913.378,11219.348,6987.6425165454,16365.064,3068412.690668908
0.241,0.39,410.2,0.1779467828,9051,0.2317975914,0.103,0.363,990,229.0,334.0,1,47870.0,3015.0,75.693661049,1838,29025,932.2529999999999,3529.8900000000003,2181.2909999999997,1610.5963311228002,3285.513,685103.326154499
0.219,0.377,545.3,0.1845919974,44887,0.2072092142,0.093,0.318,6743,956.0,1841.0,83,61268.0,16267.0,76.938430051,7729,29027,4174.491,16922.399,9830.253,8285.780987293801,14274.066,3453535.309699237
0.225,0.345,231.1,0.1979199888,46414,0.1707028052,0.091,0.325,4854,1327.0,1119.0,71,64357.0,15560.0,79.11682827,13649,29029,4223.674,16012.829999999998,10443.15,9186.2583601632,15084.550000000001,3672128.46732378
0.209,0.333,576.9,0.1891734944,79512,0.2129489888,0.095,0.293,12853,2079.0,3653.0,234,57763.0,30480.0,76.136978904,13971,29031,7553.64,26477.496000000003,16618.007999999998,15041.5628867328,23297.016,6053803.466614848
0.241,0.362,345.7,0.1846784195,8554,0.2188449848,0.097,0.35,905,283.0,396.0,4,51891.0,2858.0,75.915331856,1916,29033,829.738,3096.548,2061.514,1579.739200403,2993.8999999999996,649379.748696224
0.252,0.369,200.6,0.1838413851,5991,0.2298447672,0.099,0.352,658,165.0,322.0,8,38854.0,1865.0,72.524478553,1260,29035,593.109,2210.679,1509.732,1101.3937381341,2108.832,434494.151011023
0.198,0.358,431.1,0.1888851274,106806,0.2360073404,0.085,0.296,16386,2876.0,4429.0,108,82068.0,43432.0,78.284477848,18889,29037,9078.51,38236.547999999995,21147.588,20174.0649170844,31614.575999999997,8361251.941033487
0.258,0.387,195.1,0.1709048371,14322,0.2414467253,0.107,0.36,1590,256.0,586.0,12,40130.0,4056.0,75.202921309,3343,29039,1532.454,5542.6140000000005,3695.076,2447.6990769462,5155.92,1077056.238987498
0.231,0.366,107.7,0.1864705468,7360,0.2264945652,0.095,0.343,881,153.0,200.0,4,60521.0,2467.0,78.003934241,1841,29041,699.2,2693.7599999999998,1700.16,1372.423224448,2524.48,574108.95601376
0.2,0.354,282.2,0.1856221873,90655,0.2508190392,0.087,0.299,16645,2233.0,3623.0,95,67585.0,35698.0,78.67330059,14979,29043,7886.985,32091.87,18131.0,16827.579389681498,27105.844999999998,7132128.06498645
0.256,0.381,161.8,0.182276528,6830,0.2256222548,0.1,0.352,745,190.0,206.0,2,47750.0,2252.0,78.50138179,1506,29045,683.0,2602.23,1748.48,1244.94868624,2404.16,536164.4376257
0.184,0.336,454.9,0.1900551235,253463,0.2375652462,0.086,0.291,49720,8374.0,13179.0,349,74950.0,105720.0,79.110948785,37716,29047,21797.818,85163.568,46637.192,48171.9417676805,73757.733,20051698.411892455
0.211,0.362,313.9,0.1993401486,20553,0.2299421009,0.087,0.321,2629,628.0,875.0,7,66492.0,7604.0,76.932917063,3833,29049,1788.1109999999999,7440.186,4336.683,4097.0380741758,6597.513,1581202.244395839
0.192,0.349,600.7,0.1803926459,76191,0.2234909635,0.09,0.278,13634,1719.0,3828.0,164,63486.0,31665.0,77.78342516,13532,29051,6857.19,26590.659,14628.672,13744.296083766902,21181.098,5926396.9463655595
0.221,0.371,220.2,0.1824059721,17102,0.2206174716,0.093,0.326,2486,401.0,917.0,23,51221.0,5993.0,78.251945669,3317,29053,1590.4859999999999,6344.842,3779.542,3119.5069348542,5575.252,1338264.774831238
0.272,0.383,229.9,0.1753269218,23739,0.2263785332,0.107,0.374,2616,695.0,1370.0,9,43785.0,7353.0,73.891707509,4802,29055,2540.073,9092.037,6457.008000000001,4162.0857966102,8878.386,1754115.244556151
0.263,0.381,171.9,0.1689559589,7568,0.212077167,0.11,0.372,748,155.0,279.0,5,46535.0,2352.0,72.563582811,1821,29057,832.48,2883.408,1990.384,1278.6586969552,2815.296,549161.1947136481
0.261,0.369,183.7,0.1847944733,17219,0.2381671409,0.104,0.358,1363,414.0,988.0,4,43482.0,4641.0,73.90341933,3601,29059,1790.7759999999998,6353.811,4494.159000000001,3181.9760357527,6164.402,1272542.9774432702
0.256,0.379,229.5,0.1766366409,8283,0.2511167451,0.101,0.356,815,175.0,387.0,2,49830.0,2647.0,78.347999182,1747,29061,836.5830000000001,3139.257,2120.448,1463.0812965747,2948.748,648956.477224506
0.241,0.366,135.5,0.201007444,10944,0.1943530702,0.104,0.346,1319,206.0,427.0,0,52868.0,3286.0,75.744281327,2081,29063,1138.176,4005.504,2637.504,2199.825467136,3786.624,828945.414842688
0.264,0.385,237.6,0.172318052,15481,0.2220140818,0.106,0.363,1601,306.0,801.0,21,44057.0,5510.0,74.239302826,3515,29065,1640.9859999999999,5960.185,4086.9840000000004,2667.655763012,5619.603,1149298.647049306
0.287,0.387,273.0,0.1669779804,13344,0.21882494,0.113,0.393,1223,399.0,637.0,9,46079.0,4063.0,75.426653944,3405,29067,1507.872,5164.128,3829.7279999999996,2228.1541704576002,5244.192,1006493.2702287359
0.289,0.41,477.2,0.1600340558,28878,0.25697763,0.129,0.395,3064,844.0,2459.0,66,42512.0,8797.0,70.870262259,5478,29069,3725.262,11839.98,8345.742,4621.4634633924,11406.810000000001,2046591.433515402
0.217,0.346,248.2,0.1892058613,104469,0.2251768467,0.087,0.304,16587,3265.0,4803.0,144,62781.0,40175.0,76.214081009,19272,29071,9088.803,36146.274,22669.773,19766.1471241497,31758.576,7962008.82892922
0.22,0.364,224.4,0.1874847595,14566,0.2051352465,0.089,0.31,1841,438.0,720.0,10,54487.0,5740.0,74.778951396,3438,29073,1296.374,5302.023999999999,3204.52,2730.903006877,4515.46,1089230.206034136
0.235,0.354,197.8,0.1817234303,6484,0.2540098705,0.095,0.34,801,116.0,252.0,2,48338.0,2246.0,74.566227908,1309,29075,615.98,2295.336,1523.74,1178.2947220652,2204.56,483487.421755472
0.201,0.337,696.0,0.188434152,294997,0.205924128,0.096,0.302,52851,8062.0,13081.0,1220,46934.0,112321.0,76.653762395,50489,29077,28319.712,99413.989,59294.397000000004,55587.509537544,89089.094,22612629.945237815
0.238,0.372,395.9,0.1783008339,9595,0.2440854612,0.099,0.343,1083,199.0,465.0,23,45363.0,3285.0,76.941084754,2133,29079,949.9050000000001,3569.34,2283.6099999999997,1710.7965012705001,3291.085,738249.70821463
0.254,0.389,191.6,0.1725123462,8321,0.2433601731,0.105,0.376,888,172.0,594.0,7,43642.0,2619.0,77.904367552,1901,29081,873.7049999999999,3236.869,2113.534,1435.4752327302,3128.696,648242.242400192
0.253,0.358,261.2,0.1766739728,22076,0.2205562602,0.102,0.35,2607,567.0,1243.0,74,53544.0,7732.0,75.561570321,5027,29083,2251.752,7903.208,5585.228,3900.2546235328,7726.599999999999,1668097.2264063961
0.264,0.371,157.2,0.1788829192,9586,0.1648237012,0.105,0.367,756,196.0,295.0,6,36049.0,2379.0,76.912138922,3197,29085,1006.53,3556.406,2530.704,1714.7716634511999,3518.062,737279.763706292
0.228,0.358,113.6,0.1873190566,4232,0.1996691871,0.094,0.325,447,87.0,191.0,1,49531.0,1567.0,80.716566632,1133,29087,397.808,1515.056,964.8960000000001,792.7342475312,1375.4,341592.509986624
0.222,0.356,280.0,0.1812367453,10001,0.2204779522,0.096,0.327,1178,200.0,472.0,7,53190.0,3514.0,77.920729596,2022,29089,960.096,3560.3559999999998,2220.222,1812.5486897453,3270.327,779285.216689596
0.261,0.368,373.9,0.1621915419,40262,0.2405245641,0.107,0.384,5266,1083.0,1965.0,101,45808.0,12771.0,74.277769325,8152,29091,4308.034,14816.416,10508.382,6530.155859977801,15460.608,2990571.5485631498
0.271,0.379,276.5,0.1725377969,10098,0.2061794415,0.11,0.373,1124,246.0,467.0,11,41744.0,3201.0,73.481073613,2251,29093,1110.78,3827.142,2736.558,1742.2866730962,3766.554,742011.881344074
0.218,0.37,921.7,0.1922234134,705925,0.2324467897,0.108,0.337,135177,25742.0,53458.0,1857,56398.0,284703.0,76.629659276,111086,29095,76239.9,261192.25,153891.65,135695.313104395,237896.725,54094792.224410295
0.216,0.388,555.5,0.1729964001,121648,0.2450348547,0.101,0.349,18613,3186.0,6435.0,302,51329.0,45621.0,75.481528077,19735,29097,12286.448,47199.424,26275.968,21044.6660793648,42455.151999999995,9182176.927510895
0.225,0.316,269.2,0.1992460937,226543,0.2271974857,0.086,0.312,40057,7119.0,11680.0,234,67191.0,94843.0,75.557393086,36484,29099,19482.697999999997,71587.588,50972.175,45137.807805079094,70681.416,17116998.5018817
0.197,0.373,743.6,0.1765678794,54219,0.2140393589,0.094,0.31,9470,1312.0,1913.0,88,58373.0,21335.0,78.275945202,7125,29101,5096.586,20223.687,10681.143,9573.3338531886,16807.89,4244043.472907238
0.249,0.384,202.1,0.172994549,3940,0.2375634518,0.102,0.354,400,71.0,215.0,2,41838.0,1142.0,77.280161577,883,29103,401.88,1512.96,981.06,681.5985230599999,1394.76,304483.83661338
0.246,0.376,464.7,0.1759029462,35895,0.2479453963,0.101,0.343,4203,1388.0,1587.0,53,46191.0,12463.0,73.610960995,6588,29105,3625.3950000000004,13496.52,8830.17,6314.036253849,12311.985,2642265.444915525
0.23,0.348,318.0,0.206361964,33006,0.2313215779,0.092,0.33,3805,871.0,1339.0,47,62043.0,12239.0,75.884957532,6352,29107,3036.552,11486.088,7591.38,6811.1829837840005,10891.980000000001,2504658.908301192
0.241,0.372,354.6,0.1697998537,38175,0.2533071382,0.108,0.375,4150,1073.0,2009.0,52,48101.0,12938.0,75.092159917,7066,29109,4122.9,14201.1,9200.175,6482.1094149975,14315.625,2866643.204831475
0.245,0.403,276.2,0.1831086746,9810,0.220795107,0.106,0.369,1091,243.0,322.0,6,42710.0,3246.0,76.132959754,1903,29111,1039.86,3953.4300000000003,2403.45,1796.2960978259998,3619.89,746864.33518674
0.231,0.341,298.2,0.195750509,60119,0.2522330711,0.092,0.314,9008,1797.0,3423.0,58,70054.0,22744.0,76.478456793,8577,29113,5530.948,20500.579,13887.489000000001,11768.324850571,18877.366,4597808.343938367
0.239,0.361,411.1,0.1809372159,11830,0.2335587489,0.098,0.347,1285,312.0,596.0,4,47506.0,4505.0,75.233369524,2564,29115,1159.3400000000001,4270.63,2827.37,2140.487264097,4105.009999999999,890010.7614689199
0.234,0.385,269.3,0.1717242738,14413,0.2202178589,0.099,0.352,2202,282.0,780.0,11,51402.0,5475.0,78.391200776,2990,29117,1426.8870000000002,5549.005,3372.6420000000003,2475.0619582793997,5073.375999999999,1129852.376784488
0.267,0.402,376.6,0.1652521199,22900,0.251441048,0.124,0.403,2147,526.0,1612.0,4,45446.0,7350.0,74.00777262,3636,29119,2839.6,9205.800000000001,6114.3,3784.27354571,9228.7,1694777.992998
0.229,0.41,185.2,0.17490199,15095,0.2296124545,0.096,0.364,1688,356.0,665.0,9,49013.0,5226.0,76.370790354,3475,29121,1449.1200000000001,6188.95,3456.755,2640.14553905,5494.58,1152817.0803936298
0.245,0.365,281.3,0.1856003385,12113,0.22950549,0.098,0.343,1410,358.0,809.0,22,45002.0,3849.0,74.551516152,2412,29123,1187.074,4421.245,2967.685,2248.1769002505,4154.759,903042.515149176
0.244,0.373,287.5,0.1820961212,8795,0.2009096077,0.098,0.345,947,189.0,316.0,3,47698.0,2781.0,76.066275552,1966,29125,861.9100000000001,3280.535,2145.98,1601.5353859539998,3034.2749999999996,669002.8934798399
0.234,0.39,480.2,0.1696117836,28423,0.2310100975,0.101,0.339,4122,687.0,1721.0,83,54230.0,10631.0,75.790514108,5332,29127,2870.723,11084.970000000001,6650.982,4820.8757252628,9635.397,2154193.782491684
0.229,0.368,138.2,0.1886775306,3558,0.2374929736,0.092,0.326,357,68.0,121.0,1,45934.0,1106.0,76.626224251,830,29129,327.336,1309.344,814.782,671.3146538748,1159.9080000000001,272636.105885058
0.236,0.355,234.2,0.1941596462,25791,0.2355472839,0.099,0.331,3272,761.0,1221.0,12,51348.0,9454.0,76.635788138,5094,29131,2553.309,9155.805,6086.6759999999995,5007.5714351442,8536.821,1976513.611867158
0.297,0.419,758.7,0.1461559337,12691,0.2162162162,0.135,0.44,1233,305.0,952.0,5,39621.0,3518.0,72.313955333,2388,29133,1713.285,5317.5289999999995,3769.227,1854.8649545867,5584.04,917736.407131103
0.222,0.351,328.5,0.1874614502,15585,0.2491498235,0.094,0.329,1967,313.0,698.0,5,51138.0,5177.0,76.471598469,2613,29135,1464.99,5470.335,3459.87,2921.586701367,5127.465,1191809.862139365
0.245,0.376,162.0,0.1882638759,8672,0.2185193727,0.1,0.35,905,225.0,407.0,2,48661.0,3115.0,77.082724844,2113,29137,867.2,3260.672,2124.64,1632.6243318047998,3035.2,668461.389847168
0.253,0.371,259.7,0.1769660509,11294,0.2171949708,0.104,0.36,1342,286.0,766.0,5,56447.0,4057.0,74.67541033,2399,29139,1174.576,4190.074,2857.382,1998.6545788646001,4065.8399999999997,843384.0842670201
0.273,0.366,193.9,0.1697011507,20716,0.2275053099,0.111,0.376,1431,518.0,727.0,9,51582.0,5053.0,74.600033398,5028,29141,2299.476,7582.056,5655.468000000001,3515.5290379012,7789.216,1545414.291872968
0.277,0.405,620.8,0.1568335948,16693,0.2317737974,0.12,0.403,1917,492.0,1594.0,4,41553.0,5609.0,71.047519474,3328,29143,2003.1599999999999,6760.665000000001,4623.961,2618.0231979964,6727.279,1185996.242579482
0.221,0.356,329.7,0.1812364655,58451,0.2370532583,0.099,0.329,7788,1553.0,2180.0,23,52798.0,21001.0,76.040299332,11054,29145,5786.649,20808.556,12917.671,10593.4526449405,19230.379,4444631.536254732
0.223,0.373,638.2,0.1822680862,21743,0.1579818792,0.099,0.309,2968,490.0,849.0,25,55821.0,8709.0,79.60161199,3506,29147,2152.5570000000002,8110.139,4848.689,3963.0549982466005,6718.5869999999995,1730777.84949857
0.285,0.4,199.4,0.1645741211,10411,0.2261070022,0.117,0.388,1075,265.0,909.0,2,37835.0,3141.0,75.27071895,2459,29149,1218.087,4164.400000000001,2967.1349999999998,1713.3811747721,4039.4680000000003,783643.45498845
0.216,0.35,227.7,0.2013713732,13535,0.2244551164,0.085,0.298,1854,254.0,319.0,1,62679.0,5208.0,78.58678611,2487,29151,1150.4750000000001,4737.25,2923.56,2725.561536262,4033.43,1063672.1499988502
0.299,0.396,185.3,0.1585214647,9083,0.1827590003,0.118,0.406,800,251.0,238.0,1,38606.0,2282.0,75.902668636,2714,29153,1071.7939999999999,3596.8680000000004,2715.817,1439.8504638701,3687.6980000000003,689423.939220788
0.3,0.392,1094.6,0.1474962424,15600,0.258974359,0.137,0.435,1588,501.0,1847.0,28,34498.0,4711.0,69.133838314,2822,29155,2137.2000000000003,6115.2,4680.0,2300.94138144,6786.0,1078487.8776984
0.23,0.365,360.6,0.1945576694,19194,0.228248411,0.093,0.325,2667,562.0,543.0,15,55605.0,8078.0,77.286016051,3795,29157,1785.042,7005.8099999999995,4414.62,3734.3399064636,6238.05,1483427.7920828941
0.23,0.381,380.3,0.1780982779,42490,0.2488114851,0.105,0.355,6014,1408.0,2357.0,53,52261.0,15849.0,76.194491715,7401,29159,4461.45,16188.69,9772.7,7567.395827971,15083.949999999999,3237503.9529703497
0.222,0.369,293.9,0.1725376373,44414,0.2093258882,0.099,0.326,6607,943.0,2175.0,153,50420.0,14386.0,75.614606839,7666,29161,4396.986,16388.766,9859.908,7663.0866230422,14478.964,3358347.148147346
0.25,0.379,267.7,0.179478728,17552,0.2275524157,0.106,0.372,1783,412.0,1013.0,10,51255.0,5945.0,76.657869799,3351,29163,1860.512,6652.208,4388.0,3150.210633856,6529.344,1345498.930712048
0.154,0.322,395.5,0.1830544316,106532,0.2349998123,0.082,0.261,22295,3183.0,4190.0,127,86924.0,44698.0,80.187309113,16568,29165,8735.624,34303.304000000004,16405.928,19501.1547072112,27804.852000000003,8542514.414426116
0.241,0.366,295.5,0.1763550485,32490,0.2285934134,0.1,0.335,4018,670.0,1590.0,65,50691.0,11367.0,76.040841122,5892,29167,3249.0,11891.34,7830.09,5729.775525765,10884.150000000001,2470566.92805378
0.204,0.368,766.1,0.1767286896,52709,0.2174770912,0.103,0.322,11736,822.0,2524.0,118,59126.0,17547.0,75.625651748,4945,29169,5429.027,19396.912,10752.635999999999,9315.192500126399,16972.298,3986152.477985332
0.233,0.361,234.2,0.1780316246,4688,0.2248293515,0.098,0.347,588,100.0,188.0,3,46546.0,1586.0,75.876751144,1161,29171,459.42400000000004,1692.368,1092.304,834.6122561248,1626.7359999999999,355710.209363072
0.238,0.364,291.0,0.1891683784,10299,0.2053597437,0.093,0.349,1178,251.0,469.0,5,57061.0,3997.0,78.518072745,2334,29173,957.807,3748.836,2451.162,1948.2451291416,3594.3509999999997,808657.631200755
0.246,0.383,315.2,0.1727814591,24409,0.214183293,0.104,0.358,3572,605.0,1336.0,27,51924.0,8953.0,75.455597107,4200,29175,2538.536,9348.647,6004.614,4217.4226351719,8738.422,1841795.6697847631
0.228,0.367,269.4,0.2007289717,22915,0.2232162339,0.091,0.322,2535,753.0,833.0,8,64014.0,9196.0,75.781042094,4408,29177,2085.265,8409.805,5224.62,4599.7043865055,7378.63,1736522.57958401
0.263,0.356,191.4,0.1747734836,6198,0.1966763472,0.105,0.358,741,166.0,180.0,10,39089.0,1920.0,74.313921791,1491,29179,650.79,2206.488,1630.074,1083.2460513528,2218.884,460597.68726061797
0.293,0.402,120.4,0.1600259583,13300,0.2312030075,0.119,0.41,1709,394.0,602.0,9,37771.0,4075.0,73.195331533,2790,29181,1582.6999999999998,5346.6,3896.8999999999996,2128.34524539,5453.0,973497.9093889
0.156,0.317,293.8,0.2128890273,406204,0.2277180924,0.079,0.264,84149,11735.0,14921.0,725,90567.0,175621.0,79.62541777,66009,29183,32090.116,128766.668,63367.824,86476.3744453692,107237.856,32344163.19984508
0.253,0.384,244.8,0.1809690283,9689,0.2053875529,0.104,0.363,903,230.0,288.0,3,41486.0,2713.0,77.436304566,2602,29185,1007.656,3720.576,2451.317,1753.4089151987,3517.107,750280.354939974
0.224,0.37,257.1,0.1939662289,17924,0.2192033028,0.091,0.322,2588,457.0,577.0,19,58618.0,7102.0,78.660425326,3748,29186,1631.084,6631.88,4014.976,3476.6506868036004,5771.528,1409909.463543224
0.257,0.373,377.9,0.1842931214,66485,0.2104234038,0.103,0.365,10120,1852.0,3481.0,185,48476.0,21864.0,73.800052175,11423,29187,6847.955,24798.905,17086.645,12252.728176279,24267.024999999998,4906596.468854875
0.167,0.312,663.7,0.1906203817,994020,0.2194503129,0.093,0.268,193856,32820.0,61521.0,3235,68964.0,396669.0,77.1709396,188004,29189,92443.86,310134.24,166001.34,189480.471817434,266397.36000000004,76709457.381192
0.223,0.41,399.8,0.1737381304,22858,0.2214541955,0.11,0.367,3028,479.0,892.0,34,52850.0,8593.0,76.484480647,4308,29195,2514.38,9371.779999999999,5097.334,3971.3061846831997,8388.886,1748282.258629126
0.252,0.375,150.2,0.177970026,4534,0.2536391707,0.1,0.355,530,112.0,138.0,0,46191.0,1707.0,76.882268055,898,29197,453.40000000000003,1700.25,1142.568,806.916097884,1609.57,348584.20336136996
0.261,0.366,122.4,0.171357832,4871,0.2847464586,0.105,0.372,424,78.0,166.0,2,47740.0,1451.0,79.178984349,952,29199,511.455,1782.786,1271.3310000000001,834.6839996719999,1812.012,385680.83276397904
0.245,0.385,501.6,0.1605596534,38288,0.2388215629,0.11,0.395,5401,1058.0,2502.0,67,52864.0,14030.0,74.402190036,7296,29201,4211.68,14740.880000000001,9380.56,6147.5080093792,15123.76,2848711.052098368
0.283,0.39,110.2,0.1628657353,8203,0.2143118371,0.117,0.389,833,245.0,399.0,1,37599.0,2088.0,74.152341067,1922,29203,959.7510000000001,3199.17,2321.4489999999996,1335.9876266659,3190.967,608271.6537726009
0.244,0.366,219.2,0.1767211084,5919,0.2410880216,0.098,0.344,738,136.0,238.0,0,48430.0,2154.0,77.854386856,1324,29205,580.062,2166.354,1444.2359999999999,1046.0122406195999,2036.1359999999997,460820.115800664
0.26,0.369,365.2,0.1633491625,29001,0.2181648909,0.101,0.374,3300,788.0,1574.0,18,47372.0,10131.0,75.265945458,5979,29207,2929.101,10701.369,7540.26,4737.2890616625,10846.374,2182787.684227458
0.243,0.372,241.0,0.1831549752,32465,0.162205452,0.097,0.325,3250,1284.0,847.0,14,51797.0,9792.0,76.310444895,10403,29209,3149.105,12076.98,7888.995,5946.126269867999,10551.125,2477418.593516175
0.236,0.407,328.5,0.1678243002,6033,0.2242665341,0.115,0.391,622,121.0,172.0,0,43387.0,1741.0,75.000075238,1236,29211,693.7950000000001,2455.431,1423.788,1012.4840031066,2358.9030000000002,452475.45391085395
0.226,0.362,343.3,0.1718414605,56104,0.2092898902,0.099,0.335,7154,3393.0,2873.0,46,44670.0,19327.0,77.286521949,12803,29213,5554.296,20309.648,12679.504,9640.993299892,18794.84,4336083.027426696
0.273,0.403,200.8,0.17120678,25112,0.2118509079,0.115,0.377,2857,519.0,967.0,7,38985.0,7305.0,75.336013814,5554,29215,2887.88,10120.136,6855.576000000001,4299.34465936,9467.224,1891837.9788971678
0.256,0.368,359.9,0.1810922686,20388,0.2329801844,0.103,0.353,2171,411.0,1026.0,82,45874.0,6501.0,76.544049007,4217,29217,2099.964,7502.784,5219.328,3692.1091722168,7196.964,1560580.071154716
0.236,0.357,266.5,0.1834607953,36594,0.2343553588,0.095,0.335,4661,1057.0,1978.0,19,69678.0,14007.0,78.629684661,6675,29219,3476.43,13064.057999999999,8636.184,6713.564343208201,12258.990000000002,2877374.680484634
0.271,0.378,222.4,0.1773210497,24604,0.2250040644,0.111,0.374,2821,728.0,1559.0,20,42683.0,7258.0,73.055665357,4369,29221,2731.044,9300.312,6667.684,4362.8071068188,9201.896,1797461.590443628
0.292,0.384,132.1,0.1644980632,12769,0.2007204949,0.119,0.389,1010,310.0,443.0,13,43848.0,2982.0,74.448721352,3198,29223,1519.511,4903.296,3728.548,2100.4757690008,4967.1410000000005,950635.722943688
0.252,0.386,305.6,0.168787924,39859,0.2720840964,0.107,0.351,5313,926.0,1836.0,27,55431.0,12576.0,76.661015633,6337,29225,4264.913,15385.574,10044.468,6727.717862716,13990.509,3055631.4221157474
0.224,0.357,198.7,0.1864560233,1953,0.1904761905,0.093,0.331,225,49.0,149.0,0,44361.0,668.0,80.239026676,518,29227,181.629,697.221,437.47200000000004,364.14861350489997,646.443,156706.81909822798
0.296,0.376,267.9,0.1610041471,18325,0.259372442,0.117,0.398,1613,518.0,866.0,21,39521.0,5509.0,74.065263808,3706,29229,2144.025,6890.2,5424.2,2950.4009956074997,7293.35,1357245.9592815998
0.198,0.363,1405.0,0.1788575793,297645,0.1857985184,0.121,0.322,75634,12958.0,28338.0,1282,45773.0,109915.0,73.149595704,43829,29510,36015.045,108045.135,58933.71000000001,53236.064190748504,95841.69,21772611.41331708
0.1768534754,0.28,444.7,0.2431937859,1080577,0.2125558845,0.064,0.186,183720,31789.0,46235.0,3630,57730.0,385206.0,78.3698402,213392,30000,69156.928,302561.56000000006,191103.7978873058,262789.6115864643,200987.322,84684646.8137954
0.174,0.298,518.4,0.2580536365,9483,0.1693556891,0.076,0.217,1427,203.0,315.0,19,52613.0,3314.0,81.571431831,2250,30001,720.708,2825.9339999999997,1650.042,2447.1226349295002,2057.811,773541.888053373
0.274,0.388,1599.2,0.2068335863,13063,0.3320064304,0.13,0.295,1603,357.0,1225.0,11,42823.0,3321.0,66.185033494,1817,30003,1698.19,5068.444,3579.262,2701.8671378369,3853.5849999999996,864575.0925321219
0.275,0.38,853.2,0.2238888549,6568,0.2990255786,0.113,0.282,991,109.0,619.0,15,45936.0,1800.0,70.167188346,1049,30005,742.184,2495.84,1806.2,1470.5019989831999,1852.176,460858.093056528
0.184,0.29,256.5,0.2498027444,6444,0.1927374302,0.073,0.208,715,163.0,129.0,5,61641.0,2169.0,81.333729232,1555,30007,470.412,1868.7599999999998,1185.696,1609.7288849136,1340.3519999999999,524114.551171008
0.169,0.288,195.8,0.2733160091,10921,0.1743430089,0.069,0.193,1384,334.0,458.0,10,62465.0,3592.0,81.591514916,2906,30009,753.5490000000001,3145.2479999999996,1845.6490000000001,2984.8841353811,2107.753,891060.934397636
0.191,0.302,0.0,0.2676252844,1235,0.2178137652,0.073,0.232,170,19.0,10.0,0,48286.0,368.0,,331,30011,90.155,372.96999999999997,235.885,330.517226234,286.52000000000004,
0.195,0.323,639.1,0.2508414746,81346,0.2251370688,0.081,0.218,13729,2236.0,4474.0,285,53357.0,31294.0,77.092733898,15859,30013,6589.026,26274.758,15862.470000000001,20404.9505928116,17733.428,6271185.531666708
0.203,0.313,142.0,0.2428986348,5699,0.2195121951,0.087,0.25,782,95.0,301.0,5,50607.0,1676.0,79.078877951,1251,30015,495.813,1783.787,1156.8970000000002,1384.2793197252001,1424.75,450670.52544274897
0.185,0.309,324.5,0.2310505676,11292,0.2027984414,0.077,0.234,1930,300.0,343.0,41,59804.0,4359.0,77.45888457,2322,30017,869.484,3489.228,2089.02,2609.0230093392,2642.328,874665.72456444
0.175,0.309,,0.276920085,1638,0.2130647131,0.07,0.214,211,25.0,51.0,0,50312.0,581.0,82.264336731,441,30019,114.66000000000001,506.142,286.65,453.59509922999996,350.532,134748.983565378
0.181,0.322,162.5,0.2708296911,8555,0.212390415,0.072,0.229,1485,260.0,384.0,18,55845.0,3529.0,79.253437274,1777,30021,615.9599999999999,2754.71,1548.455,2316.9480073605,1959.095,678013.15587907
0.219,0.327,382.9,0.2620113426,9204,0.1330943068,0.087,0.257,1210,256.0,498.0,49,47362.0,2999.0,74.822852937,2345,30023,800.7479999999999,3009.708,2015.676,2411.5523972903998,2365.428,688669.5384321479
0.179,0.294,421.6,0.2786498031,2826,0.2653927813,0.068,0.214,601,66.0,197.0,0,62597.0,1204.0,78.996463864,537,30025,192.168,830.8439999999999,505.854,787.4643435605999,604.764,223244.00687966403
0.184,0.312,153.8,0.2424812532,11104,0.2080331412,0.074,0.211,1979,266.0,594.0,30,49576.0,3358.0,77.740377691,2793,30027,821.6959999999999,3464.448,2043.136,2692.5118355328,2342.944,863229.153880864
0.172,0.283,237.9,0.246745052,105851,0.2155010345,0.069,0.193,16823,3858.0,3202.0,348,58959.0,38285.0,79.144025003,21971,30029,7303.719000000001,29955.833,18206.372,26118.210499252,20429.243000000002,8377474.190592553
0.124,0.229,386.2,0.2444961723,116806,0.1939968837,0.06,0.157,27581,3536.0,3344.0,436,70029.0,45131.0,82.645186158,15560,30031,7008.36,26748.574,14483.944,28558.619901673803,18338.542,9653453.614371348
0.202,0.298,,0.2468654193,1268,0.2255520505,0.075,0.231,185,20.0,35.0,1,45892.0,267.0,,324,30033,95.1,377.864,256.136,313.0253516724,292.908,
0.293,0.395,1083.4,0.2242737318,13594,0.3117551861,0.133,0.299,1874,536.0,1465.0,30,40817.0,3593.0,70.817478666,1717,30035,1808.0020000000002,5369.63,3983.042,3048.7771100891996,4064.6059999999998,962692.804985604
0.196,0.319,0.0,0.2425512778,827,0.1898428053,0.082,0.244,62,17.0,1.0,0,42741.0,218.0,,255,30037,67.81400000000001,263.813,162.092,200.5899067406,201.78799999999998,
0.178,0.288,355.1,0.2642528055,3317,0.1456135062,0.07,0.215,313,131.0,53.0,0,53407.0,798.0,85.464587984,1067,30039,232.19000000000003,955.2959999999999,590.4259999999999,876.5265558435001,713.155,283486.038342928
0.236,0.331,1358.9,0.2373974325,16358,0.2836532583,0.089,0.264,2640,379.0,1330.0,64,49734.0,5376.0,76.386646884,2540,30041,1455.8619999999999,5414.4980000000005,3860.488,3883.347200835,4318.512000000001,1249532.769728472
0.159,0.297,171.8,0.2537350812,12360,0.200566343,0.067,0.187,1706,297.0,372.0,10,80071.0,4046.0,78.276110705,2868,30043,828.12,3670.9199999999996,1965.24,3136.165603632,2311.32,967492.7283138
0.174,0.288,0.0,0.2635774432,1994,0.1990972919,0.071,0.227,254,48.0,170.0,0,50610.0,506.0,82.52141238,565,30045,141.57399999999998,574.2719999999999,346.95599999999996,525.5734217408,452.63800000000003,164547.69628572
0.212,0.336,571.3,0.2270763124,30986,0.2285225586,0.09,0.216,4121,844.0,2233.0,85,52493.0,9407.0,77.085490487,7221,30047,2788.74,10411.296,6569.032,7036.1866160264,6692.976,2388571.008230182
0.162,0.275,341.3,0.245264464,70229,0.2138860015,0.067,0.175,12592,1813.0,3331.0,354,60664.0,26016.0,79.236313394,13862,30049,4705.343,19312.975000000002,11377.098,17224.678042256,12290.074999999999,5564687.053347226
0.242,0.334,,0.2436652176,2369,0.2055719713,0.086,0.294,350,27.0,88.0,0,53415.0,521.0,89.6859949,565,30051,203.73399999999998,791.2460000000001,573.298,577.2429004944,696.486,212466.1219181
0.201,0.337,195.2,0.2454059729,20343,0.1807992921,0.082,0.246,1835,819.0,581.0,48,42501.0,5166.0,78.66953131,6173,30053,1668.126,6855.591,4088.943,4992.2937067047,5004.378,1600374.27543933
0.187,0.313,0.0,0.2695543574,1648,0.2087378641,0.072,0.226,247,28.0,33.0,0,46755.0,637.0,,450,30055,118.65599999999999,515.824,308.176,444.2255809952,372.44800000000004,
0.154,0.276,116.3,0.2551605672,8959,0.1559325818,0.069,0.199,1320,232.0,88.0,7,58201.0,2448.0,81.43519489,2764,30057,618.171,2472.684,1379.686,2285.9835215448,1782.8410000000001,729577.91101951
0.187,0.3,,0.2538651066,1831,0.201529219,0.075,0.231,168,45.0,0.0,3,43666.0,581.0,82.519444064,554,30059,137.325,549.3,342.397,464.8270101846,422.961,151093.10208118398
0.22,0.332,159.2,0.2370414865,4544,0.1872799296,0.086,0.257,456,181.0,113.0,10,57169.0,1178.0,80.074871238,1360,30061,390.784,1508.6080000000002,999.68,1077.116514656,1167.808,363860.214905472
0.162,0.264,430.6,0.2690386573,121630,0.1828414043,0.066,0.182,26555,4017.0,4494.0,623,63409.0,47776.0,79.769860519,20436,30063,8027.58,32110.32,19704.06,32723.171887399,22136.66,9702408.13492597
0.211,0.313,151.1,0.2333344794,4669,0.1848361534,0.083,0.258,399,143.0,108.0,2,50533.0,1168.0,77.167208809,1309,30065,387.52700000000004,1461.397,985.159,1089.4386843186,1204.602,360293.69792922103
0.168,0.286,168.6,0.2706775359,16760,0.1687350835,0.069,0.198,3072,665.0,416.0,51,56657.0,5466.0,79.874412335,4062,30067,1156.44,4793.36,2815.6800000000003,4536.555501684,3318.48,1338695.1507346001
0.174,0.298,,0.258756091,500,0.15,0.07,0.218,75,9.0,24.0,0,38661.0,118.0,,144,30069,35.0,149.0,87.0,129.3780455,109.0,
0.212,0.316,101.2,0.2632132379,3919,0.2270987497,0.082,0.264,489,93.0,46.0,4,46821.0,1044.0,76.036381726,936,30071,321.358,1238.404,830.828,1031.5326793301,1034.616,297986.579984194
0.204,0.338,118.4,0.2321024828,5782,0.2391905915,0.086,0.239,831,132.0,255.0,9,49447.0,1757.0,76.776375912,1250,30073,497.25199999999995,1954.316,1179.528,1342.0165555496,1381.898,443921.005523184
0.185,0.297,,0.250792419,1681,0.1606186794,0.075,0.221,209,30.0,5.0,1,60462.0,526.0,83.363183949,502,30075,126.07499999999999,499.257,310.985,421.58205633899996,371.501,140133.512218269
0.202,0.334,870.8,0.2759608126,6817,0.1458119407,0.08,0.24,739,137.0,180.0,8,52904.0,1869.0,76.666530968,1422,30077,545.36,2276.878,1377.034,1881.2248594942,1636.08,522635.741608856
0.198,0.311,,0.2445393509,1067,0.1958762887,0.082,0.255,69,32.0,14.0,0,48577.0,282.0,,363,30079,87.494,331.837,211.26600000000002,260.9234874103,272.085,
0.187,0.289,180.3,0.2344417057,45002,0.1840362651,0.075,0.215,5712,1191.0,1635.0,97,58781.0,13329.0,79.672444886,12270,30081,3375.15,13005.578,8415.374,10550.3456399114,9675.43,3585419.3647597716
0.165,0.345,379.5,0.252701412,11043,0.2556370551,0.071,0.234,1849,382.0,362.0,14,69169.0,4352.0,77.18191289,1712,30083,784.0529999999999,3809.8349999999996,1822.095,2790.5816927160004,2584.0620000000004,852319.8640442701
0.317,0.39,1644.9,0.2410129053,10964,0.3360087559,0.13,0.322,1582,266.0,1203.0,22,43256.0,2912.0,64.484295722,1302,30085,1425.32,4275.96,3475.588,2642.4654937092,3530.408,707005.818296008
0.23,0.352,1678.4,0.2205799272,8836,0.2874603893,0.098,0.25,1311,212.0,699.0,20,54991.0,3049.0,70.255085381,1474,30087,865.928,3110.272,2032.2800000000002,1949.0442367392,2209.0,620773.9344265161
0.217,0.299,231.2,0.2344198174,12157,0.1715061282,0.087,0.244,1093,395.0,420.0,36,45805.0,2491.0,77.348892876,3911,30089,1057.6589999999999,3634.9429999999998,2638.069,2849.8417201318002,2966.308,940330.4906935319
0.181,0.322,120.9,0.2431871954,3261,0.2085249923,0.074,0.234,489,85.0,56.0,6,50658.0,1200.0,80.867695339,802,30091,241.314,1050.042,590.241,793.0334441994,763.0740000000001,263709.55450047896
0.201,0.333,398.1,0.2446583883,35180,0.2045196134,0.084,0.226,5082,1142.0,1670.0,207,54324.0,12854.0,76.253697439,6891,30093,2955.1200000000003,11714.94,7071.18,8607.082100394,7950.68,2682605.07590402
0.171,0.336,165.9,0.2794963562,9888,0.2108616505,0.068,0.231,1252,270.0,355.0,5,73044.0,3042.0,81.570508149,2397,30095,672.384,3322.3680000000004,1690.8480000000002,2763.6599701056,2284.128,806569.1845773121
0.173,0.294,,0.2601522967,3684,0.194082519,0.07,0.217,396,67.0,46.0,5,58746.0,1232.0,83.67250416,1043,30097,257.88000000000005,1083.096,637.332,958.4010610428,799.428,308249.50532544
0.185,0.304,244.0,0.2401771114,6249,0.250600096,0.073,0.233,861,121.0,171.0,6,55399.0,1732.0,78.745306983,1430,30099,456.17699999999996,1899.696,1156.065,1500.8667691386,1456.017,492079.423336767
0.22,0.316,126.7,0.2508419502,4686,0.2157490397,0.083,0.247,616,107.0,82.0,7,49568.0,1412.0,78.247709897,892,30101,388.93800000000005,1480.776,1030.92,1175.4453786372,1157.442,366668.768577342
0.197,0.317,,0.2413067105,695,0.2330935252,0.081,0.238,69,12.0,16.0,0,56919.0,262.0,,206,30103,56.295,220.315,136.915,167.7081637975,165.41,
0.196,0.335,162.2,0.239118917,7359,0.2280201114,0.083,0.246,1075,176.0,253.0,10,46766.0,2423.0,78.017862118,1782,30105,610.797,2465.2650000000003,1442.364,1759.676110203,1810.314,574133.447326362
0.22,0.325,188.1,0.2400172082,2157,0.2322670376,0.087,0.27,182,55.0,49.0,2,39462.0,396.0,74.671632161,555,30107,187.659,701.025,474.54,517.7171180874,582.39,161066.710571277
0.188,0.3,,0.2565024317,939,0.2012779553,0.075,0.229,77,23.0,13.0,0,51368.0,381.0,,246,30109,70.425,281.7,176.532,240.8557833663,215.031,
0.175,0.319,506.5,0.2356053942,162990,0.2314804589,0.075,0.225,28892,4527.0,7626.0,611,58374.0,66395.0,77.304159439,29006,30111,12224.25,51993.81,28523.25,38401.323200658,36672.75,12599804.94696261
0.1511982205,0.343,480.3,0.2320984875,1937552,0.2451624524,0.091,0.266,358524,43792.0,98065.0,5674,64735.0,796849.0,79.015863998,319437,31000,176317.232,664580.336,292954.414526216,449702.8886526,515388.83200000005,153097345.3210529
0.171,0.367,318.8,0.2241494252,31321,0.2343794898,0.099,0.3,5068,670.0,1889.0,121,54445.0,13269.0,77.863713165,5956,31001,3100.779,11494.806999999999,5355.8910000000005,7020.5841466892,9396.3,2438769.3600409646
0.175,0.352,,0.2183143934,6264,0.2383461047,0.091,0.315,912,88.0,219.0,2,54136.0,2381.0,82.662862656,1572,31003,570.024,2204.928,1096.1999999999998,1367.5213602576,1973.16,517800.171677184
0.178,0.372,,0.2049648676,466,0.2489270386,0.096,0.306,50,12.0,20.0,0,52500.0,141.0,,108,31005,44.736000000000004,173.352,82.948,95.5136283016,142.596,
0.152,0.364,,0.2221390913,786,0.237913486,0.087,0.273,108,10.0,20.0,0,59511.0,205.0,,192,31007,68.38199999999999,286.104,119.472,174.6013257618,214.578,
0.171,0.355,,0.2321758161,457,0.1881838074,0.084,0.274,49,9.0,5.0,0,52780.0,141.0,,106,31009,38.388000000000005,162.23499999999999,78.147,106.1043479577,125.218,
0.171,0.363,96.3,0.2471180282,5096,0.2323390895,0.085,0.289,818,73.0,93.0,2,56719.0,2150.0,81.149696784,1214,31011,433.16,1849.848,871.416,1259.3134717072,1472.744,413538.85481126397
0.184,0.391,361.7,0.2188673292,10696,0.2531787584,0.097,0.308,1716,257.0,617.0,20,62621.0,4086.0,77.706928802,2141,31013,1037.512,4182.136,1968.064,2341.0049531232,3294.368,831153.310466192
0.174,0.401,,0.2200704871,1860,0.1844086022,0.09,0.294,211,30.0,25.0,0,51082.0,670.0,77.63779464,576,31015,167.4,745.86,323.64,409.33110600599997,546.8399999999999,144406.29803039998
0.189,0.364,,0.2174776661,2981,0.2203958403,0.098,0.325,372,38.0,125.0,1,52962.0,975.0,79.1309068,788,31017,292.13800000000003,1085.084,563.409,648.3009226441,968.825,235889.23317080003
0.169,0.352,477.3,0.2204923578,50114,0.2303148821,0.089,0.268,8912,1089.0,2315.0,197,68925.0,22541.0,80.352767849,8019,31019,4460.146,17640.128,8469.266000000001,11049.754018789201,13430.552000000001,4026798.607984786
0.184,0.378,185.8,0.2229799409,6477,0.2251042149,0.091,0.3,866,137.0,318.0,1,51488.0,2292.0,75.876005001,1628,31021,589.407,2448.306,1191.768,1444.2410772093,1943.1,491448.884391477
0.17,0.369,112.3,0.2462281591,7960,0.2325376884,0.082,0.27,1303,156.0,249.0,1,63640.0,3297.0,78.114019335,1685,31023,652.72,2937.24,1353.2,1959.9761464360001,2149.2000000000003,621787.5939065999
0.164,0.364,224.8,0.2214215122,26232,0.2324260445,0.081,0.267,4324,581.0,754.0,11,70106.0,11156.0,79.168681126,4868,31025,2124.792,9548.448,4302.048,5808.3291080304,7003.944,2076752.843297232
0.15,0.374,47.6,0.2069625992,8414,0.2539814595,0.079,0.276,1286,122.0,188.0,1,61673.0,3453.0,81.121534585,1892,31027,664.706,3146.836,1262.1,1741.3833096688002,2322.264,682556.59199819
0.154,0.385,152.9,0.2200627677,3840,0.2458333333,0.1,0.283,554,41.0,129.0,0,61282.0,1416.0,79.394969375,832,31029,384.0,1478.4,591.36,845.041027968,1086.7199999999998,304876.6824
0.167,0.315,105.5,0.2032054649,5781,0.2390589863,0.088,0.298,1010,81.0,304.0,2,53483.0,2023.0,79.310745209,1325,31031,508.72799999999995,1821.015,965.427,1174.7307925869,1722.7379999999998,458495.41805322905
0.17,0.373,246.9,0.2242113208,9111,0.2287344968,0.089,0.298,1723,186.0,421.0,12,55172.0,3739.0,77.401820601,1986,31033,810.8789999999999,3398.403,1548.8700000000001,2042.7893438088,2715.078,705207.987495711
0.173,0.409,193.5,0.2188980556,6216,0.2427606178,0.093,0.328,848,104.0,285.0,1,63427.0,2441.0,78.285248874,1306,31035,578.088,2542.344,1075.368,1360.6703136096,2038.8480000000002,486621.107000784
0.167,0.354,336.2,0.1767586194,10587,0.3005572872,0.125,0.376,1001,163.0,441.0,0,63424.0,4114.0,80.328406167,1464,31037,1323.375,3747.798,1768.029,1871.3435035878001,3980.712,850436.836090029
0.169,0.361,90.4,0.2216876368,8798,0.2468742896,0.088,0.298,1212,122.0,237.0,8,54725.0,3865.0,79.849471555,1955,31039,774.2239999999999,3176.078,1486.862,1950.4078285664,2621.804,702515.65074089
0.169,0.356,111.3,0.1924607175,10626,0.2395068699,0.085,0.308,1499,174.0,563.0,9,57873.0,4022.0,80.317127266,2463,31041,903.21,3782.8559999999998,1795.794,2045.0875841549998,3272.808,853449.794328516
0.162,0.427,554.3,0.1672558624,20070,0.2917289487,0.133,0.408,2596,509.0,1202.0,47,61220.0,7697.0,77.602241923,2807,31043,2669.31,8569.89,3251.34,3356.8251583680003,8188.5599999999995,1557476.9953946099
0.154,0.341,896.5,0.2112802279,8361,0.1760554958,0.087,0.251,1415,140.0,325.0,22,52637.0,3037.0,78.419243747,1626,31045,727.4069999999999,2851.101,1287.594,1766.5139854719,2098.611,655663.296968667
0.16,0.403,428.1,0.1938850881,23510,0.2718417695,0.114,0.364,3175,456.0,1495.0,30,61043.0,9168.0,78.324288303,4037,31047,2680.14,9474.53,3761.6,4558.238421231,8557.64,1841404.01800353
0.18,0.383,223.0,0.2196113663,1793,0.2136084774,0.092,0.313,264,29.0,55.0,0,51261.0,674.0,79.270884439,461,31049,164.956,686.719,322.74,393.76317977589997,561.209,142132.695799127
0.161,0.377,106.5,0.2265391024,5596,0.2505360972,0.093,0.293,768,95.0,229.0,1,60437.0,2323.0,80.182360578,1204,31051,520.428,2109.692,900.956,1267.7128170304,1639.628,448700.489794488
0.193,0.399,399.3,0.2313456119,36222,0.2430843134,0.098,0.324,5214,709.0,1974.0,62,62491.0,14703.0,76.819940353,7026,31053,3549.7560000000003,14452.578000000001,6990.8460000000005,8379.8007542418,11735.928,2782571.879466366
0.159,0.33,724.1,0.2180280335,574332,0.2532228746,0.099,0.272,120648,15294.0,34925.0,2582,65788.0,232504.0,78.585236672,79092,31055,56858.868,189529.56,91318.788,125220.47653612199,156218.304,45134016.1483031
0.186,0.389,,0.2038625367,1671,0.196888091,0.105,0.327,300,25.0,37.0,0,50299.0,826.0,77.732514745,422,31057,175.45499999999998,650.019,310.806,340.65429882570004,546.417,129891.03213889501
0.171,0.344,109.8,0.2258950824,5519,0.1984055082,0.087,0.283,938,87.0,104.0,15,59309.0,2330.0,80.807482543,1303,31059,480.15299999999996,1898.5359999999998,943.749,1246.7149597656,1561.877,445976.49615481705
0.192,0.378,235.0,0.2202562287,2940,0.2057823129,0.091,0.31,403,51.0,137.0,2,49104.0,1144.0,75.986231052,833,31061,267.54,1111.32,564.48,647.553312378,911.4,223399.51929288
0.165,0.373,,0.219335324,2587,0.188248937,0.086,0.267,396,45.0,55.0,1,59061.0,941.0,84.282155582,655,31063,222.48199999999997,964.951,426.855,567.420483188,690.729,218037.936490634
0.19,0.392,149.7,0.2125257332,4653,0.2213625618,0.098,0.312,581,72.0,123.0,1,50762.0,1916.0,78.060039544,1202,31065,455.994,1823.976,884.07,988.8822365796001,1451.736,363213.363998232
0.186,0.361,237.1,0.2165618972,21431,0.2249078438,0.093,0.313,3065,434.0,761.0,40,61283.0,8762.0,77.845057826,4625,31067,1993.083,7736.590999999999,3986.166,4641.1380188932,6707.903,1668297.4342690061
0.167,0.375,217.7,0.2232601906,1847,0.2019491067,0.086,0.282,340,37.0,108.0,1,41221.0,575.0,75.953420799,512,31069,158.84199999999998,692.625,308.449,412.3615720382,520.8539999999999,140285.968215753
0.162,0.371,,0.2402900932,1956,0.1835378323,0.08,0.261,379,23.0,59.0,0,49951.0,814.0,79.753705404,595,31071,156.48,725.676,316.872,470.0074222992,510.516,155998.247770224
0.146,0.349,0.0,0.2232369964,1986,0.2124874119,0.08,0.271,262,28.0,34.0,1,62698.0,778.0,76.818760703,482,31073,158.88,693.1139999999999,289.95599999999996,443.3486748504,538.206,152562.058756158
0.175,0.364,0.0,0.219723816,630,0.2619047619,0.091,0.286,107,8.0,5.0,0,62487.0,210.0,,153,31075,57.33,229.32,110.25,138.42600407999998,180.17999999999998,
0.172,0.364,,0.2301664387,2319,0.2233721432,0.085,0.27,369,36.0,55.0,0,50068.0,793.0,82.038938892,615,31077,197.115,844.116,398.868,533.7559713453,626.13,190248.29929054802
0.149,0.41,505.3,0.1851540397,61028,0.2754801075,0.106,0.338,8878,1851.0,4490.0,231,54110.0,25603.0,77.876402686,9296,31079,6468.968,25021.48,9093.172,11299.5807348116,20627.464,4752641.103121208
0.154,0.361,203.8,0.2224075714,9237,0.2395799502,0.081,0.265,1482,175.0,260.0,10,73759.0,3652.0,81.208334284,1918,31081,748.197,3334.557,1422.498,2054.3787370218,2447.8050000000003,750121.3837813081
0.168,0.348,,0.2283894107,3311,0.2068861371,0.085,0.283,538,50.0,98.0,0,55010.0,1292.0,81.350227593,934,31083,281.435,1152.2279999999998,556.248,756.1973388276999,937.0129999999999,269350.603560423
0.177,0.386,0.0,0.2139378157,916,0.2336244541,0.097,0.314,126,14.0,11.0,0,54280.0,334.0,,260,31085,88.852,353.576,162.132,195.9670391812,287.624,
0.179,0.379,,0.2288749467,2773,0.2311575911,0.089,0.305,374,45.0,114.0,0,48475.0,954.0,75.925939914,730,31087,246.797,1050.967,496.36699999999996,634.6702271990999,845.765,210542.631381522
0.157,0.396,158.9,0.2021368182,9956,0.2532141422,0.086,0.287,1491,140.0,240.0,23,56777.0,4230.0,79.699425092,2264,31089,856.2159999999999,3942.576,1563.092,2012.4741619992,2857.372,793487.476215952
0.164,0.336,,0.2231217957,647,0.2071097372,0.083,0.264,75,11.0,20.0,0,53234.0,205.0,,198,31091,53.701,217.39200000000002,106.108,144.35980181789998,170.80800000000002,
0.164,0.359,,0.2393975625,6488,0.245838471,0.083,0.288,1013,147.0,243.0,3,54291.0,2700.0,78.082172872,1384,31093,538.504,2329.192,1064.0320000000002,1553.2113855,1868.5439999999999,506597.137593536
0.189,0.386,156.1,0.2195340373,7099,0.2227074236,0.093,0.323,801,115.0,138.0,4,55414.0,2643.0,78.170657765,1735,31095,660.207,2740.214,1341.711,1558.4721307927,2292.977,554933.499473735
0.187,0.374,177.5,0.229301918,5057,0.1860787028,0.098,0.306,628,81.0,204.0,1,55062.0,1479.0,77.588775855,944,31097,495.586,1891.318,945.659,1159.579799326,1547.442,392366.43949873495
0.164,0.332,154.0,0.2423990633,6652,0.2506013229,0.086,0.285,946,121.0,284.0,3,62260.0,2657.0,79.240251422,1345,31099,572.072,2208.464,1090.928,1612.4385690715999,1895.82,527106.152459144
0.177,0.354,74.7,0.2217871717,7983,0.2078166103,0.092,0.286,1215,147.0,403.0,9,57307.0,3213.0,79.131260756,2167,31101,734.436,2825.982,1412.991,1770.5269916811,2283.138,631704.854615148
0.179,0.378,0.0,0.2237121745,759,0.1765480896,0.09,0.304,126,12.0,37.0,0,47053.0,265.0,,247,31103,68.31,286.902,135.861,169.7975404455,230.736,
0.184,0.374,275.3,0.2045309199,3495,0.200286123,0.101,0.334,424,70.0,147.0,0,46782.0,1412.0,73.699938883,928,31105,352.995,1307.13,643.08,714.8355650505,1167.3300000000002,257581.286396085
0.176,0.357,144.0,0.2405827284,8304,0.2430154143,0.091,0.289,1192,138.0,390.0,7,51296.0,3238.0,79.642427891,2162,31107,755.664,2964.528,1461.504,1997.7989766336,2399.8559999999998,661350.721206864
0.144,0.343,564.7,0.2356491786,320650,0.225039763,0.088,0.218,64222,7499.0,14440.0,1268,65819.0,135443.0,79.872979383,47527,31109,28217.199999999997,109982.95000000001,46173.6,75560.90911809,69901.7,25611270.83915895
0.185,0.366,363.8,0.2152648452,34347,0.2335866306,0.096,0.288,6100,722.0,2116.0,96,62948.0,14721.0,77.844757878,7093,31111,3297.312,12571.002,6354.195,7393.7016380844,9891.936,2673733.898835666
0.177,0.35,,0.2143912007,747,0.2369477912,0.09,0.29,143,12.0,7.0,0,56283.0,298.0,,177,31113,67.23,261.45,132.219,160.1502269229,216.63,
0.163,0.363,0.0,0.2266516852,650,0.1953846154,0.088,0.276,103,12.0,21.0,0,56291.0,231.0,,177,31115,57.199999999999996,235.95,105.95,147.32359538,179.4,
0.182,0.36,,0.2079814698,474,0.1603375527,0.092,0.289,39,12.0,0.0,0,54876.0,132.0,,120,31117,43.608,170.64,86.268,98.5832166852,136.986,
0.155,0.368,296.3,0.1939279315,34813,0.255192026,0.093,0.298,6063,767.0,1750.0,201,56970.0,14329.0,78.178925813,5788,31119,3237.609,12811.184,5396.015,6751.2130793095,10374.274,2721642.944327969
0.17,0.377,128.9,0.2224476137,7809,0.2205147906,0.092,0.288,1230,159.0,260.0,2,58437.0,3342.0,78.075348749,1663,31121,718.428,2943.993,1327.5300000000002,1737.0934153833,2248.9919999999997,609690.398380941
0.167,0.383,150.8,0.2160139681,4625,0.2183783784,0.097,0.321,651,93.0,106.0,0,54879.0,1527.0,76.874378743,1041,31123,448.625,1771.375,772.375,999.0646024625,1484.625,355544.00168637495
0.181,0.37,,0.2368404089,3532,0.2327293318,0.089,0.312,534,63.0,112.0,0,52534.0,1393.0,76.059753808,763,31125,314.348,1306.84,639.292,836.5203242348,1101.984,268643.050449856
0.169,0.384,258.2,0.2199786726,7044,0.221890971,0.084,0.275,1150,128.0,282.0,2,55574.0,2646.0,77.038188609,1447,31127,591.696,2704.896,1190.4360000000001,1549.5297697944,1937.1000000000001,542657.000561796
0.183,0.374,,0.2153018697,4134,0.1969037252,0.094,0.308,583,66.0,88.0,3,60636.0,1658.0,77.579089565,1143,31129,388.596,1546.116,756.5219999999999,890.0579293398,1273.272,320711.95626171003
0.177,0.417,137.4,0.2240291031,15965,0.2393360476,0.09,0.284,2326,297.0,684.0,18,68443.0,6168.0,80.262684476,3256,31131,1436.85,6657.405,2825.805,3576.6246309915,4534.0599999999995,1281393.75765934
0.203,0.419,306.2,0.2140535081,2601,0.2226066897,0.099,0.331,269,41.0,194.0,1,49089.0,780.0,76.925718946,769,31133,257.499,1089.819,528.003,556.7531745681,860.931,200083.794978546
0.162,0.341,0.0,0.2167424075,2867,0.2438088594,0.08,0.269,463,33.0,20.0,0,58925.0,1107.0,79.168492276,687,31135,229.36,977.647,464.454,621.4004823025,771.2230000000001,226976.06735529198
0.158,0.366,210.3,0.2219306099,9006,0.2418387742,0.086,0.277,1554,148.0,215.0,14,61442.0,3733.0,79.978746146,1889,31137,774.516,3296.196,1422.948,1998.7070727594,2494.6620000000003,720288.587790876
0.162,0.369,56.0,0.2428353425,7184,0.2529231626,0.08,0.248,1191,136.0,341.0,1,56484.0,2832.0,81.149244562,1446,31139,574.72,2650.896,1163.808,1744.52910052,1781.632,582976.1729334081
0.149,0.375,304.8,0.2081649516,33364,0.263667426,0.095,0.285,4744,651.0,1578.0,74,62776.0,13312.0,79.717164344,6011,31141,3169.58,12511.5,4971.236,6945.2154451824,9508.74,2659683.471173216
0.165,0.352,,0.2231499248,5201,0.2261103634,0.084,0.278,683,88.0,132.0,1,59159.0,1948.0,77.42101279,1214,31143,436.884,1830.752,858.1650000000001,1160.6027588848,1445.8780000000002,402666.68752079003
0.184,0.387,279.7,0.2047310348,10627,0.220005646,0.095,0.311,1678,191.0,565.0,22,55657.0,4619.0,78.116142058,2285,31145,1009.565,4112.649,1955.368,2175.6767068196,3304.997,830140.241650366
0.2,0.432,139.9,0.2206273473,7791,0.2156334232,0.094,0.328,1109,135.0,500.0,7,51874.0,3079.0,77.398678535,1922,31147,732.354,3365.712,1558.2,1718.9076628143,2555.4480000000003,603013.104466185
0.159,0.352,,0.2226977902,1377,0.2127814089,0.079,0.274,231,18.0,38.0,5,48461.0,582.0,,390,31149,108.783,484.70399999999995,218.943,306.65485710539997,377.298,
0.171,0.4,492.1,0.2152803007,13987,0.2592407235,0.116,0.332,1775,263.0,558.0,13,63655.0,5487.0,79.039464067,2142,31151,1622.4920000000002,5594.8,2391.777,3011.1255658909004,4643.684,1105524.983905129
0.132,0.365,427.4,0.2048405072,188856,0.2690939128,0.086,0.249,42765,3943.0,9242.0,219,83104.0,84280.0,80.714427733,23558,31153,16241.615999999998,68932.44,24928.992000000002,38685.3588277632,47025.144,15243403.963943446
0.169,0.341,194.6,0.2675867538,21927,0.2454964199,0.081,0.281,3561,409.0,633.0,7,72526.0,9163.0,78.824118711,4140,31155,1776.087,7477.107000000001,3705.6630000000005,5867.3747505726005,6161.487000000001,1728376.450976097
0.165,0.385,499.7,0.1836514995,35299,0.248477294,0.104,0.323,5632,758.0,2400.0,107,53956.0,13547.0,76.019197454,7004,31157,3671.096,13590.115,5824.335,6482.7142808505005,11401.577000000001,2683401.650928746
0.163,0.352,150.4,0.2348778115,17186,0.2354241825,0.083,0.238,2875,363.0,658.0,30,72456.0,7246.0,79.16716495,3051,31159,1426.438,6049.472,2801.318,4036.6100684390003,4090.268,1360566.8968307
0.185,0.412,209.7,0.1989322733,5150,0.2186407767,0.099,0.33,662,65.0,193.0,17,52051.0,1678.0,76.457066398,1397,31161,509.85,2121.7999999999997,952.75,1024.501207495,1699.5,393753.89194969996
0.177,0.35,,0.2198642174,2986,0.2133288681,0.088,0.294,425,53.0,116.0,1,49684.0,1161.0,80.650075187,838,31163,262.768,1045.1,528.5219999999999,656.5145531564,877.8839999999999,240821.124508382
0.163,0.37,,0.2160731935,1200,0.1683333333,0.087,0.293,196,17.0,10.0,0,51831.0,384.0,,376,31165,104.39999999999999,444.0,195.6,259.2878322,351.59999999999997,
0.163,0.373,,0.2437229726,5880,0.243877551,0.086,0.27,980,119.0,138.0,1,64087.0,2647.0,80.167824549,1138,31167,505.67999999999995,2193.24,958.44,1433.091078888,1587.6000000000001,471386.80834812
0.172,0.387,139.9,0.2513846619,4887,0.234090444,0.087,0.291,740,76.0,195.0,3,55775.0,2013.0,78.711489644,1226,31169,425.169,1891.269,840.564,1228.5168427053,1422.117,384663.04989022797
0.156,0.343,0.0,0.2391727536,739,0.2313937754,0.081,0.268,149,17.0,10.0,0,55599.0,221.0,,215,31171,59.859,253.47700000000003,115.284,176.7486649104,198.05200000000002,
0.283,0.456,955.1,0.2023969441,7220,0.3566481994,0.137,0.354,945,161.0,1098.0,25,49148.0,2145.0,66.599184668,874,31173,989.1400000000001,3292.32,2043.2599999999998,1461.305936402,2555.8799999999997,480846.11330296006
0.166,0.362,96.2,0.2387733851,4103,0.2317816232,0.088,0.28,564,60.0,101.0,7,55542.0,1770.0,81.30326956,1035,31175,361.06399999999996,1485.286,681.0980000000001,979.6871990653001,1148.8400000000001,333587.31500468
0.153,0.357,246.0,0.2348463575,20901,0.2391751591,0.08,0.271,3280,407.0,518.0,10,78844.0,8750.0,80.956917828,3933,31177,1672.08,7461.656999999999,3197.853,4908.5237181075,5664.171,1692080.539523028
0.158,0.38,479.5,0.2434594759,9492,0.192583228,0.089,0.283,1383,156.0,90.0,8,64569.0,3999.0,83.217758292,1598,31179,844.788,3606.96,1499.736,2310.9173452428,2686.236,789902.961707664
0.166,0.38,,0.2128123098,3419,0.2234571512,0.091,0.289,529,62.0,137.0,2,52115.0,1357.0,76.965504499,787,31181,311.129,1299.22,567.554,727.6052872061999,988.0909999999999,263145.059882081
0.187,0.384,,0.2269390616,790,0.2113924051,0.097,0.314,85,10.0,23.0,0,52154.0,231.0,,222,31183,76.63,303.36,147.73,179.281858664,248.06,
0.158,0.366,314.4,0.2126908162,13511,0.2322551995,0.084,0.273,2541,244.0,517.0,21,63249.0,5441.0,79.726758184,2857,31185,1134.924,4945.026,2134.738,2873.6656176782,3688.503,1077188.229824024
0.153191509,0.305,578.8,0.195095249,3138259,0.2222824821,0.099,0.256,499832,196457.0,190778.0,7438,64608.0,1077493.0,78.109183613,519316,32000,310687.641,957168.995,480754.63184283103,612259.421031491,803394.304,245126848.45614976
0.189,0.341,353.3,0.1915181015,25363,0.2286401451,0.099,0.257,3647,623.0,1265.0,54,61650.0,8898.0,74.179542169,4924,32001,2510.937,8648.783000000001,4793.607,4857.4736083445005,6518.291,1881415.728032347
0.165,0.301,619.6,0.1777297626,2315963,0.2268620008,0.107,0.272,373924,165513.0,150760.0,5204,62496.0,796064.0,78.409530917,359536,32003,247808.041,697104.863,382133.895,411615.5541803838,629941.9360000001,181593572.45112807
0.162,0.313,229.0,0.2435132113,49088,0.1559036832,0.08,0.225,6370,1934.0,1776.0,72,84317.0,15880.0,81.110152763,15268,32005,3927.04,15364.544,7952.256,11953.5765162944,11044.800000000001,3981535.178830144
0.185,0.351,352.4,0.213859972,53006,0.2684224427,0.093,0.27,7669,1527.0,2770.0,44,73914.0,16740.0,78.483466306,6664,32007,4929.558,18605.106,9806.11,11335.861675832,14311.62,4160094.615015836
0.209,0.366,,0.1911712028,886,0.1455981941,0.113,0.299,125,21.0,13.0,0,35395.0,279.0,,300,32009,100.11800000000001,324.276,185.17399999999998,169.3776856808,264.914,
0.196,0.33,197.1,0.2214264706,2065,0.2309927361,0.093,0.264,138,36.0,39.0,0,68806.0,397.0,79.000961211,382,32011,192.045,681.45,404.74,457.245661789,545.1600000000001,163136.984900715
0.187,0.362,368.4,0.2084332236,16962,0.2678929372,0.102,0.276,2190,395.0,681.0,17,72907.0,4903.0,76.984826139,2566,32013,1730.1239999999998,6140.244,3171.894,3535.4443387031997,4681.512000000001,1305816.620969718
0.196,0.35,542.3,0.1930110715,5514,0.2638737758,0.104,0.282,880,150.0,557.0,3,80894.0,1517.0,75.552398325,916,32015,573.456,1929.8999999999999,1080.7440000000001,1064.2630482509999,1554.9479999999999,416595.92436405
0.185,0.306,115.8,0.2164261042,5159,0.1955805389,0.081,0.239,501,103.0,282.0,2,60180.0,1262.0,81.765779477,1309,32017,417.879,1578.654,954.415,1116.5422715678,1233.001,421829.656321843
0.206,0.362,307.8,0.1972857975,58319,0.2095543476,0.098,0.267,7101,1968.0,2451.0,90,63162.0,18694.0,76.20011434,12718,32019,5715.262000000001,21111.478,12013.714,11505.5104244025,15571.173,4443914.46819446
0.228,0.37,466.1,0.1910880541,4518,0.1927844179,0.113,0.287,323,117.0,344.0,4,50069.0,1166.0,71.614510711,1194,32021,510.534,1671.66,1030.104,863.3358284238,1296.666,323554.359392298
0.225,0.359,199.9,0.1928731007,48054,0.164710534,0.101,0.287,3947,1707.0,2104.0,82,52783.0,11581.0,74.097546397,14965,32023,4853.454000000001,17251.386,10812.15,9268.3239810378,13791.498,3560683.494561438
0.203,0.342,148.7,0.2111033733,6573,0.1661341853,0.103,0.274,834,123.0,276.0,5,65000.0,1577.0,77.6947732,1121,32027,677.019,2247.9660000000003,1334.3190000000002,1387.5824727009,1801.0020000000002,510687.7442436
0.163,0.289,218.3,0.2226373713,4207,0.1219396244,0.08,0.216,519,171.0,112.0,8,73271.0,1168.0,82.871253023,1402,32029,336.56,1215.8229999999999,685.741,936.6354210590999,908.712,348639.361467761
0.156,0.302,570.7,0.2085997697,477082,0.2116973602,0.086,0.212,82158,19734.0,24420.0,1652,75232.0,174426.0,78.160183557,82298,32031,41029.051999999996,144078.764,74424.792,99519.1953280154,101141.38399999999,37288816.69174067
0.204,0.34,219.2,0.2109820434,9466,0.1991337418,0.101,0.273,1178,192.0,190.0,33,57923.0,2831.0,79.723764757,1860,32033,956.066,3218.44,1931.0639999999999,1997.1560228244002,2584.2180000000003,754665.157189762
0.174,0.312,473.9,0.222099866,56034,0.2032337509,0.095,0.261,8328,2143.0,2738.0,168,58382.0,20110.0,74.409476441,11893,32510,5323.2300000000005,17482.608,9749.916,12445.143891444,14624.874,4169460.602894994
0.1694764548,0.321,263.1,0.2078627764,1366275,0.1852730966,0.08,0.211,230204,50914.0,48642.0,4746,81415.0,569140.0,79.589042901,263129,33000,109302.0,438574.275,231551.44328187002,283997.71482591,288284.02499999997,108740519.58956377
0.168,0.303,189.2,0.2174890464,61551,0.1790222742,0.076,0.211,8517,2157.0,2685.0,343,76105.0,24689.0,77.070992448,14465,33001,4677.876,18649.952999999998,10340.568000000001,13386.6682949664,12987.261,4743796.656166848
0.174,0.289,151.3,0.229540104,49167,0.1521345618,0.074,0.221,6242,1776.0,1857.0,128,73073.0,18451.0,79.706624619,14571,33003,3638.3579999999997,14209.262999999999,8555.057999999999,11285.798293368,10865.907,3918935.612642373
0.176,0.303,293.1,0.1883253376,76228,0.1770346854,0.078,0.219,11358,2444.0,2482.0,271,66398.0,29804.0,79.559124776,16326,33005,5945.784,23097.084,13416.127999999999,14355.6638345728,16693.932,6064632.9634249285
0.214,0.34,218.6,0.1913618809,31174,0.1618335793,0.088,0.27,3561,1136.0,866.0,71,49465.0,10865.0,77.230641035,7826,33007,2743.312,10599.16,6671.236,5965.5152751766,8416.980000000001,2407588.0036250902
0.163,0.272,263.7,0.195769817,90691,0.1572702914,0.076,0.232,14096,2813.0,2806.0,467,77022.0,33130.0,80.666413128,19996,33009,6892.516,24667.952,14782.633,17754.560473547,21040.312,7315717.672991448
0.154,0.322,315.3,0.204107693,418735,0.1989157821,0.08,0.22,77921,16792.0,16877.0,1482,79222.0,180489.0,79.419880872,69907,33011,33498.8,134832.67,64485.19,85467.034828355,92121.7,33255883.816936918
0.159,0.301,218.6,0.2044711117,152622,0.186146165,0.07,0.211,25297,4800.0,5194.0,691,81132.0,63029.0,79.47261762,29474,33013,10683.54,45939.222,24266.898,31206.7900098774,32203.242,12129269.846399639
0.143,0.274,209.5,0.2083541229,311307,0.1887429451,0.069,0.202,54709,13147.0,9786.0,840,96775.0,138382.0,80.786545982,59581,33015,21480.183,85298.118,44516.901,64862.0969376303,62884.014,25149417.270018477
0.165,0.316,352.9,0.2016149145,131533,0.1785483491,0.084,0.233,23005,4610.0,4674.0,365,72817.0,53300.0,78.207028742,21070,33017,11048.772,41564.428,21702.945,26519.0145489285,30647.189000000002,10286805.111521486
0.194,0.312,236.4,0.1873050222,43267,0.1822867312,0.082,0.239,5498,1239.0,1415.0,87,65881.0,17001.0,79.69799542,9913,33019,3547.8940000000002,13499.304,8393.798,8104.1263955274,10340.813,3448293.1678371397
0.1321504933,0.255,423.2,0.1598576015,8882371,0.2177948883,0.095,0.279,1618078,439906.0,434820.0,23167,87095.0,3013993.0,79.488448616,1510028,34000,843825.245,2265004.605,1173809.7093236144,1419914.5236931564,2478181.509,706045890.8217485
0.1779918927,0.302,507.5,0.171856724,262945,0.2092490825,0.106,0.305,37982,21491.0,16122.0,488,61377.0,93444.0,76.680522892,50404,34001,27872.17,79409.39,46802.0782260015,45188.86629218,80198.22499999999,20162760.09183694
0.1289482924,0.216,249.5,0.1814703166,930394,0.2099099951,0.084,0.254,183400,45703.0,29513.0,2592,107114.0,310357.0,82.142487724,167551,34003,78153.096,200965.104,119972.7175592056,168838.8937427404,236320.076,76424877.72348326
0.1561415086,0.304,408.2,0.1978727579,446596,0.205572822,0.089,0.246,81626,18996.0,20209.0,3927,92471.0,181439.0,79.124622395,79530,34005,39747.044,135765.184,69732.1731747256,88369.1821871084,109862.616,35336739.86311742
0.1784493542,0.292,693.4,0.1748467652,506809,0.2257240894,0.107,0.295,92177,25761.0,37252.0,1779,71718.0,180629.0,76.692071051,82806,34007,54228.563,147988.228,90439.7387527478,88613.91422424681,149508.655,38868231.837286256
0.1792848888,0.316,328.1,0.2140873223,91546,0.1737705634,0.088,0.251,12232,6286.0,3551.0,110,75829.0,32836.0,76.872813403,25831,34009,8056.048,28928.536,16412.8144300848,19598.8380072758,22978.046,7037398.575791038
0.2259591603,0.397,694.2,0.1845960759,147008,0.2420412495,0.122,0.363,16593,7129.0,12196.0,160,60352.0,46831.0,74.602310983,23419,34011,17934.976,58362.176,33217.8042373824,27137.099925907198,53363.903999999995,10967136.532988863
0.1590160968,0.3,829.9,0.1725806272,800501,0.236922877,0.121,0.302,140026,43674.0,66020.0,1933,65528.0,217914.0,78.022445605,114057,34013,96860.621,240150.3,127292.54450449681,138150.9646542272,241751.302,62457045.72924811
0.1673069457,0.344,395.7,0.1888620294,293245,0.2142713431,0.088,0.259,52855,14028.0,13219.0,399,87220.0,121183.0,77.226809943,49177,34015,25805.559999999998,100876.28,49061.9252917965,55382.845811403,75950.455,22646375.881735038
0.1499677352,0.241,507.0,0.1808397235,671666,0.2027525586,0.117,0.294,184089,38221.0,37894.0,521,77323.0,130236.0,80.480667346,83755,34017,78584.922,161871.506,100728.2288308432,121463.893724351,197469.80399999997,54056127.91361844
0.1292612885,0.28,176.1,0.2065421695,124797,0.1880413792,0.071,0.2,19858,4565.0,2543.0,330,113611.0,49868.0,83.169786504,25099,34019,8860.587,34943.16,16131.421020934498,25775.843127091503,24959.4,10379339.846339688
0.1497129976,0.308,531.3,0.1628081629,367239,0.2123031595,0.104,0.281,61300,15255.0,21835.0,1311,87581.0,119501.0,79.325416213,58961,34021,38192.856,113109.612,54980.451525626406,59789.5069352331,103194.15900000001,29131386.524645906
0.1313493157,0.255,340.1,0.158507224,822736,0.2159173781,0.102,0.257,167911,38031.0,32438.0,1680,95610.0,280864.0,80.590686228,130598,34023,83919.072,209797.68,108065.81060175519,130409.599444864,211443.152,66304858.8244798
0.1458981757,0.293,272.3,0.2034140176,618381,0.2079753421,0.081,0.226,107396,28964.0,20621.0,1884,104219.0,230015.0,79.848582066,116045,34025,50088.861000000004,181185.633,90220.65978754169,125787.3636175056,139754.106,49376846.02655515
0.1216455473,0.254,199.2,0.2008691196,491087,0.205892235,0.073,0.208,93549,19630.0,13551.0,1488,114103.0,195945.0,81.808385511,88146,34027,35849.350999999995,124736.098,59738.5468869151,98644.2133370052,102146.09599999999,40175034.61544046
0.1790189884,0.277,208.3,0.1941450378,614237,0.2440816818,0.087,0.266,87050,26397.0,20712.0,1087,78181.0,208329.0,78.512500892,140718,34029,53438.619,170143.649,109960.08637785079,119251.0655831586,163387.04200000002,48225283.01039941
0.1581005703,0.311,561.7,0.1731311056,500382,0.2366991618,0.113,0.326,73335,30894.0,33367.0,714,64422.0,169647.0,78.906688729,76786,34031,56543.166000000005,155618.802,79110.67956785459,86631.68888233921,163124.532,39483486.71959448
0.2031267023,0.31,424.8,0.1849340198,62451,0.214263983,0.105,0.317,8580,2817.0,4548.0,73,65563.0,23090.0,74.038532546,12088,34033,6557.355,19359.81,12685.4656853373,11549.3144705298,19796.967,4623780.396030246
0.1191347881,0.257,256.0,0.2073695973,329331,0.2136300561,0.081,0.211,63055,13065.0,10399.0,969,115573.0,129769.0,81.945326208,55100,34035,26675.811,84638.067,39234.7788997611,68293.2368484063,69488.841,26987136.225406848
0.1475090175,0.257,141.6,0.2144616813,140002,0.1917186897,0.077,0.242,22853,6936.0,4338.0,263,92739.0,61033.0,78.766104906,26287,34037,10780.154,35980.514,20651.557468035,30025.0643053626,33880.484,11027412.219049811
0.152231711,0.276,493.4,0.1673695065,555394,0.2337439727,0.105,0.305,95535,27340.0,30573.0,1207,83189.0,187550.0,79.829533859,83347,34039,58316.369999999995,153288.744,84548.578899134,92956.019693061,169395.16999999998,44336844.12808544
0.1691004868,0.318,230.8,0.2070429109,105624,0.1920870257,0.083,0.243,16676,4723.0,3919.0,243,80412.0,43513.0,79.148050992,20323,34041,8766.792000000001,33588.432,17861.0698177632,21868.700420901598,25666.631999999998,8359933.737979008
0.1649255685,0.322,681.2,0.1739487313,2106319,0.2243207225,0.109,0.248,333683,79413.0,143737.0,8854,52285.0,700583.0,76.881751166,389911,35000,229588.771,678234.718,347385.8585173515,366391.5177630847,522367.112,161937493.23421794
0.148,0.286,791.0,0.1564082283,681666,0.2105605971,0.103,0.234,132493,26825.0,45466.0,3377,56632.0,250983.0,77.395742574,118406,35001,70211.598,194956.476,100886.568,106618.17135234781,159509.844,52758046.25744828
0.196,0.301,,0.1923584632,3623,0.118134143,0.107,0.269,154,84.0,263.0,2,27423.0,546.0,80.35212065,1567,35003,387.661,1090.523,710.1080000000001,696.9147121736,974.5870000000001,291115.73311495
0.168,0.356,572.6,0.1644643765,64711,0.2587813509,0.124,0.341,8547,2274.0,4911.0,90,51441.0,22445.0,74.535653975,10457,35005,8024.164,23037.115999999998,10871.448,10642.654267691501,22066.451,4823276.704376225
0.213,0.389,918.5,0.1583404301,26354,0.2305911816,0.14,0.331,3794,842.0,2592.0,100,42705.0,6673.0,74.41133869,4588,35006,3689.5600000000004,10251.706,5613.402,4172.9036948554,8723.174,1961036.41983626
0.16,0.337,376.9,0.1723266043,11927,0.173388111,0.119,0.298,1373,367.0,831.0,130,43265.0,3436.0,76.944852871,3414,35007,1419.3129999999999,4019.3990000000003,1908.32,2055.3394094861,3554.2459999999996,917721.260192417
0.174,0.349,1011.2,0.1685442694,48793,0.2614104482,0.118,0.299,8986,1224.0,4040.0,301,53864.0,18282.0,76.065209006,6417,35009,5757.574,17028.756999999998,8489.982,8223.7805368342,14589.107,3711449.7430297583
0.179,0.34,514.9,0.1702640413,1673,0.2068141064,0.119,0.303,217,35.0,113.0,17,42319.0,498.0,77.250439027,496,35011,199.087,568.82,299.467,284.8517410949,506.919,129239.984492171
0.154,0.347,731.5,0.1663001296,221262,0.2393271325,0.132,0.283,34147,8073.0,14664.0,712,46547.0,69719.0,78.624437503,36983,35013,29206.584000000003,76777.91399999999,34074.348,36795.8992755552,62617.14599999999,17396600.290788785
0.161,0.342,663.7,0.1804478011,58418,0.2653291794,0.113,0.281,8777,2316.0,4058.0,74,66199.0,22081.0,74.338706244,8548,35015,6601.234,19978.956000000002,9405.298,10541.3996446598,16415.458000000002,4342718.541361991
0.146,0.329,455.6,0.1670193047,27007,0.1918391528,0.114,0.272,3089,1074.0,1121.0,167,43557.0,7465.0,76.784768111,7878,35017,3078.7980000000002,8885.303,3943.022,4510.6903620329,7345.904,2073726.232373777
0.157,0.33,465.1,0.1771404075,4275,0.1992982456,0.13,0.325,622,103.0,298.0,67,38903.0,1274.0,75.655568681,868,35019,555.75,1410.75,671.175,757.2752420625001,1389.375,323427.55611127504
0.157,0.328,0.0,0.1756840336,638,0.1222570533,0.117,0.281,121,12.0,2.0,0,39913.0,161.0,,268,35021,74.646,209.264,100.166,112.0864134368,179.27800000000002,
0.168,0.338,428.8,0.1638574336,4106,0.2228446176,0.129,0.307,408,114.0,164.0,8,41858.0,1128.0,75.593980246,958,35023,529.674,1387.8280000000002,689.808,672.7986223616,1260.542,310388.882890076
0.169,0.363,591.0,0.174172953,71830,0.3004733398,0.125,0.33,8887,3264.0,5209.0,88,66780.0,23699.0,74.424967078,8141,35025,8978.75,26074.29,12139.27,12510.84321399,23703.9,5345945.38521274
0.149,0.3,327.0,0.1960624876,19939,0.18140328,0.096,0.249,2148,789.0,1085.0,108,49115.0,5613.0,78.784654543,6054,35027,1914.144,5981.7,2970.911,3909.2899402564,4964.811,1570887.226932877
0.092,0.244,165.2,0.1965858082,19462,0.2173980064,0.064,0.151,3999,371.0,473.0,47,111724.0,7764.0,83.868707792,3578,35028,1245.568,4748.728,1790.504,3825.9529991883996,2938.7619999999997,1632252.791047904
0.193,0.355,645.3,0.1477070001,23905,0.2608240954,0.144,0.346,1806,1645.0,1753.0,42,39233.0,5972.0,74.948461626,5004,35029,3442.3199999999997,8486.275,4613.665,3530.9358373905,8271.13,1791642.97516953
0.246,0.388,1010.3,0.1468957878,70824,0.2789449904,0.156,0.299,9209,2478.0,9233.0,123,35659.0,16950.0,67.940805395,9483,35031,11048.544,27479.712,17422.704,10403.747275147201,21176.376,4811839.60129548
0.142,0.333,398.1,0.1639829708,4478,0.1656989728,0.134,0.314,382,166.0,355.0,5,40618.0,873.0,79.168046966,1336,35033,600.052,1491.174,635.876,734.3157432424,1406.092,354514.51431374805
0.181,0.313,573.4,0.1800528355,67967,0.2245060103,0.114,0.304,11169,2140.0,3827.0,195,46735.0,21223.0,77.097881062,12061,35035,7748.238,21273.671,12302.027,12237.651070428501,20661.968,5240111.682140954
0.174,0.331,448.3,0.1707537056,8197,0.2098328657,0.122,0.313,859,229.0,778.0,118,38389.0,2619.0,73.362198494,2174,35037,1000.034,2713.2070000000003,1426.2779999999998,1399.6681248032,2565.661,601349.941055318
0.166,0.33,583.2,0.1768995064,38521,0.2276420654,0.133,0.294,4456,1361.0,3755.0,200,47400.0,12103.0,72.577508955,8021,35039,5123.293000000001,12711.93,6394.486000000001,6814.3458860344,11325.173999999999,2795758.222455555
0.184,0.329,859.5,0.1681190074,18350,0.2397820163,0.119,0.308,2383,491.0,983.0,53,46351.0,6057.0,76.370767496,2757,35041,2183.65,6037.150000000001,3376.4,3084.9837857899997,5651.8,1401403.5835515999
0.139,0.306,520.6,0.180563251,148904,0.2257830549,0.098,0.218,23190,5698.0,7531.0,531,71991.0,48520.0,78.542319022,28511,35043,14592.592,45564.623999999996,20697.656000000003,26886.590326904003,32461.072,11695265.471651888
0.223,0.355,755.9,0.1598202811,123312,0.2558226288,0.12,0.281,19479,5046.0,9668.0,316,44261.0,39684.0,74.036868747,19912,35045,14797.439999999999,43775.759999999995,27498.576,19707.7585030032,34650.672000000006,9129634.358930064
0.159,0.333,663.6,0.1665199299,27144,0.1742558208,0.138,0.317,3658,870.0,1783.0,287,40804.0,7300.0,77.001002742,6386,35047,3745.8720000000003,9038.952000000001,4315.896,4520.0169772056,8604.648,2090115.2184288478
0.119,0.249,478.2,0.1845518985,151946,0.1715477867,0.09,0.213,20039,5891.0,8571.0,1127,58898.0,52690.0,80.982258605,39993,35049,13675.14,37834.554,18081.574,28041.922769481,32364.498,12304930.26599533
0.187,0.31,120.5,0.1629887469,10867,0.1566209625,0.117,0.286,1050,378.0,498.0,25,36823.0,2654.0,72.099645859,4121,35051,1271.439,3368.77,2032.129,1771.1987125623,3107.9619999999995,783506.8515497531
0.187,0.327,607.1,0.1690606824,16541,0.2219333777,0.131,0.305,1747,443.0,1257.0,29,39478.0,3671.0,75.513229097,3415,35053,2166.871,5408.907,3093.167,2796.4327475784,5045.005,1249064.322493477
0.139,0.284,256.7,0.1644798971,32593,0.169269475,0.116,0.257,4454,1729.0,2783.0,281,43230.0,9134.0,79.389272045,9340,35055,3780.788,9256.411999999998,4530.427000000001,5360.8932861803,8376.401,2587534.543762685
0.186,0.325,329.9,0.1692796016,15486,0.205798786,0.124,0.313,1668,511.0,802.0,21,47266.0,4037.0,76.544994671,3405,35057,1920.264,5032.95,2880.396,2621.4639103776,4847.118,1185375.787475106
0.187,0.315,443.5,0.1803805252,4026,0.1922503726,0.117,0.3,457,84.0,242.0,36,42676.0,1008.0,76.923222811,880,35059,471.04200000000003,1268.19,752.862,726.2119944552,1207.8,309692.895037086
0.163,0.34,671.6,0.1624853635,77574,0.2311857066,0.117,0.282,9915,2486.0,4628.0,175,51564.0,24321.0,76.482560708,14491,35061,9076.158000000001,26375.160000000003,12644.562,12604.639588149,21875.868,5933058.164362391
0.1288221562,0.272,640.6,0.1898738484,19336776,0.2062574444,0.094,0.27,3689650,928167.0,1071825.0,62880,73354.0,4822623.0,80.260599953,3369569,36000,1817656.944,5259603.072000001,2491005.1782764113,3671548.0747687584,5220929.5200000005,1551981242.9167714
0.152,0.304,659.6,0.2139738956,303654,0.1818418331,0.085,0.242,58996,11299.0,16269.0,1213,70629.0,114617.0,79.423543274,54365,36001,25810.59,92310.81599999999,46155.407999999996,64974.0292945224,73484.268,24117276.609323196
0.217,0.321,297.2,0.2258330848,45587,0.2013073903,0.092,0.289,6013,1536.0,1752.0,113,53371.0,14546.0,77.886721412,9169,36003,4194.004,14633.427,9892.379,10295.0528367776,13174.642999999998,3550621.969008844
0.165,0.337,1289.0,0.1769968647,1401142,0.2453398728,0.153,0.391,215413,94436.0,174580.0,3240,44906.0,138316.0,77.995462018,192581,36005,214374.726,472184.85400000005,231188.43000000002,247997.7409994874,547846.522,109282717.64282455
0.185,0.315,371.2,0.2041258877,189420,0.1915531623,0.092,0.272,27546,7099.0,9247.0,446,52510.0,64067.0,78.079694685,37570,36007,17426.64,59667.3,35042.7,38665.525648134004,51522.240000000005,14789855.767232701
0.22,0.327,298.2,0.2129516326,75863,0.2207663815,0.098,0.308,9352,3120.0,4055.0,113,51824.0,26305.0,77.107615052,15360,36009,7434.5740000000005,24807.201,16689.86,16155.1497039338,23365.804,5849615.000689876
0.208,0.339,347.4,0.2318681323,76029,0.192110905,0.091,0.285,10881,2799.0,3785.0,157,59335.0,29098.0,79.050232092,15600,36011,6918.639,25773.831000000002,15814.032,17628.7022306367,21668.265,6010110.095722668
0.215,0.336,496.4,0.2239742318,126032,0.2015757903,0.1,0.289,17064,4702.0,6227.0,229,50062.0,43590.0,77.770513033,26724,36013,12603.2,42346.752,27096.88,28227.920382217602,36423.248,9801573.298575057
0.205,0.326,462.5,0.2188025686,82622,0.2094962601,0.094,0.293,12301,3102.0,4688.0,257,54705.0,29703.0,76.350188735,16480,36015,7766.468,26934.772,16937.51,18077.9058228692,24208.246,6308205.29366317
0.212,0.335,218.2,0.2368190183,46730,0.2041301091,0.091,0.291,5778,1499.0,2066.0,92,52545.0,16951.0,76.616390684,10049,36017,4252.43,15654.550000000001,9906.76,11066.552725159,13598.429999999998,3580283.93666332
0.2,0.358,338.0,0.2051444081,79778,0.1785705332,0.095,0.276,10758,2824.0,2595.0,243,59741.0,28372.0,79.056376248,14532,36019,7578.91,28560.523999999998,15955.6,16366.010589401802,22018.728000000003,6306959.584312945
0.176,0.299,277.5,0.2119845551,59534,0.1653676891,0.082,0.262,8116,1878.0,2311.0,119,66068.0,21429.0,80.359645513,15161,36021,4881.7880000000005,17800.666,10477.983999999999,12620.2885033234,15597.908000000001,4784131.135970943
0.196,0.316,485.5,0.2140074637,47173,0.1900451529,0.088,0.276,6583,1785.0,1808.0,177,60165.0,17583.0,78.107197373,8144,36023,4151.224,14906.668,9245.908,10095.3740851201,13019.748000000001,3684550.8216765295
0.205,0.324,217.5,0.2182821765,43938,0.1618872047,0.09,0.303,4743,1340.0,1598.0,59,54440.0,14550.0,78.131901543,11470,36025,3954.42,14235.912,9007.289999999999,9590.882271057,13313.214,3432959.489996334
0.159,0.331,400.4,0.2387031729,293293,0.1842082832,0.088,0.257,46100,10888.0,11453.0,910,79276.0,108202.0,80.133191387,54693,36027,25809.784,97079.98300000001,46633.587,70009.9696893597,75376.301,23502504.10146739
0.177,0.317,598.2,0.2234620326,917241,0.2010300455,0.091,0.245,172484,41755.0,53513.0,3221,59584.0,350793.0,78.038039655,172524,36029,83468.931,290765.397,162351.65699999998,204968.5382440566,224724.04499999998,71579689.53119186
0.183,0.308,173.5,0.2422319798,36891,0.156786208,0.086,0.277,4855,1344.0,1093.0,61,57129.0,12694.0,79.671093171,9243,36031,3172.6259999999997,11362.428,6751.053,8936.1799668018,10218.807,2939146.298171361
0.22,0.391,215.9,0.2326667597,49965,0.191754228,0.104,0.308,6466,1575.0,2440.0,153,58709.0,14895.0,79.070250332,8898,36033,5196.36,19536.315000000002,10992.3,11625.194648410501,15389.22,3950745.05783838
0.229,0.322,311.0,0.2073279422,52812,0.1995379838,0.095,0.304,7417,1940.0,3413.0,123,55405.0,19998.0,77.497239464,10928,36035,5017.14,17005.464,12093.948,10949.4032834664,16054.848,4092784.210572768
0.191,0.334,263.6,0.2187319374,56994,0.2025651823,0.086,0.279,8825,2129.0,2128.0,93,62641.0,23464.0,77.77734383,11261,36037,4901.4839999999995,19035.996000000003,10885.854,12466.4080401756,15901.326000000001,4432841.934247021
0.198,0.342,294.6,0.221872203,47177,0.1614134006,0.091,0.3,5692,1683.0,1285.0,43,60163.0,16052.0,78.712675787,10904,36039,4293.107,16134.534000000001,9341.046,10467.264920931,14153.1,3713427.905603299
0.219,0.328,,0.2201181662,4345,0.1284234753,0.091,0.297,400,169.0,88.0,3,56253.0,1578.0,79.812713428,1447,36041,395.395,1425.16,951.555,956.413432139,1290.465,346786.23984466
0.209,0.343,260.9,0.2127647522,60945,0.2034785462,0.092,0.277,8115,2250.0,2278.0,48,59893.0,22645.0,79.236915003,13240,36043,5606.94,20904.135000000002,12737.505,12966.947822828999,16881.765000000003,4829093.784857835
0.204,0.335,748.4,0.1972688209,108095,0.2388084555,0.097,0.299,20264,3753.0,6039.0,254,57570.0,40034.0,77.816473298,15874,36045,10485.215,36211.825000000004,22051.379999999997,21323.7731951855,32320.405,8411571.68114731
0.14,0.259,902.6,0.1870589783,2538934,0.2257049612,0.11,0.297,578662,144278.0,178872.0,6449,70390.0,216003.0,80.716933464,376413,36047,279282.74,657583.9060000001,355450.76,474930.40001113224,754063.3979999999,204934966.74748737
0.204,0.374,190.1,0.2136465193,26187,0.2269828541,0.09,0.292,3448,874.0,900.0,58,57897.0,9121.0,79.806851698,5151,36049,2356.83,9793.938,5342.147999999999,5594.7614009091,7646.603999999999,2089902.025415526
0.189,0.321,267.0,0.222106503,62398,0.1743805891,0.085,0.274,8412,2104.0,2480.0,82,60947.0,22999.0,79.992910547,11979,36051,5303.83,20029.758,11793.222,13859.001574194,17097.052,4991397.6323117055
0.192,0.343,305.9,0.229781296,70478,0.1883992168,0.08,0.263,9053,2529.0,2363.0,149,64379.0,26235.0,80.766075657,13802,36053,5638.24,24173.954,13531.776,16194.526179487999,18535.714,5692231.480154046
0.176,0.318,780.2,0.1858077467,740900,0.2047901201,0.094,0.282,141603,30774.0,50433.0,2320,61358.0,282139.0,79.307275923,135770,36055,69644.6,235606.2,130398.4,137664.95953003,208933.8,58758760.731350705
0.21,0.363,306.8,0.1993147975,49170,0.2289200732,0.108,0.316,7068,1934.0,3169.0,43,52482.0,17202.0,77.123303878,9585,36057,5310.36,17848.71,10325.699999999999,9800.308593075,15537.72,3792152.85168126
0.121,0.265,365.5,0.2139301643,1351334,0.2144236732,0.092,0.237,246954,58907.0,45296.0,4541,122730.0,444905.0,81.947305784,250696,36059,124322.728,358103.51,163511.414,289091.1046441762,320266.158,110738180.51431584
0.114,0.218,1094.0,0.2371336889,1611989,0.1427522148,0.089,0.221,506463,82035.0,80059.0,15519,87745.0,50608.0,83.680025529,281526,36061,143467.02099999998,351413.602,183766.746,382256.8980362221,356249.569,134891280.6724672
0.209,0.319,449.2,0.2081599337,208396,0.1977245245,0.09,0.267,34421,10199.0,10972.0,290,54963.0,81543.0,77.295647805,42101,36063,18755.64,66478.32400000001,43554.763999999996,43379.697543345195,55641.732,16108103.819970781
0.196,0.323,372.2,0.2391697318,227346,0.2121568006,0.097,0.291,34486,8175.0,12007.0,424,58696.0,80593.0,77.531507432,44403,36065,22052.562,73432.758,44559.816,54374.281845802805,66157.686,17626478.08863547
0.173,0.323,648.0,0.2406041208,459214,0.2109038488,0.086,0.277,81278,18446.0,27892.0,1336,63963.0,168616.0,78.982443465,82947,36067,39492.403999999995,148326.122,79444.022,110488.7807290512,127202.278,36269843.79333651
0.165,0.315,287.9,0.2261620145,110091,0.1955473199,0.078,0.245,17751,3954.0,4970.0,267,62777.0,43589.0,80.084822964,23563,36069,8587.098,34678.665,18165.015,24898.4023383195,26972.295,8816618.244929723
0.154,0.32,457.5,0.1857092528,385234,0.255128052,0.095,0.302,57506,15308.0,16055.0,988,78724.0,129755.0,79.469613204,56368,36071,36597.23,123274.88,59326.036,71541.5182931552,116340.66799999999,30614396.973029736
0.214,0.32,374.2,0.2120357409,39978,0.1873030167,0.096,0.313,5175,1433.0,1903.0,26,57318.0,13346.0,77.526410614,7707,36073,3837.888,12792.960000000001,8555.292,8476.7648497002,12513.114,3099350.843526492
0.214,0.375,288.6,0.2176276849,116346,0.208000275,0.093,0.285,15792,4660.0,6348.0,179,58439.0,43526.0,77.861445227,20359,36075,10820.178,43629.75,24898.043999999998,25320.1106273754,33158.61,9058867.706380542
0.195,0.303,458.9,0.234613396,58701,0.155840616,0.087,0.255,7921,1921.0,1979.0,123,58417.0,20736.0,79.562467649,13002,36077,5106.987,17786.403,11446.695,13772.040958596,14968.755000000001,4670396.413463949
0.135,0.269,216.6,0.2329970864,98532,0.193206268,0.079,0.228,15381,3785.0,2912.0,386,104285.0,37025.0,82.188921151,18327,36079,7784.028,26505.108,13301.820000000002,22957.6689171648,22465.296000000002,8098238.778850332
0.124,0.251,657.1,0.1550499164,2225821,0.1994845947,0.123,0.322,452776,137723.0,112459.0,4118,78847.0,351625.0,81.814663426,377297,36081,273775.983,558681.071,276001.804,345113.3599713644,716714.362,182104795.96152273
0.175,0.312,470.7,0.2292568101,158108,0.1921787639,0.084,0.26,29824,5640.0,7556.0,283,71457.0,62513.0,78.802326973,28589,36083,13281.072,49329.696,27668.899999999998,36247.335731290805,41108.08,12459278.313047085
0.155,0.298,401.6,0.1744267666,475327,0.2166192958,0.098,0.304,86783,22456.0,21874.0,1187,81003.0,118976.0,79.774472606,80934,36085,46582.046,141647.446,73675.685,82909.7516876782,144499.408,37918960.74039216
0.134,0.283,368.6,0.1713659641,326225,0.287510154,0.099,0.26,47483,12356.0,11580.0,968,94874.0,100845.0,81.361520072,52501,36087,32296.275,92321.67499999999,43714.15,55903.861638522496,84818.5,26542161.8854882
0.213,0.346,287.7,0.2206208374,107185,0.1996174838,0.098,0.301,13971,3501.0,4078.0,233,51526.0,33281.0,78.656361518,19691,36089,10504.130000000001,37086.009999999995,22830.405,23647.244456719,32262.684999999998,8430782.109306829
0.15,0.298,218.0,0.2441181089,230298,0.1941701621,0.074,0.225,43964,7980.0,6992.0,458,83427.0,97944.0,81.348809171,44681,36091,17042.052,68628.804,34544.7,56219.9122434522,51817.05,18734468.054462958
0.172,0.343,558.9,0.2174136927,155358,0.2155666268,0.092,0.255,26956,6202.0,9241.0,387,66292.0,56273.0,78.735753159,27816,36093,14292.936,53287.794,26721.575999999997,33776.9564704866,39616.29,12232229.139275922
0.193,0.346,251.6,0.219486886,31132,0.1742901195,0.088,0.283,3999,1028.0,1252.0,44,59744.0,10979.0,79.961361634,7302,36095,2739.616,10771.671999999999,6008.476000000001,6833.065734952,8810.356,2489357.110389688
0.21,0.33,202.2,0.2178816427,17685,0.1869380831,0.09,0.293,2244,689.0,361.0,33,54269.0,6217.0,78.912972903,4001,36097,1591.6499999999999,5836.05,3713.85,3853.2368511494997,5181.705,1395575.9257895548
0.208,0.312,235.2,0.213345199,33991,0.2010238004,0.092,0.289,4359,1244.0,854.0,66,56929.0,11876.0,77.653786829,6878,36099,3127.172,10605.192,7070.128,7251.816659209,9823.399,2639529.868104539
0.212,0.329,316.6,0.1999613558,94657,0.2135816686,0.091,0.281,14116,3430.0,4835.0,199,54794.0,33925.0,78.203984672,19364,36101,8613.787,31142.153000000002,20067.284,18927.7420559606,26598.617000000002,7402554.577097504
0.137,0.265,363.7,0.2172324173,1474273,0.2073910327,0.083,0.266,241435,64951.0,55233.0,4320,109084.0,576907.0,80.120900775,261770,36103,122364.659,390682.34500000003,201975.401,320259.8875501229,392156.618,118120080.74826157
0.187,0.338,375.2,0.2045237366,75802,0.2124218358,0.102,0.308,9704,3157.0,3991.0,148,63915.0,26068.0,77.348097889,14797,36105,7731.803999999999,25621.076,14174.974,15503.308281753201,23347.016,5863140.516181978
0.197,0.307,257.2,0.2291997979,47904,0.2045966934,0.083,0.267,6708,1732.0,1884.0,75,62400.0,18417.0,79.696906417,10272,36107,3976.032,14706.528,9437.088,10979.5871186016,12790.368,3817800.604999968
0.152,0.271,504.0,0.1971024318,101058,0.1454907083,0.085,0.24,19274,2962.0,4176.0,418,65308.0,28559.0,81.300428674,15769,36109,8589.93,27386.718,15360.815999999999,19918.7775528444,24253.92,8216058.720937092
0.168,0.305,340.7,0.2275086351,177716,0.1733721218,0.089,0.271,27781,6901.0,7549.0,665,66060.0,62798.0,79.743856332,37173,36111,15816.723999999998,54203.38,29856.288,40431.9245954316,48161.036,14171759.171897711
0.168,0.328,225.2,0.2338975989,63756,0.1793086141,0.078,0.256,10008,2593.0,2809.0,260,67359.0,26038.0,78.889710673,15036,36113,4972.968,20911.968,10711.008,14912.3753154684,16321.536,5029692.393667787
0.199,0.315,192.8,0.2201887556,60606,0.1837276837,0.089,0.278,8086,1954.0,2578.0,91,60973.0,22400.0,78.283915807,12482,36115,5393.934,19090.89,12060.594000000001,13344.7597218936,16848.468,4744475.001399042
0.192,0.317,343.6,0.2197551512,89339,0.211285105,0.087,0.278,12719,3172.0,3672.0,101,62329.0,35532.0,78.654620247,17871,36117,7772.4929999999995,28320.463,17153.088,19632.7054530568,24836.242000000002,7026925.118246732
0.107,0.262,446.6,0.186974343,965802,0.2153112129,0.089,0.249,173438,40187.0,42939.0,4130,103340.0,261280.0,82.405727413,172471,36119,85956.378,253040.124,103340.814,180580.194418086,240484.698,79587616.34693022
0.199,0.328,165.6,0.2252680775,39465,0.1847206385,0.089,0.277,5916,1336.0,1329.0,91,59612.0,15078.0,78.880360823,7558,36121,3512.3849999999998,12944.52,7853.535000000001,8890.2046785375,10931.805,3113013.439879695
0.2,0.295,144.5,0.213512815,24780,0.2223567393,0.09,0.282,2570,752.0,1262.0,29,57057.0,7669.0,77.723896043,5400,36123,2230.2,7310.099999999999,4956.0,5290.8475557,6987.959999999999,1925998.1439455398
0.1886418403,0.34,669.9,0.165439424,10600823,0.2175680134,0.105,0.259,1839005,363458.0,627983.0,29197,59616.0,3831343.0,77.677784828,1814542,37000,1113086.415,3604279.8200000003,1999758.759414567,1753794.0510459521,2745613.157,823448447.9937135
0.194,0.379,602.3,0.1698532223,171346,0.2188612515,0.116,0.3,24534,5832.0,10193.0,270,53220.0,66012.0,76.804357189,29790,37001,19876.136000000002,64940.134,33241.124,29103.6702282158,51403.799999999996,13160119.386906395
0.224,0.333,194.7,0.1801988053,37441,0.1959082289,0.102,0.292,4041,1317.0,1794.0,21,53523.0,13615.0,76.950638416,7809,37003,3818.982,12467.853000000001,8386.784,6746.8234692373,10932.771999999999,2881108.852933456
0.237,0.35,206.5,0.1731237486,11194,0.1669644452,0.119,0.322,1140,307.0,420.0,27,39916.0,3668.0,77.311390845,3221,37005,1332.086,3917.8999999999996,2652.978,1937.9472418284,3604.4680000000003,865423.70911893
0.242,0.395,969.5,0.1615394874,24097,0.1996514089,0.141,0.341,2988,805.0,2133.0,21,40818.0,8436.0,73.445692465,4794,37007,3397.6769999999997,9518.315,5831.474,3892.6170278777995,8217.077000000001,1769820.8513291047
0.217,0.34,102.9,0.1917309592,27166,0.1697710373,0.1,0.273,3817,786.0,1196.0,44,44543.0,9549.0,78.160449477,7383,37009,2716.6000000000004,9236.44,5895.022,5208.5632376272,7416.318,2123306.770492182
0.229,0.35,176.6,0.191531452,17571,0.1495077116,0.106,0.288,2548,462.0,417.0,80,50800.0,4916.0,77.54941007,4036,37011,1862.5259999999998,6149.849999999999,4023.759,3365.399143092,5060.447999999999,1362620.68433997
0.213,0.374,629.9,0.1646187494,47073,0.1947613281,0.119,0.293,6022,1228.0,3414.0,76,50253.0,16812.0,75.918053802,11837,37013,5601.687,17605.302,10026.548999999999,7749.098390506199,13792.389,3573690.546621546
0.245,0.424,643.9,0.1498908192,18712,0.1717079949,0.152,0.348,2076,486.0,1652.0,10,41889.0,5460.0,75.607718212,4578,37015,2844.2239999999997,7933.888,4584.44,2804.7570088704,6511.776,1414771.6231829438
0.242,0.389,525.6,0.1524701251,32911,0.2015435569,0.137,0.333,4045,1046.0,2498.0,26,43664.0,10085.0,74.653444764,7749,37017,4508.807000000001,12802.379,7964.4619999999995,5017.9442871660995,10959.363000000001,2456919.520628004
0.187,0.323,323.5,0.1891613652,149039,0.1435731587,0.095,0.247,15624,4605.0,5631.0,147,64371.0,42536.0,79.208326992,49876,37019,14158.705,48139.597,27870.293,28192.4207080428,36812.633,11805129.846560687
0.171,0.278,475.1,0.1884438182,263477,0.1802244598,0.091,0.229,51373,11366.0,10381.0,1885,66156.0,98146.0,78.395526373,55508,37021,23976.407,73246.606,45054.567,49650.6118878814,60336.233,20655418.10217892
0.232,0.36,389.0,0.1689878174,90418,0.181324515,0.11,0.294,11705,2869.0,4122.0,265,48729.0,33281.0,76.485345042,19319,37023,9945.98,32550.48,20976.976000000002,15279.5404736732,26582.892,6915651.928007556
0.17,0.359,542.8,0.1799469955,221479,0.2526379476,0.099,0.253,39758,7571.0,11400.0,639,79736.0,82796.0,78.443265056,30228,37025,21926.421000000002,79510.961,37651.43,39854.4806163445,56034.187,17373535.901337825
0.238,0.356,391.8,0.1785370261,82100,0.1978684531,0.111,0.298,9846,2823.0,3945.0,63,50235.0,29251.0,75.381342522,17217,37027,9113.1,29227.6,19539.8,14657.88984281,24465.8,6188808.2210562
0.207,0.321,230.1,0.1963001801,10984,0.222596504,0.099,0.259,1515,251.0,647.0,4,72135.0,3791.0,79.582465591,1877,37029,1087.416,3525.864,2273.688,2156.1611782184,2844.856,874133.8020515441
0.188,0.332,333.9,0.2044582046,69558,0.1680899393,0.091,0.254,10288,1947.0,2441.0,119,63475.0,25769.0,77.06238641,18421,37031,6329.778,23093.256,13076.904,14221.7037955668,17667.732,5360305.473906781
0.227,0.374,424.7,0.1753077915,22443,0.1837098427,0.121,0.309,2615,752.0,1205.0,9,48070.0,7933.0,75.550037007,5223,37033,2715.603,8393.682,5094.561000000001,3934.4327646345,6934.887,1695569.480548101
0.204,0.357,429.3,0.1690692341,160307,0.2175388473,0.106,0.282,23116,6220.0,9021.0,380,52737.0,61591.0,76.721504081,29884,37035,16992.542,57229.598999999995,32702.627999999997,27102.9817108687,45206.57399999999,12298994.154712869
0.159,0.314,307.5,0.181489174,75748,0.1950942599,0.093,0.229,9418,1910.0,3235.0,110,74747.0,24698.0,80.494132,19319,37037,7044.564,23784.872,12043.932,13747.441952152,17346.292,6097269.510736
0.228,0.33,160.8,0.1847400686,29073,0.1610772882,0.103,0.276,3359,868.0,1137.0,41,44449.0,8398.0,76.333030435,9092,37039,2994.519,9594.09,6628.644,5370.9480144078,8024.148000000001,2219230.193836755
0.214,0.375,595.3,0.1705541661,13815,0.1929062613,0.119,0.3,1842,336.0,1108.0,16,45365.0,4595.0,75.62529573,3609,37041,1643.985,5180.625,2956.41,2356.2058046714997,4144.5,1044763.4605099501
0.211,0.331,240.4,0.1887736406,11505,0.1621034333,0.098,0.274,1263,301.0,279.0,17,44052.0,3322.0,78.076738719,3753,37043,1127.49,3808.155,2427.555,2171.840735103,3152.3700000000003,898272.878962095
0.234,0.371,642.2,0.1698982184,99035,0.2208714091,0.12,0.302,12712,3801.0,8009.0,144,49041.0,33850.0,73.757172185,18889,37045,11884.199999999999,36741.985,23174.190000000002,16825.870059244,29908.57,7304541.547341475
0.245,0.382,567.5,0.1568849842,54754,0.2064141433,0.135,0.337,6567,1839.0,3737.0,79,40712.0,17107.0,73.489532335,11528,37047,7391.790000000001,20916.028000000002,13414.73,8590.080424886799,18452.098,4023845.8534705904
0.192,0.335,768.6,0.1824987273,101233,0.2145545425,0.111,0.275,16201,2699.0,5673.0,257,53960.0,36339.0,75.668502407,20560,37049,11236.863,33913.055,19436.736,18474.8936607609,27839.075,7660149.5041678315
0.195,0.352,1292.7,0.1702762031,336364,0.2481627047,0.131,0.305,68836,12001.0,29332.0,1275,49160.0,120825.0,75.659337914,42529,37051,44063.684,118400.128,65590.98,57274.784779528396,102591.02,25449077.538104698
0.19,0.321,165.7,0.1960602577,29052,0.2181261187,0.091,0.244,4815,875.0,1209.0,15,73433.0,11157.0,78.139330797,5047,37053,2643.732,9325.692000000001,5519.88,5695.9426067004,7088.688,2270103.838314444
0.167,0.305,181.0,0.2025354962,37547,0.1852345061,0.087,0.219,5609,1912.0,1353.0,70,72962.0,14109.0,78.926912619,8723,37055,3266.589,11451.835,6270.349,7604.6002758214,8222.793,2963468.788105593
0.223,0.377,408.7,0.1823284224,169234,0.2158017892,0.109,0.292,23464,5605.0,9084.0,184,56067.0,60822.0,75.765448103,31947,37057,18446.506,63801.218,37739.182,30856.168236441597,49416.327999999994,12822089.844263101
0.198,0.322,336.1,0.1862721843,43286,0.2073187636,0.097,0.262,5317,1370.0,1856.0,32,65418.0,16294.0,78.372758545,9544,37059,4198.742,13938.092,8570.628,8062.9777696098,11340.932,3392443.2263788697
0.228,0.39,558.4,0.1516805377,58794,0.2370309896,0.144,0.353,7121,1392.0,4583.0,39,49755.0,19862.0,77.76042458,11716,37061,8466.336,22929.66,13405.032000000001,8917.9055335338,20754.282,4571846.402756521
0.152,0.344,908.0,0.1636574856,327306,0.2009434596,0.108,0.267,76970,11118.0,20560.0,2184,65619.0,121521.0,79.962184498,46245,37063,35349.048,112593.264,49750.511999999995,53566.0769817936,87390.702,26172102.75930239
0.246,0.405,1231.7,0.1527670628,50829,0.2231796809,0.153,0.361,6033,2191.0,5495.0,33,45156.0,16916.0,71.92345437,10768,37065,7776.8369999999995,20585.745000000003,12503.934,7764.997035061199,18349.269,3655797.26217273
0.179,0.369,800.2,0.1682268202,383843,0.2260872284,0.113,0.267,64754,13700.0,26834.0,1248,56158.0,140887.0,77.717301264,64463,37067,43374.259,141638.067,68707.897,64572.68734602859,102486.081,29831242.06907755
0.209,0.357,480.7,0.1771430495,71859,0.2148373899,0.115,0.298,10388,2120.0,3480.0,80,54868.0,25520.0,77.407375778,12751,37069,8263.785,25653.663,15018.530999999999,12729.3223940205,21413.982,5562416.616031302
0.211,0.343,730.4,0.1646097925,226568,0.2230147241,0.11,0.296,35802,8782.0,13876.0,613,60622.0,86178.0,75.059290808,37720,37071,24922.48,77712.82400000001,47805.848,37295.311467139996,67064.128,17006033.399786945
0.217,0.362,415.2,0.1779660352,11464,0.1949581298,0.115,0.288,1173,290.0,589.0,1,57680.0,4263.0,75.966838188,2527,37073,1318.3600000000001,4149.968,2487.688,2040.2026275328,3301.6319999999996,870883.832987232
0.247,0.35,201.4,0.1812275811,8474,0.1994335615,0.109,0.304,1087,305.0,384.0,8,42057.0,2816.0,76.190058772,2145,37075,923.666,2965.8999999999996,2093.078,1535.7225222414002,2576.096,645634.558033928
0.206,0.357,678.3,0.1730496756,60486,0.2037826935,0.117,0.292,9219,1734.0,3825.0,225,53112.0,22234.0,77.675735896,10941,37077,7076.862,21593.502,12460.116,10467.0826783416,17661.912,4698294.561405457
0.236,0.418,840.1,0.1621547889,20928,0.200831422,0.143,0.346,2936,539.0,1711.0,8,47605.0,6945.0,76.856243296,3715,37079,2992.7039999999997,8747.904,4939.008,3393.5754220992003,7241.088,1608447.459698688
0.187,0.345,981.8,0.1686232465,540521,0.2207610805,0.112,0.275,99136,22064.0,39589.0,1677,55577.0,202300.0,77.762707478,86182,37081,60538.352,186479.745,101077.427,91144.4058214265,148643.27500000002,42032376.40871604
0.262,0.434,885.8,0.1469582777,49479,0.2123931365,0.156,0.363,5684,1844.0,5309.0,82,41098.0,14885.0,72.875219236,10954,37083,7718.724,21473.886,12963.498000000001,7271.3486223183,17960.877,3605792.9725780445
0.196,0.367,572.9,0.1637108049,137058,0.2549212742,0.116,0.281,25776,3957.0,9016.0,132,55586.0,48406.0,76.452233906,18323,37085,15898.728000000001,50300.286,26863.368000000002,22437.8754979842,38513.298,10478390.27468855
0.198,0.332,277.6,0.1915222838,62972,0.1789049101,0.095,0.243,9027,2160.0,2603.0,242,50492.0,22225.0,76.47637484,16083,37087,5982.34,20906.704,12468.456,12060.5412554536,15302.196,4815870.276424481
0.176,0.318,270.8,0.1910195678,118445,0.1860357128,0.091,0.243,15932,3618.0,4830.0,257,60550.0,43278.0,79.029729604,31646,37089,10778.494999999999,37665.51,20846.32,22625.312708071,28782.135,9360676.32294578
0.235,0.434,658.9,0.1547442229,23108,0.1828371127,0.152,0.337,2890,627.0,2093.0,50,46632.0,7077.0,74.720010291,5008,37091,3512.4159999999997,10028.872,5430.38,3575.8295027732,7787.396000000001,1726629.9978044278
0.214,0.402,762.2,0.164082169,55830,0.2674189504,0.138,0.32,10870,1710.0,3863.0,89,53728.0,18304.0,75.393055341,6083,37093,7704.540000000001,22443.66,11947.619999999999,9160.70749527,17865.600000000002,4209194.27968803
0.24,0.395,121.5,0.1740171477,4843,0.1614701631,0.134,0.34,749,183.0,113.0,1,45548.0,1499.0,75.622143275,1135,37095,648.962,1912.9850000000001,1162.32,842.7650463111,1646.6200000000001,366238.039880825
0.188,0.325,412.5,0.1879201701,185770,0.2249179092,0.098,0.261,29843,6519.0,8967.0,407,61892.0,68933.0,77.913308756,30546,37097,18205.46,60375.25,34924.76,34909.929999477004,48485.97,14473955.367602121
0.205,0.351,630.4,0.1892365236,44033,0.1634910181,0.104,0.263,5563,1499.0,1862.0,200,49488.0,14583.0,78.016354778,9070,37099,4579.432,15455.582999999999,9026.765,8332.651843678801,11580.679,3435294.1499396735
0.193,0.342,454.8,0.1733103026,216246,0.2498959518,0.109,0.285,35611,6241.0,10815.0,221,63882.0,79336.0,77.703484717,30341,37101,23570.814,73956.13200000001,41735.478,37477.6596960396,61630.10999999999,16803067.75611238
0.246,0.384,509.6,0.1582514629,9250,0.1807567568,0.137,0.341,1000,242.0,644.0,4,44972.0,3094.0,75.574859001,2247,37103,1267.25,3552.0,2275.5,1463.826031825,3154.2500000000005,699067.44575925
0.196,0.349,530.9,0.1743751366,62353,0.2388497747,0.119,0.303,9292,2071.0,4004.0,117,57025.0,22579.0,76.250058239,10785,37105,7420.007,21761.197,12221.188,10872.8128924198,18892.959,4754419.881376367
0.241,0.404,984.8,0.1522878826,55720,0.2226848528,0.14,0.344,6827,1708.0,4635.0,84,40586.0,18828.0,73.619946997,11650,37107,7800.800000000001,22510.88,13428.52,8485.480818472,19167.679999999997,4102103.44667284
0.193,0.335,336.8,0.1835410915,88097,0.2064656004,0.096,0.255,12231,2852.0,3293.0,64,56183.0,33350.0,77.011165604,16668,37109,8457.312,29512.495000000003,17002.721,16169.4195378755,22464.735,6784452.656215588
0.232,0.337,369.4,0.1805780955,45782,0.1954698353,0.105,0.296,6366,1432.0,2393.0,85,47579.0,15935.0,76.699049965,9823,37111,4807.11,15428.534000000001,10621.424,8267.226368181,13551.472,3511435.90549763
0.202,0.333,206.4,0.1856739326,35994,0.1819747736,0.097,0.28,4065,1033.0,1571.0,87,51973.0,11667.0,78.415891873,10588,37113,3491.418,11986.002,7270.7880000000005,6683.1475300044,10078.320000000002,2822501.612076762
0.209,0.316,312.6,0.1859382266,21740,0.1718031279,0.094,0.268,3113,661.0,583.0,38,49373.0,7602.0,76.663503466,5085,37115,2043.56,6869.84,4543.66,4042.2970462840003,5826.320000000001,1666664.5653508399
0.233,0.377,828.9,0.1568993408,22178,0.2011903688,0.136,0.317,2682,617.0,1849.0,23,42264.0,7695.0,73.951043461,5527,37117,3016.208,8361.106,5167.474,3479.7135802624002,7030.426,1640086.241878058
0.149,0.287,876.9,0.1993257071,1128945,0.2291395949,0.103,0.223,268580,47927.0,74719.0,3756,72340.0,418422.0,79.989319305,133309,37119,116281.33499999999,324007.21499999997,168212.805,225027.7604020095,251754.73500000002,90303542.08278322
0.212,0.344,247.3,0.1865516959,14881,0.1800954237,0.1,0.282,2120,459.0,655.0,16,49236.0,5183.0,74.726442966,3867,37121,1488.1000000000001,5119.063999999999,3154.772,2776.0757866879003,4196.442,1112004.197777046
0.213,0.364,485.8,0.171593654,27238,0.2141860636,0.119,0.312,2746,755.0,1251.0,37,48522.0,9275.0,75.516538362,5875,37123,3241.3219999999997,9914.632,5801.6939999999995,4673.867947652,8498.256,2056919.4719041563
0.172,0.31,413.4,0.1885363618,103352,0.2146354207,0.095,0.237,16765,2938.0,4588.0,243,69413.0,34804.0,79.071050189,25155,37125,9818.44,32039.12,17776.543999999998,19485.6100647536,24494.424,8172151.179133529
0.211,0.352,797.5,0.1586023152,94859,0.2167954543,0.125,0.3,11884,3539.0,6376.0,127,49883.0,34832.0,75.094136503,18188,37127,11857.375,33390.367999999995,20015.249,15044.8570175568,28457.7,7123354.694538077
0.169,0.317,546.8,0.199188541,236613,0.1790899063,0.095,0.23,45914,8761.0,11631.0,1119,65615.0,89347.0,79.089631387,44982,37129,22478.235,75006.321,39987.597,47130.598251633,54420.990000000005,18713634.95137223
0.246,0.417,939.3,0.1505517198,19088,0.1757648785,0.148,0.343,2270,550.0,1400.0,15,41630.0,5811.0,75.892661372,5380,37131,2825.024,7959.696,4695.648,2873.7312275424,6547.184,1448639.120268736
0.193,0.352,1175.6,0.1902519748,203943,0.2397679744,0.11,0.289,39773,4623.0,9932.0,507,52885.0,73489.0,76.213072799,19897,37133,22433.73,71787.936,39360.999,38800.5584966364,58939.526999999995,15543122.705846457
0.141,0.298,497.1,0.1826241974,149077,0.1904519141,0.091,0.214,29440,4172.0,5518.0,1059,82732.0,45839.0,82.125480066,22844,37135,13566.007,44424.945999999996,21019.856999999996,27225.0674757998,31902.478,12243020.191799082
0.216,0.363,408.6,0.179008151,12715,0.1497443964,0.114,0.285,1496,295.0,390.0,14,50481.0,3762.0,76.30600658,3898,37137,1449.51,4615.545,2746.44,2276.088639965,3623.7749999999996,970230.8736647001
0.211,0.376,723.2,0.1797908955,40372,0.2174031507,0.122,0.298,6121,1211.0,2865.0,91,56654.0,14121.0,74.887505599,7225,37139,4925.384,15179.872,8518.492,7258.518033126,12030.856,3023358.376042828
0.19,0.339,318.7,0.1933053824,64671,0.2200677274,0.103,0.268,9257,1844.0,3071.0,78,59812.0,22132.0,77.236270808,12158,37141,6661.112999999999,21923.469,12287.49,12501.2523851904,17331.828,4994946.869424168
0.213,0.356,401.1,0.1827556835,13667,0.1872393356,0.11,0.279,1717,324.0,826.0,6,50813.0,4489.0,76.514630802,3868,37143,1503.3700000000001,4865.451999999999,2911.071,2497.7219263945,3813.0930000000003,1045725.459170934
0.221,0.375,516.6,0.1750496161,39925,0.2029805886,0.116,0.297,5675,1332.0,2222.0,40,58991.0,15451.0,75.90327628,8231,37145,4631.3,14971.875,8823.425,6988.8559227925,11857.724999999999,3030438.305479
0.192,0.39,1240.4,0.1733653552,182924,0.2101091164,0.124,0.297,32714,5946.0,14452.0,729,49955.0,66476.0,77.540487594,26036,37147,22682.576,71340.36,35121.408,31712.684234604796,54328.428,14184016.152644856
0.185,0.326,149.6,0.1932673258,21030,0.1548739895,0.094,0.247,2334,556.0,573.0,37,58607.0,7070.0,79.279877822,6824,37149,1976.82,6855.780000000001,3890.5499999999997,4064.411861574,5194.41,1667255.83059666
0.218,0.372,399.5,0.1753811026,144557,0.2206119385,0.11,0.306,17888,4725.0,7081.0,154,48849.0,53601.0,74.997843118,26606,37151,15901.27,53775.204,31513.426,25352.5660485482,44234.442,10841463.207608728
0.253,0.382,968.1,0.1546991478,44332,0.2319994586,0.139,0.339,5972,1533.0,4841.0,87,42335.0,16430.0,73.140971109,8257,37153,6162.148,16934.824,11215.996000000001,6858.1226202696,15028.548,3242485.5312041882
0.287,0.441,943.2,0.1434634307,129999,0.2466480511,0.169,0.362,15152,4420.0,13459.0,275,39139.0,41170.0,71.693898268,21022,37155,21969.831000000002,57329.559,37309.712999999996,18650.1025275693,47059.638,9320135.080941731
0.229,0.366,512.0,0.1731303132,91285,0.200219094,0.117,0.303,11109,3260.0,5809.0,124,50388.0,33097.0,74.299398739,19497,37157,10680.345000000001,33410.31,20904.265,15804.200640462,27659.355,6782420.613889615
0.207,0.345,611.6,0.1687706381,142495,0.2200077196,0.112,0.295,19650,5174.0,9625.0,336,55398.0,51211.0,74.982810539,25809,37159,15959.44,49160.774999999994,29496.465,24048.9720760595,42036.024999999994,10684675.587754805
0.231,0.351,414.7,0.1659624673,67076,0.2012940545,0.11,0.299,8266,2281.0,3878.0,105,44004.0,21399.0,75.284144816,15109,37161,7378.36,23543.676,15494.556,11132.0984566148,20055.724,5049759.297678015
0.221,0.399,618.6,0.1535192666,63382,0.2429869679,0.138,0.332,7524,1661.0,4454.0,26,45387.0,21792.0,76.026017447,11874,37163,8746.716,25289.418,14007.422,9730.358155641201,21042.824,4818681.037825754
0.267,0.41,982.1,0.1542646512,34637,0.2325547825,0.148,0.341,4133,1373.0,3713.0,67,33531.0,9942.0,73.125422306,6571,37165,5126.276,14201.169999999998,9248.079,5343.264723614399,11811.217,2532845.252412922
0.217,0.357,449.0,0.1861964532,63239,0.2150729771,0.103,0.278,8664,1873.0,3166.0,142,53769.0,23681.0,75.273808363,12406,37167,6513.616999999999,22576.323,13722.863,11774.8775039148,17580.442000000003,4760240.367067757
0.23,0.342,245.7,0.1866537597,45743,0.1838751284,0.101,0.277,4906,1353.0,2388.0,24,59068.0,18314.0,76.457549022,10281,37169,4620.043000000001,15644.106000000002,10520.890000000001,8538.1029299571,12670.811000000002,3497397.6649133456
0.229,0.355,273.0,0.1726895109,71683,0.2091430325,0.11,0.294,9070,2236.0,3615.0,91,47114.0,26222.0,75.247359809,15219,37171,7885.13,25447.465,16415.407,12378.9022098447,21074.802,5393956.493188547
0.263,0.364,721.7,0.1734797135,14179,0.2213837365,0.124,0.307,1838,588.0,1273.0,47,47559.0,4917.0,70.612572772,2802,37173,1758.196,5161.156,3729.077,2459.7688577165,4352.9529999999995,1001215.6693341879
0.201,0.321,264.7,0.1932034895,34498,0.1536610818,0.095,0.255,4036,868.0,1676.0,96,56880.0,11017.0,81.013601709,10900,37175,3277.31,11073.858,6934.098000000001,6665.133980771,8796.99,2794807.231757082
0.249,0.394,348.6,0.1610945691,3774,0.1899841017,0.143,0.35,278,121.0,133.0,0,42260.0,1170.0,78.602418004,845,37177,539.6819999999999,1486.9560000000001,939.726,607.9709037834,1320.8999999999999,296645.525547096
0.177,0.307,451.5,0.184989651,244562,0.2602325791,0.095,0.244,37994,7247.0,9830.0,311,90920.0,90394.0,80.046534721,32536,37179,23233.39,75080.534,43287.473999999995,45241.439027862,59673.128,19576340.6244372
0.243,0.413,1129.4,0.1536177628,44718,0.2350731249,0.147,0.357,5138,1731.0,4575.0,96,41935.0,14945.0,73.262624026,8680,37181,6573.545999999999,18468.534,10866.474,6869.4791168904,15964.326,3276158.021194668
0.126,0.284,572.9,0.2066648947,1132271,0.2331182199,0.088,0.202,263642,37598.0,53956.0,3799,88763.0,432208.0,81.639840231,141073,37183,99639.848,321564.964,142666.146,234000.66698686368,228718.74200000003,92438423.5381946
0.246,0.417,653.8,0.157846839,19522,0.1753918656,0.148,0.343,1926,641.0,1892.0,14,42808.0,5977.0,75.543425746,5292,37185,2889.256,8140.674,4802.412,3081.485990958,6696.046,1474758.757413412
0.242,0.405,699.5,0.1598724997,11485,0.2001741402,0.141,0.341,1056,358.0,1327.0,11,38704.0,3285.0,74.98581998,3048,37187,1619.3849999999998,4651.425,2779.37,1836.1356590545001,3916.385,861212.1424703001
0.193,0.324,334.7,0.1815856194,56441,0.1247674563,0.103,0.258,8709,1736.0,1229.0,240,54004.0,19392.0,81.2484415,9734,37189,5813.423,18286.884000000002,10893.113,10248.8739445554,14561.778,4585743.2867014995
0.211,0.351,753.7,0.1653023757,123967,0.2367888228,0.128,0.312,19086,3278.0,9441.0,275,52906.0,44610.0,74.672446089,21361,37191,15867.776,43512.416999999994,26157.037,20492.0396084019,38677.704,9256919.124315064
0.233,0.33,273.3,0.1700911878,68043,0.2003732934,0.107,0.299,8504,1939.0,3068.0,141,46830.0,23979.0,75.960096694,15470,37193,7280.601,22454.190000000002,15854.019,11573.514691475399,20344.857,5168552.859349842
0.225,0.389,1078.2,0.1530831658,81979,0.2276924578,0.136,0.345,10218,3062.0,6726.0,155,44089.0,28381.0,75.216399542,15693,37195,11149.144,31889.831000000002,18445.275,12549.604849118201,28282.754999999997,6166165.218053618
0.223,0.353,207.1,0.1813119054,37625,0.20510299,0.109,0.292,4849,1231.0,1637.0,34,53154.0,13780.0,75.747118978,7847,37197,4101.125,13281.625,8390.375,6821.860440675,10986.5,2849985.35154725
0.22,0.34,171.6,0.1854158407,18099,0.180396707,0.102,0.285,1997,540.0,831.0,38,48662.0,6045.0,77.93996552,4848,37199,1846.098,6153.660000000001,3981.78,3355.8413008293,5158.214999999999,1410635.4359464801
0.1741866344,0.358,509.1,0.2411584563,765309,0.2373276676,0.082,0.279,151385,20837.0,33708.0,1620,64289.0,324230.0,78.768226897,123141,38000,62755.338,273980.622,133306.5989860296,184560.7370324967,213521.211,60282032.95831618
0.181,0.339,,0.2314453703,2188,0.1956124314,0.08,0.285,271,38.0,66.0,2,50673.0,719.0,81.109815509,636,38001,175.04,741.7320000000001,396.02799999999996,506.4024702164,623.5799999999999,177468.276333692
0.179,0.378,374.5,0.2417843705,10402,0.1946741011,0.086,0.282,1688,200.0,394.0,9,52327.0,4458.0,77.028414094,2448,38003,894.5719999999999,3931.956,1861.9579999999999,2515.041021941,2933.3639999999996,801249.563405788
0.289,0.422,1405.2,0.1936248327,6762,0.3527062999,0.139,0.39,790,157.0,1266.0,4,51189.0,1594.0,68.358323035,999,38005,939.9180000000001,2853.564,1954.2179999999998,1309.2911187174,2637.1800000000003,462238.98036267
0.174,0.355,0.0,0.23521611,890,0.2011235955,0.082,0.281,158,16.0,0.0,0,76478.0,321.0,,214,38007,72.98,315.95,154.85999999999999,209.34233790000002,250.09000000000003,
0.182,0.344,334.3,0.2397628187,6287,0.2161603308,0.082,0.295,956,159.0,187.0,1,61841.0,2299.0,77.323395088,1562,38009,515.534,2162.7279999999996,1144.234,1507.3888411669,1854.665,486132.184918256
0.178,0.36,0.0,0.2412645783,2986,0.2464835901,0.08,0.284,479,55.0,109.0,0,67067.0,1192.0,78.790117352,694,38011,238.88,1074.96,531.5079999999999,720.4160308038,848.0239999999999,235267.29041307198
0.177,0.384,,0.2486634333,2118,0.2521246459,0.082,0.294,387,54.0,94.0,0,73567.0,768.0,83.344547445,461,38013,173.67600000000002,813.312,374.88599999999997,526.6691517294,622.692,176523.75148851
0.165,0.323,457.0,0.2234458712,96212,0.2336402943,0.076,0.255,20387,2202.0,4945.0,274,72170.0,41451.0,80.307500626,16636,38015,7312.112,31076.476000000002,15874.980000000001,21498.1741598944,24534.06,7726545.250228712
0.161,0.343,554.1,0.2182531938,183904,0.2240843049,0.082,0.228,44272,4592.0,6975.0,575,61338.0,85428.0,79.922493125,23714,38017,15080.128,63079.07200000001,29608.544,40137.6353525952,41930.112,14698066.175660001
0.183,0.351,132.9,0.2359703853,3713,0.2208456773,0.083,0.277,541,66.0,128.0,2,54270.0,1357.0,81.033214111,1037,38019,308.17900000000003,1303.263,679.479,876.1580406189,1028.501,300876.32399414305
0.167,0.342,,0.2314467349,4705,0.2397449522,0.078,0.254,753,77.0,179.0,1,60682.0,1670.0,77.876375175,1034,38021,366.99,1609.1100000000001,785.735,1088.9568877045,1195.07,366408.34519837506
0.196,0.373,,0.2188100455,2277,0.2371541502,0.09,0.306,282,45.0,70.0,1,64594.0,812.0,81.237119226,575,38023,204.92999999999998,849.321,446.29200000000003,498.2304736035,696.762,184976.92047760202
0.177,0.376,158.2,0.2309394643,4465,0.2524076148,0.088,0.306,681,141.0,256.0,0,73722.0,1593.0,80.335417336,747,38025,392.91999999999996,1678.84,790.305,1031.1447080995001,1366.29,358697.63840524
0.183,0.35,,0.2331590105,2179,0.2354290959,0.087,0.313,353,57.0,57.0,0,54285.0,765.0,73.431805542,520,38027,189.57299999999998,762.65,398.757,508.05348387950005,682.027,160007.904276018
0.194,0.362,,0.2354370371,3187,0.1992469407,0.087,0.316,459,74.0,28.0,1,49972.0,1052.0,78.315387602,915,38029,277.269,1153.694,618.278,750.3378372377,1007.092,249591.140287574
0.175,0.353,124.6,0.2399084965,3165,0.2186413902,0.081,0.277,615,54.0,47.0,2,63234.0,1421.0,78.262067353,728,38031,256.365,1117.245,553.875,759.3103914225001,876.705,247699.44317224502
0.175,0.357,454.3,0.2335913747,1737,0.2043753598,0.083,0.288,257,27.0,57.0,8,57596.0,764.0,91.383249153,472,38033,144.17100000000002,620.1089999999999,303.97499999999997,405.7482178539,500.256,158732.703778761
0.159,0.357,623.5,0.2287699647,69481,0.2131661893,0.091,0.267,15232,1699.0,3096.0,251,55495.0,31763.0,78.605423088,9517,38035,6322.771,24804.717,11047.479,15895.165917320699,18551.427,5461583.401577327
0.206,0.383,,0.2269125953,2215,0.1977426637,0.092,0.323,338,33.0,50.0,5,48063.0,700.0,75.835627503,682,38037,203.78,848.345,456.28999999999996,502.61139858949997,715.445,167975.914919145
0.181,0.369,,0.2323469461,2207,0.2079746262,0.083,0.293,291,31.0,97.0,0,53751.0,802.0,79.402292377,674,38039,183.181,814.383,399.467,512.7897100427,646.651,175240.859276039
0.207,0.377,560.2,0.2257667868,2438,0.2440525021,0.089,0.315,332,55.0,59.0,0,53222.0,898.0,77.885477307,576,38041,216.982,919.126,504.666,550.4194262184,767.97,189884.793674466
0.197,0.4,0.0,0.2300938221,2458,0.2152156225,0.092,0.353,248,66.0,52.0,0,49386.0,739.0,84.404157638,666,38043,226.136,983.2,484.226,565.5706147218,867.674,207465.419474204
0.194,0.381,,0.2121909247,4033,0.2159682618,0.086,0.311,581,54.0,98.0,1,58302.0,1496.0,80.832271223,1130,38045,346.83799999999997,1536.573,782.402,855.7659993151,1254.263,325996.54984235903
0.201,0.341,,0.2423861021,1880,0.2340425532,0.082,0.306,246,27.0,15.0,0,47908.0,575.0,80.691281317,508,38047,154.16,641.08,377.88,455.685871948,575.28,151699.60887596
0.184,0.354,191.5,0.2492936867,5695,0.2361720808,0.08,0.3,997,169.0,165.0,0,59052.0,2084.0,77.489924653,1246,38049,455.6,2016.03,1047.8799999999999,1419.7275457565,1708.5,441305.120898835
0.198,0.375,,0.2100125857,2440,0.1864754098,0.092,0.316,315,36.0,39.0,0,48839.0,1025.0,79.864335491,770,38051,224.48,915.0,483.12,512.430709108,771.04,194868.97859804
0.185,0.394,426.0,0.205352609,15242,0.3239732319,0.093,0.294,2443,708.0,789.0,3,84705.0,5529.0,77.985564338,1366,38053,1417.506,6005.348,2819.77,3129.984466378,4481.148,1188655.9716397962
0.187,0.377,243.4,0.2173298462,9416,0.2214316058,0.083,0.289,1382,216.0,325.0,1,70835.0,3510.0,78.248995498,2320,38055,781.528,3549.832,1760.792,2046.3778318192,2721.2239999999997,736792.5416091679
0.183,0.354,207.6,0.2517120376,8174,0.2324443357,0.079,0.298,1344,208.0,303.0,7,79608.0,3536.0,81.911073594,1713,38057,645.746,2893.596,1495.8419999999999,2057.4941953424,2435.852,669541.115557356
0.176,0.357,449.6,0.2390736347,31503,0.232295337,0.085,0.276,6399,850.0,1077.0,11,71928.0,14848.0,78.029750651,5432,38059,2677.755,11246.571,5544.527999999999,7531.5367139541,8694.828000000001,2458171.234758453
0.208,0.43,768.1,0.2424547666,10502,0.274900019,0.101,0.315,1796,354.0,708.0,6,68465.0,3635.0,70.422494346,1251,38061,1060.702,4515.86,2184.4159999999997,2546.2599588332,3308.13,739577.035621692
0.18,0.38,243.1,0.2479843962,2789,0.1957690929,0.086,0.281,454,63.0,76.0,0,53008.0,1017.0,78.488700209,755,38063,239.85399999999998,1059.82,502.02,691.6284810018001,783.7090000000001,218904.98488290102
0.178,0.37,,0.2419219532,1926,0.2455867082,0.081,0.283,282,46.0,122.0,0,66708.0,688.0,87.1082819,461,38065,156.006,712.62,342.828,465.9416818632,545.058,167770.55093939998
0.188,0.379,176.4,0.2562275677,6658,0.2096725743,0.083,0.283,994,196.0,176.0,2,61595.0,2536.0,79.500010056,1657,38067,552.614,2523.382,1251.704,1705.9631457466,1884.2139999999997,529311.066952848
0.198,0.404,125.8,0.2446944466,3928,0.2194501018,0.089,0.304,624,73.0,167.0,1,50827.0,1678.0,80.877830512,974,38069,349.592,1586.912,777.744,961.1597862448,1194.112,317688.11825113604
0.177,0.379,477.5,0.2438411214,11388,0.2362135581,0.085,0.289,1938,256.0,584.0,50,57984.0,4497.0,76.848032891,2362,38071,967.98,4316.052,2015.676,2776.8626905032,3291.1319999999996,875145.398562708
0.185,0.351,249.1,0.2297523433,5173,0.2269476126,0.085,0.298,643,118.0,106.0,2,65039.0,2109.0,76.644830725,1136,38073,439.70500000000004,1815.723,957.005,1188.5088718909,1541.5539999999999,396483.70934042503
0.173,0.396,300.8,0.2439326546,2283,0.2229522558,0.08,0.281,316,60.0,71.0,1,67054.0,864.0,78.59592564,494,38075,182.64000000000001,904.0680000000001,394.95899999999995,556.8982504518,641.523,179434.49823612
0.175,0.349,358.5,0.2566641738,16156,0.2194231245,0.085,0.284,2571,332.0,576.0,3,65530.0,6689.0,80.246676694,3112,38077,1373.26,5638.4439999999995,2827.2999999999997,4146.6663919128005,4588.303999999999,1296465.308668264
0.311,0.484,1128.7,0.2065775435,14165,0.3328626897,0.157,0.38,2298,637.0,2095.0,18,45178.0,4364.0,71.413316289,1805,38079,2223.905,6855.86,4405.315,2926.1709036774996,5382.7,1011569.6252336849
0.175,0.356,153.9,0.2612422464,3913,0.2169690774,0.078,0.289,600,121.0,212.0,0,68769.0,1569.0,80.490370334,908,38081,305.214,1393.028,684.775,1022.2409101631999,1130.857,314958.819116942
0.21,0.369,,0.2331469556,1275,0.1764705882,0.091,0.328,133,41.0,34.0,0,46424.0,346.0,,434,38083,116.02499999999999,470.47499999999997,267.75,297.26236839,418.20000000000005,
0.34,0.486,2104.0,0.1686114246,4173,0.3596932662,0.179,0.434,455,47.0,895.0,4,36182.0,931.0,65.221721729,376,38085,746.967,2028.078,1418.8200000000002,703.6154748558,1811.0819999999999,272170.24477511697
0.175,0.372,,0.2406792916,747,0.1954484605,0.083,0.289,112,12.0,9.0,0,53330.0,198.0,,198,38087,62.001000000000005,277.884,130.725,179.7874308252,215.88299999999998,
0.189,0.38,387.4,0.2225885354,32107,0.2771669729,0.084,0.295,5785,1308.0,861.0,59,66105.0,12464.0,79.80849666,4318,38089,2696.9880000000003,12200.66,6068.223,7146.6501060878,9471.564999999999,2562411.40226262
0.155,0.348,,0.2513250262,1890,0.2132275132,0.074,0.254,271,28.0,29.0,0,68163.0,689.0,85.998877688,503,38091,139.85999999999999,657.7199999999999,292.95,475.00429951800004,480.06,162537.87883032
0.193,0.354,376.7,0.230409688,20498,0.2024099912,0.084,0.324,3377,364.0,1040.0,86,59948.0,8376.0,78.940223313,4100,38093,1721.832,7256.2919999999995,3956.114,4722.937784624,6641.352,1618116.697469874
0.199,0.378,182.7,0.2274849724,2108,0.2120493359,0.091,0.315,296,32.0,50.0,7,57509.0,683.0,77.36854632,541,38095,191.828,796.824,419.492,479.5383218192,664.02,163092.89564255998
0.165,0.383,373.3,0.2427873661,7959,0.2291745194,0.079,0.271,1366,162.0,245.0,1,70384.0,3168.0,79.305103567,1622,38097,628.761,3048.297,1313.2350000000001,1932.3446467899,2156.889,631189.319289753
0.183,0.395,150.4,0.2181844671,10437,0.2310050781,0.093,0.328,1334,233.0,304.0,3,57557.0,4426.0,78.383738879,2268,38099,970.641,4122.615,1909.971,2277.1912831227,3423.3360000000002,818091.082680123
0.175,0.383,801.3,0.2288674859,68466,0.2375923816,0.088,0.28,14402,1899.0,2272.0,165,64346.0,31043.0,78.710493251,9295,38101,6025.008,26222.478,11981.55,15669.6412896294,19170.480000000003,5388992.630922967
0.182,0.358,,0.2281137485,3709,0.2070638986,0.08,0.289,495,84.0,98.0,0,56827.0,1258.0,79.355299537,1052,38103,296.72,1327.822,675.038,846.0738931865,1071.9009999999998,294328.80598273297
0.182,0.375,630.5,0.2199497611,38700,0.3001033592,0.083,0.295,7366,2205.0,1955.0,51,79483.0,15833.0,77.882747824,3527,38105,3212.1000000000004,14512.5,7043.4,8512.05575457,11416.5,3014062.3407888003
0.2175248292,0.346,559.4,0.206864749,11693217,0.2196693177,0.103,0.276,1933050,468803.0,694699.0,33813,60360.0,4481335.0,76.523935009,2097638,39000,1204401.351,4045853.0819999995,2543565.0307235364,2418914.399707533,3227327.8920000005,894810977.7541339
0.302,0.4,241.9,0.1686051595,27531,0.2400203407,0.125,0.363,3047,1013.0,1816.0,46,42342.0,8246.0,73.524076906,5161,39001,3441.375,11012.400000000001,8314.362,4641.8686461945,9993.753,2024191.3612990861
0.228,0.393,638.0,0.1728394201,101980,0.2299666601,0.117,0.34,15288,4122.0,7699.0,248,52558.0,39718.0,76.254723545,18881,39003,11931.66,40078.14,23251.440000000002,17626.164061798,34673.200000000004,7776456.707119101
0.236,0.341,205.7,0.1950782593,53362,0.2213185413,0.101,0.308,6530,1709.0,2443.0,126,55699.0,20895.0,77.286223877,10502,39005,5389.562,18196.442000000003,12593.431999999999,10409.7660727666,16435.496,4124147.478524474
0.27,0.43,379.5,0.1820946159,96513,0.2187477335,0.121,0.352,10700,3645.0,5102.0,190,51252.0,33419.0,75.224309531,19494,39007,11678.073,41500.59,26058.510000000002,17574.4976643567,33972.576,7260123.785765403
0.25,0.343,805.2,0.1975904449,65481,0.1436905362,0.118,0.316,9830,1993.0,2049.0,366,42215.0,20262.0,77.365074436,9292,39009,7726.758,22459.983,16370.25,12938.4199224969,20691.996,5065942.439143716
0.216,0.392,251.9,0.2062257036,45680,0.2397548161,0.094,0.278,6740,1701.0,1992.0,24,69468.0,19882.0,77.938260133,8776,39011,4293.92,17906.56,9866.88,9420.390140448,12699.04,3560219.72287544
0.258,0.366,279.1,0.1813848165,65932,0.188861251,0.103,0.338,9670,2918.0,2952.0,146,50626.0,25409.0,75.912457459,14354,39013,6790.995999999999,24131.112,17010.456000000002,11959.063721478,22285.016000000003,5005060.1451867875
0.244,0.37,262.5,0.1709446445,43414,0.2262634173,0.109,0.324,5358,1601.0,1920.0,71,58067.0,15226.0,74.227625948,8255,39015,4732.126,16063.18,10593.016,7421.390796322999,14066.136,3222518.152906472
0.218,0.344,398.8,0.1920340139,385648,0.2316646268,0.105,0.276,58807,14048.0,19767.0,1012,69049.0,151682.0,76.356072676,59968,39017,40493.04,132662.91199999998,84071.264,74057.5333925072,106438.84800000001,29446566.715354048
0.242,0.371,137.5,0.1931905037,26897,0.2054132431,0.103,0.302,2474,1136.0,1068.0,16,52065.0,9303.0,76.867558677,6023,39019,2770.3909999999996,9978.787,6509.074,5196.2449780189,8122.893999999999,2067506.7257352693
0.235,0.383,298.3,0.1906492451,38960,0.2203285421,0.104,0.293,4293,1421.0,2167.0,42,64142.0,14132.0,76.788486576,7378,39021,4051.8399999999997,14921.68,9155.6,7427.6945890960005,11415.279999999999,2991679.4370009596
0.249,0.408,602.6,0.1856817154,133593,0.2225790273,0.115,0.308,16987,5116.0,9318.0,236,54507.0,47992.0,73.903809749,26956,39023,15363.195000000002,54505.943999999996,33264.657,24805.7774054322,41146.644,9873031.655798158
0.231,0.361,287.8,0.1963520577,207449,0.2241996828,0.096,0.285,34072,7284.0,9528.0,236,72740.0,84833.0,77.471587984,36548,39025,19915.104,74889.08899999999,47920.719000000005,40733.0380178073,59122.965,16071403.455692815
0.256,0.395,305.0,0.1904115657,41921,0.2259249541,0.109,0.325,5995,1479.0,2445.0,128,53891.0,15941.0,74.742044425,7565,39027,4569.389,16558.795000000002,10731.776,7982.2432457097,13624.325,3133261.2443404254
0.254,0.378,239.5,0.1947006125,101118,0.2014082557,0.111,0.33,12160,4452.0,4983.0,118,49342.0,37665.0,75.830722908,21819,39029,11224.098,38222.604,25683.972,19687.736534775002,33368.94,7667851.039011144
0.273,0.385,303.3,0.192650174,36449,0.2383055777,0.112,0.335,4306,1258.0,2109.0,36,47794.0,11713.0,75.420043966,7364,39031,4082.288,14032.865,9950.577000000001,7021.906192126,12210.415,2748985.1825167337
0.261,0.39,363.9,0.1891734041,41338,0.2164836228,0.11,0.306,5207,1749.0,2596.0,56,45952.0,15972.0,75.278679134,8938,39033,4547.18,16121.82,10789.218,7820.0501786858,12649.428,3111870.038041292
0.215,0.367,951.4,0.1810476481,1227883,0.2044217568,0.111,0.285,222675,61697.0,98019.0,5393,55128.0,449872.0,76.486240733,234376,39035,136295.013,450633.061,263994.845,222305.3292919723,349946.65499999997,93916154.72995824
0.241,0.372,234.8,0.1890757956,51205,0.2363636364,0.106,0.31,6258,1743.0,2356.0,38,57932.0,20456.0,76.295654494,10384,39037,5427.73,19048.26,12340.404999999999,9681.626113698001,15873.55,3906718.98836527
0.214,0.39,351.8,0.1950002931,37778,0.2260045529,0.106,0.302,5455,1471.0,2429.0,91,61816.0,16150.0,77.354239339,7431,39039,4004.468,14733.42,8084.492,7366.7210727318,11408.956,2922288.453748742
0.15,0.304,226.6,0.1917729238,213554,0.2549706397,0.082,0.209,43480,5957.0,6023.0,290,114423.0,84223.0,81.718717495,31430,39041,17511.428,64920.416,32033.1,40953.8749691852,44632.786,17451358.995927233
0.23,0.404,525.1,0.187062315,73719,0.2009386997,0.107,0.288,10641,3826.0,4186.0,198,66252.0,29776.0,76.242890344,16977,39043,7887.933,29782.476000000002,16955.37,13790.046799485,21231.072,5620549.633269336
0.208,0.384,378.9,0.1759254018,159709,0.2381769343,0.101,0.285,26526,5198.0,7309.0,235,74987.0,61352.0,77.655858049,26325,39045,16130.609,61328.256,33219.472,28096.8699960762,45517.064999999995,12402339.433147741
0.271,0.416,234.9,0.173457649,28579,0.2332131985,0.113,0.347,3317,1032.0,1770.0,37,50125.0,10636.0,73.778746102,5282,39047,3229.427,11888.864,7744.909000000001,4957.2461507709995,9916.912999999999,2108522.784849058
0.203,0.359,782.4,0.1969161064,1324624,0.2310504717,0.111,0.28,297415,52518.0,92097.0,4750,62643.0,529292.0,76.649601211,167882,39049,147033.264,475540.016,268898.672,260839.80052399362,370894.72000000003,101531901.35451967
0.211,0.375,249.3,0.1911976988,41889,0.2324954045,0.103,0.301,6024,1740.0,1882.0,61,60550.0,17440.0,77.580903491,7989,39051,4314.567,15708.375,8838.579,8009.080405033201,12608.589,3249786.466334499
0.265,0.415,227.4,0.1780262888,29802,0.2291121401,0.114,0.345,4086,976.0,1459.0,125,50642.0,10655.0,72.824524382,5825,39053,3397.4280000000003,12367.83,7897.530000000001,5305.5394588176,10281.689999999999,2170316.4756323644
0.191,0.353,171.9,0.2206345033,93271,0.2238530733,0.087,0.262,12211,3119.0,1961.0,230,84510.0,36296.0,80.92763885,20157,39055,8114.576999999999,32924.663,17814.761,20578.8007572943,24437.002,7548201.8031783495
0.186,0.37,457.6,0.1966240569,170122,0.2050822351,0.096,0.261,32600,5303.0,7310.0,521,71673.0,64934.0,78.452447856,30673,39057,16331.712,62945.14,31642.692,33450.0778079418,44401.842000000004,13346487.334158434
0.262,0.376,352.4,0.2023882173,38779,0.2187524175,0.117,0.322,4353,1588.0,2003.0,89,45808.0,14016.0,74.959988773,7922,39059,4537.143,14580.904,10160.098,7848.4126786767,12486.838,2906873.4046281674
0.2,0.337,871.7,0.2087595696,817985,0.2282046737,0.108,0.276,160879,32306.0,65496.0,3554,63919.0,311702.0,76.364356743,132221,39061,88342.38,275660.945,163597.0,170762.196539256,225763.86000000002,62464898.35042286
0.211,0.322,333.8,0.1904627858,75407,0.2190380203,0.1,0.269,13483,2860.0,3259.0,147,61473.0,30925.0,77.53077218,13751,39063,7540.700000000001,24281.054,15910.876999999999,14362.2272888206,20284.483,5846362.93777726
0.245,0.385,290.1,0.2003916093,31469,0.2317836601,0.11,0.31,3153,1138.0,1418.0,20,45312.0,11159.0,75.706467596,5206,39065,3461.59,12115.565,7709.905,6306.1235530617,9755.39,2382406.828778524
0.278,0.365,212.8,0.1900463684,15014,0.2027441055,0.109,0.328,1568,621.0,631.0,3,49088.0,4996.0,75.619167903,3381,39067,1636.526,5480.11,4173.892000000001,2853.3561751576,4924.592000000001,1135346.186895642
0.216,0.364,248.1,0.1939021632,26904,0.2317127565,0.102,0.272,4012,1065.0,1169.0,35,64694.0,11156.0,77.363676334,5238,39069,2744.2079999999996,9793.056,5811.264,5216.7437987328,7317.888000000001,2081392.3480899362
0.285,0.41,210.8,0.1723155248,43304,0.2359828191,0.115,0.343,4350,1516.0,1565.0,48,57155.0,14927.0,75.531337979,8255,39071,4979.96,17754.64,12341.64,7461.9514859392,14853.272,3270809.059842616
0.259,0.371,396.3,0.1842559742,28095,0.2159103043,0.107,0.326,3590,959.0,1538.0,63,53838.0,10357.0,75.27297577,5602,39073,3006.165,10423.245,7276.6050000000005,5176.6715951490005,9158.970000000001,2114794.2542581502
0.289,0.358,56.9,0.1860939917,44004,0.3050177257,0.108,0.335,1963,814.0,851.0,7,67967.0,9915.0,79.259001569,6328,39075,4752.432,15753.431999999999,12717.155999999999,8188.880010766799,14741.34,3487713.1050422764
0.24,0.364,296.9,0.1909989729,57979,0.2381379465,0.11,0.316,7679,2626.0,3883.0,80,62143.0,22896.0,75.685811974,10522,39077,6377.69,21104.356,13914.96,11073.9294497691,18321.364,4388187.692440546
0.264,0.408,169.7,0.1689029452,32493,0.2384513588,0.118,0.339,4131,1149.0,1606.0,62,49636.0,11450.0,72.082732189,5829,39079,3834.174,13257.143999999998,8578.152,5488.1633983836,11015.127,2342184.217017177
0.264,0.381,335.2,0.1990534742,64939,0.1932736876,0.11,0.339,8616,2775.0,3561.0,150,49642.0,22734.0,74.456046521,14559,39081,7143.29,24741.759000000002,17143.896,12926.3335610738,22014.321,4835101.205027219
0.217,0.368,247.1,0.1842838454,62423,0.2277525912,0.103,0.284,8303,1929.0,2921.0,142,68050.0,22856.0,78.097700539,11787,39083,6429.5689999999995,22971.664,13545.791,11503.5504814042,17728.131999999998,4875092.760745998
0.205,0.344,306.3,0.1948239892,229569,0.1951482996,0.096,0.262,37330,10136.0,10970.0,573,69853.0,96755.0,78.197860793,48384,39085,22038.624,78971.73599999999,47061.645,44725.5483766548,60147.078,17951804.704388216
0.272,0.398,294.3,0.1705020724,59091,0.2151088998,0.122,0.353,7467,2024.0,3500.0,309,47299.0,20963.0,72.670873588,11606,39087,7209.102,23518.218,16072.752,10075.1379601884,20859.123,4294194.591188508
0.218,0.348,400.9,0.1889061722,178100,0.2288714206,0.105,0.295,28929,5935.0,8219.0,255,68982.0,68350.0,77.143865089,30647,39089,18700.5,61978.799999999996,38825.8,33644.18926882,52539.5,13739322.3723509
0.241,0.377,300.0,0.1959558248,45326,0.2282354499,0.101,0.314,5689,1892.0,2048.0,54,61797.0,17385.0,76.273617362,8684,39091,4577.926,17087.902000000002,10923.565999999999,8881.8937148848,14232.364,3457177.9805500116
0.216,0.39,524.5,0.1870643384,312172,0.215874582,0.113,0.309,47984,14728.0,19420.0,595,59954.0,116871.0,77.534771066,60480,39093,35275.436,121747.08,67429.152,58396.2486470048,96461.148,24204184.553215355
0.235,0.373,804.3,0.1854946313,428294,0.2286490121,0.123,0.316,73387,21679.0,34388.0,1617,51642.0,162328.0,74.580503938,73586,39095,52680.162,159753.662,100649.09,79446.2376180022,135340.904,31942382.353621773
0.231,0.388,223.6,0.2057244636,44559,0.203123948,0.107,0.303,6028,1236.0,2191.0,30,72834.0,16187.0,77.48353642,7281,39097,4767.813,17288.892,10293.129,9166.876373552399,13501.377,3452588.8993387795
0.235,0.396,514.7,0.1880999516,226075,0.1990534115,0.121,0.327,32296,10298.0,15653.0,943,48937.0,84572.0,75.230379512,49996,39099,27355.075,89525.7,53127.625,42524.696557970005,73926.52500000001,17007708.0481754
0.278,0.383,430.2,0.1805632783,64820,0.2128201172,0.117,0.339,7982,2160.0,4162.0,130,52226.0,21620.0,75.014422414,12072,39101,7583.9400000000005,24826.06,18019.960000000003,11704.111699406,21973.980000000003,4862434.86087548
0.183,0.334,215.3,0.2046543995,180912,0.2173487663,0.089,0.249,30496,7124.0,6090.0,266,79504.0,79644.0,79.948697028,34580,39103,16101.168,60424.608,33106.896,37024.436722344,45047.088,14463678.676729536
0.282,0.378,161.5,0.1866575467,22678,0.2068524561,0.119,0.338,2407,872.0,1169.0,26,44622.0,7103.0,73.332300884,4816,39105,2698.682,8572.284,6395.195999999999,4233.0198440626,7665.164000000001,1663029.9194473522
0.217,0.353,240.5,0.2239846666,41274,0.2598488152,0.096,0.285,6126,1265.0,1459.0,43,69588.0,18701.0,78.455536661,7807,39107,3962.304,14569.722,8956.458,9244.7431292484,11763.089999999998,3238173.8201461136
0.226,0.383,325.3,0.1877832626,107516,0.2285613304,0.101,0.272,15880,3783.0,4594.0,138,63699.0,42957.0,77.396956137,20806,39109,10859.116,41178.628000000004,24298.616,20189.7052617016,29244.352000000003,8321411.136025692
0.275,0.369,197.7,0.1793337801,13586,0.1997644634,0.108,0.326,1638,606.0,490.0,4,48944.0,4581.0,76.939198587,3314,39111,1467.288,5013.234,3736.15,2436.4287364386,4429.036,1045295.9520029821
0.218,0.365,639.1,0.1776075034,531610,0.2193957977,0.119,0.302,91692,21730.0,38810.0,1703,54692.0,197896.0,74.577573529,98808,39113,63261.59,194037.65,115890.98,94417.924882474,160546.22,39646183.863751695
0.288,0.41,351.5,0.1796047965,14305,0.2032156589,0.12,0.346,1694,620.0,678.0,26,45698.0,4867.0,76.146181906,3235,39115,1716.6,5865.049999999999,4119.839999999999,2569.2466139325,4949.53,1089271.13216533
0.248,0.403,280.2,0.1863618748,35411,0.2214566095,0.104,0.322,4331,1204.0,1606.0,21,68159.0,13839.0,78.064066157,6561,39117,3682.7439999999997,14270.633000000002,8781.928,6599.2603485428,11402.342,2764326.646685527
0.261,0.394,470.9,0.1710167631,86020,0.2245524297,0.108,0.308,11041,3132.0,5148.0,160,52457.0,32292.0,75.05930541,15964,39119,9290.16,33891.880000000005,22451.22,14710.861961862,26494.16,6456601.4513682
0.267,0.39,298.1,0.2008901832,14364,0.1875522139,0.113,0.334,1111,449.0,389.0,17,52583.0,3634.0,81.164397302,4147,39121,1623.132,5601.96,3835.188,2885.5865914848,4797.576,1165845.402845928
0.216,0.347,180.1,0.2016046406,40253,0.1791419273,0.097,0.301,5335,1886.0,1912.0,39,65582.0,15923.0,77.78222561,10719,39123,3904.541,13967.791,8694.648,8115.1915980717995,12116.153,3130967.92747933
0.232,0.357,289.2,0.1845144772,18648,0.2351994852,0.105,0.304,2482,656.0,1133.0,10,62062.0,7248.0,77.392453987,3665,39125,1958.04,6657.335999999999,4326.336,3440.8259708256,5668.992,1443214.481949576
0.275,0.338,362.5,0.1978285879,36215,0.2322518294,0.111,0.333,4262,1339.0,2244.0,56,56048.0,12782.0,75.701164439,6362,39127,4019.8650000000002,12240.67,9959.125,7164.3623107984995,12059.595000000001,2741517.670158385
0.24,0.395,318.2,0.1957212412,58658,0.2125541273,0.103,0.293,8243,1797.0,2370.0,89,64412.0,20158.0,75.228255431,9646,39129,6041.773999999999,23169.91,14077.92,11480.6165663096,17186.793999999998,4412739.0070715975
0.273,0.387,316.9,0.167934643,27695,0.2339411446,0.127,0.362,3256,1025.0,1445.0,268,46413.0,8825.0,72.01047223,5170,39131,3517.265,10717.965,7560.735000000001,4650.949937885,10025.59,1994330.02840985
0.217,0.372,432.1,0.2056039352,162583,0.1823806917,0.101,0.28,23385,6229.0,6981.0,366,64250.0,66165.0,77.822206189,28706,39133,16420.883,60480.876,35280.511,33427.7045966216,45523.240000000005,12652567.748826187
0.234,0.38,251.9,0.1995261706,40836,0.2224262905,0.1,0.302,5224,1418.0,1311.0,37,60856.0,16671.0,75.652082104,8232,39135,4083.6000000000004,15517.68,9555.624,8147.8507026216,12332.472,3089328.424798944
0.194,0.367,194.9,0.2263677989,33654,0.2549176918,0.094,0.282,5372,1051.0,1124.0,20,72299.0,14656.0,79.77089218,6211,39137,3163.476,12351.018,6528.876,7618.1819041806,9490.428,2684609.60542572
0.253,0.398,534.9,0.1791825512,120891,0.2167986037,0.113,0.331,15895,4681.0,7263.0,515,52295.0,42979.0,75.622082669,24649,39139,13660.683,48114.618,30585.423,21661.5577971192,40014.921,9142029.195938079
0.27,0.423,353.5,0.1887070488,76420,0.2104553782,0.117,0.331,10297,2839.0,3680.0,377,49543.0,25348.0,74.124460537,13528,39141,8941.140000000001,32325.66,20633.4,14420.992669296,25295.02,5664591.274237541
0.217,0.383,389.6,0.1975091864,58351,0.2188822814,0.111,0.289,7929,2455.0,3027.0,75,60455.0,23831.0,76.402084875,11538,39143,6476.961,22348.433,12662.167,11524.858535626401,16863.439,4458138.054541125
0.293,0.392,341.2,0.1688137184,74347,0.2160275465,0.123,0.353,8682,2546.0,3743.0,471,44297.0,23647.0,70.747689603,14127,39145,9144.681,29144.024,21783.671,12550.7935218848,26244.490999999998,5259878.47891424
0.233,0.387,442.2,0.1944785656,54938,0.2158433143,0.109,0.3,7434,2220.0,2822.0,81,58129.0,21282.0,76.865544699,10485,39147,5988.242,21261.006,12800.554,10684.263436932799,16481.399999999998,4222839.294673662
0.227,0.34,372.5,0.2012233415,48337,0.2443056044,0.099,0.281,6667,1867.0,2215.0,44,67582.0,20154.0,76.509527079,8508,39149,4785.363,16434.58,10972.499,9726.5326580855,13582.697000000002,3698241.0104176225
0.229,0.361,481.4,0.1929929,369772,0.2128446719,0.103,0.28,55813,14858.0,22622.0,1154,57364.0,145703.0,76.519158569,75310,39151,38086.515999999996,133487.69199999998,84677.788,71363.37061879999,103536.16,28294642.302376267
0.213,0.344,639.9,0.17892592,538866,0.2070032253,0.102,0.277,93957,22267.0,32918.0,1720,60715.0,218530.0,76.789544555,102313,39153,54964.331999999995,185369.90399999998,114778.458,96417.09480672,149265.882,41379274.71617463
0.268,0.371,510.7,0.1724718038,196800,0.202870935,0.113,0.323,23554,8857.0,11371.0,363,48929.0,72191.0,75.231077125,44273,39155,22238.4,73012.8,52742.4,33942.45098784,63566.4,14805475.9782
0.237,0.382,288.1,0.1797585793,91776,0.2291884589,0.105,0.3,10356,3372.0,3481.0,160,58256.0,35307.0,76.647855662,18605,39157,9636.48,35058.432,21750.912,16497.5233738368,27532.8,7034433.601235712
0.191,0.352,367.9,0.1959530088,60021,0.2449975842,0.089,0.262,11853,1706.0,1717.0,85,92198.0,23496.0,78.939990897,7906,39159,5341.869,21127.392,11464.011,11761.2955411848,15725.502,4738057.193628837
0.233,0.392,194.5,0.1917584317,28159,0.2318264143,0.107,0.299,4250,1038.0,1284.0,31,57863.0,11745.0,77.371163957,5609,39161,3013.013,11038.328,6561.0470000000005,5399.7256782403,8419.541,2178694.605865163
0.286,0.393,214.0,0.1834981343,12972,0.2156953438,0.125,0.391,1523,517.0,766.0,13,49778.0,4493.0,72.390039438,2436,39163,1621.5,5097.996,3709.9919999999997,2380.3377981396,5072.052000000001,939043.591589736
0.17,0.314,209.7,0.1994798687,238412,0.2395726725,0.087,0.226,43027,7581.0,8083.0,606,90600.0,92631.0,79.192979011,36496,39165,20741.843999999997,74861.368,40530.04,47558.3944565044,53881.112,18880556.511970535
0.235,0.386,267.1,0.1949456264,59652,0.1964896399,0.108,0.313,7877,2311.0,2350.0,119,53450.0,22098.0,76.70383932,13190,39167,6442.416,23025.672000000002,14018.22,11628.8965060128,18671.076,4575537.42311664
0.229,0.384,253.2,0.2013988296,115694,0.2403668297,0.102,0.299,14300,3560.0,3599.0,426,67708.0,42398.0,77.520722851,21674,39169,11800.787999999999,44426.496,26493.926,23300.6361917424,34592.506,8968682.509523595
0.239,0.375,272.5,0.2046417943,36565,0.2225899084,0.107,0.303,5276,1464.0,1300.0,31,52458.0,15127.0,77.126836098,7300,39171,3912.455,13711.875,8739.035,7482.7272085795,11079.195,2820142.76192337
0.195,0.392,341.7,0.1895424129,131113,0.2018182789,0.105,0.276,22070,4911.0,5229.0,257,67865.0,55549.0,78.252789006,21164,39173,13766.865,51396.296,25567.035,24851.474382557702,36187.188,10259957.924943678
0.243,0.407,303.1,0.1871129057,21711,0.2225599926,0.106,0.303,2991,908.0,1069.0,13,63516.0,9392.0,76.665792261,4436,39175,2301.366,8836.376999999999,5275.773,4062.4082956527,6578.433,1664491.0157785711
0.1919234775,0.371,594.3,0.1448202248,3980783,0.2395307657,0.11,0.334,620107,113565.0,247819.0,16830,54512.0,1441754.0,75.536413172,653159,40000,437886.13,1476870.493,764005.7165328825,576497.8889400185,1329581.522,300694069.43607366
0.299,0.442,468.6,0.1237463211,21955,0.2679116374,0.152,0.436,1882,488.0,1735.0,48,36749.0,6343.0,73.352599996,3542,40001,3337.16,9704.11,6564.545,2716.8504797505,9572.38,1610456.3329121799
0.194,0.366,175.4,0.1585961195,5718,0.1958726828,0.1,0.335,721,99.0,145.0,1,51157.0,1710.0,77.012706545,1151,40003,571.8000000000001,2092.788,1109.2920000000001,906.8526113009999,1915.5300000000002,440358.65602431
0.248,0.404,537.9,0.136938994,13912,0.227573318,0.121,0.398,1580,365.0,925.0,163,42618.0,3781.0,75.288429519,2830,40005,1683.3519999999999,5620.448,3450.176,1905.095284528,5536.976000000001,1047412.6314683281
0.182,0.386,320.1,0.1345365274,5207,0.2609948147,0.112,0.385,611,69.0,274.0,0,61477.0,1890.0,77.397245291,1055,40007,583.184,2009.902,947.674,700.5316981717999,2004.695,403007.45623023703
0.203,0.402,553.5,0.1434825643,21468,0.2504192286,0.112,0.382,3201,760.0,943.0,73,47625.0,7095.0,73.631488827,3259,40009,2404.416,8630.136,4358.004,3080.2836903924,8200.776,1580720.802138036
0.22,0.399,424.2,0.1396480554,9447,0.2565893935,0.115,0.375,1039,261.0,514.0,36,55643.0,2982.0,71.738385821,1914,40011,1086.405,3769.353,2078.34,1319.2551793638,3542.625,677712.530850987
0.224,0.369,598.0,0.140789066,48998,0.2320298788,0.113,0.351,6391,1143.0,2636.0,401,45213.0,15931.0,74.912782642,8751,40013,5536.774,18080.262,10975.552,6898.382655867999,17198.298,3670576.523892716
0.234,0.398,420.7,0.1324196873,28684,0.2465485985,0.125,0.401,3109,708.0,2249.0,14,48380.0,8957.0,71.507138288,4975,40015,3585.5,11416.232,6712.0560000000005,3798.3263105132,11502.284000000001,2051110.754652992
0.174,0.333,393.1,0.1626070391,153192,0.2582510836,0.097,0.297,28053,4544.0,6348.0,326,75452.0,60543.0,78.008871813,20967,40017,14859.624,51012.936,26655.408,24910.0975338072,45498.024,11950335.090777095
0.209,0.357,542.5,0.1372917448,48353,0.2489607677,0.112,0.364,6793,1506.0,3304.0,222,46781.0,17205.0,74.274939746,8452,40019,5415.536,17262.021,10105.777,6638.4677363144,17600.492,3591416.161538338
0.239,0.397,688.5,0.1319496444,49019,0.2154470715,0.13,0.361,6311,1071.0,2917.0,210,49553.0,15097.0,75.143816036,8522,40021,6372.47,19460.543,11715.541,6468.039618843601,17695.859,3683474.718268684
0.265,0.442,729.3,0.1311381712,14646,0.2414311075,0.138,0.414,1466,423.0,1252.0,127,41622.0,4302.0,72.246476493,3134,40023,2021.1480000000001,6473.532,3881.19,1920.6496553951997,6063.4439999999995,1058121.894716478
0.183,0.375,280.8,0.1362742948,2145,0.2648018648,0.115,0.377,273,28.0,108.0,0,50804.0,753.0,81.836763124,553,40025,246.675,804.375,392.53499999999997,292.308362346,808.665,175539.85690098
0.166,0.362,557.4,0.16230639,287066,0.2095406631,0.098,0.303,56177,7984.0,13737.0,1022,64011.0,114868.0,78.42604955,41387,40027,28132.468,103917.89199999999,47652.956000000006,46592.64615174,86980.99799999999,22513452.3401203
0.256,0.418,473.2,0.1335715996,5587,0.2382316091,0.126,0.398,566,153.0,384.0,4,41162.0,1540.0,71.353557798,1190,40029,703.962,2335.366,1430.272,746.2645269652,2223.626,398652.327417426
0.195,0.422,956.5,0.1363939417,121099,0.2347418228,0.118,0.391,21086,3239.0,8367.0,420,54007.0,40392.0,75.47485935,16182,40031,14289.681999999999,51103.778,23614.305,16517.1699459283,47349.709,9139929.99242565
0.228,0.405,529.5,0.1396972372,5676,0.2290345314,0.115,0.373,535,192.0,286.0,2,46266.0,1851.0,73.411656172,1139,40033,652.74,2298.78,1294.1280000000002,792.9215183471999,2117.148,416684.560432272
0.243,0.392,594.0,0.1369779936,14194,0.2160067634,0.125,0.395,1584,315.0,817.0,87,43804.0,4314.0,74.442741968,2831,40035,1774.25,5564.048,3449.142,1944.2656411583998,5606.63,1056640.2794937922
0.228,0.363,444.6,0.1542470955,71485,0.2317828915,0.104,0.34,8506,2029.0,4042.0,184,49954.0,25021.0,74.532165217,13328,40037,7434.44,25949.055,16298.58,11026.3536218175,24304.9,5327931.830537245
0.19,0.41,810.3,0.1390492449,28648,0.2487782742,0.122,0.378,4551,822.0,1603.0,177,55826.0,12049.0,74.142571931,4211,40039,3495.056,11745.679999999998,5443.12,3983.4827678952,10828.944,2124036.400679288
0.241,0.395,295.3,0.1333266749,43136,0.1980016691,0.121,0.381,3781,981.0,2271.0,83,43147.0,12237.0,75.414948396,11137,40041,5219.456,17038.72,10395.776,5751.179448486399,16434.816,3253099.214009856
0.201,0.378,184.0,0.142420398,4815,0.2641744548,0.105,0.357,481,131.0,107.0,0,56711.0,1682.0,73.445536547,899,40043,505.575,1820.07,967.815,685.75421637,1718.955,353640.25847380504
0.207,0.367,155.5,0.147467741,3830,0.2248041775,0.105,0.356,525,97.0,159.0,0,56763.0,1201.0,76.161075667,916,40045,402.15,1405.61,792.81,564.8014480300001,1363.48,291696.91980461
0.19,0.39,571.6,0.143620752,60869,0.2567152409,0.103,0.344,8486,1475.0,4051.0,288,61501.0,22090.0,74.986045247,10264,40047,6269.507,23738.91,11565.11,8742.051553488,20938.935999999998,4564325.588139643
0.23,0.391,418.6,0.1431253488,27691,0.2456393774,0.112,0.374,3035,796.0,2004.0,45,47391.0,9686.0,72.284102074,5082,40049,3101.3920000000003,10827.181,6368.93,3963.2840336208,10356.434,2001619.070531134
0.207,0.406,394.0,0.1490659624,55906,0.2340893643,0.102,0.344,7402,1622.0,2681.0,82,58621.0,20913.0,75.434641793,9638,40051,5702.411999999999,22697.836000000003,11572.542,8333.6816939344,19231.663999999997,4217249.084079457
0.185,0.344,207.7,0.1547716664,4372,0.2435956084,0.093,0.323,495,92.0,196.0,0,51399.0,1661.0,74.627418849,983,40053,406.596,1503.9679999999998,808.8199999999999,676.6617255008,1412.156,326271.07520782796
0.223,0.41,210.1,0.1425945986,5704,0.1947755961,0.12,0.401,708,140.0,245.0,23,42010.0,1644.0,76.92984708,1031,40055,684.48,2338.64,1271.992,813.3595904144,2287.304,438807.84774432
0.184,0.402,376.9,0.129795746,2557,0.2424716465,0.127,0.393,345,42.0,121.0,2,40246.0,919.0,71.500411732,550,40057,324.73900000000003,1027.914,470.488,331.887722522,1004.9010000000001,182826.552798724
0.186,0.367,162.7,0.1399333273,3611,0.2495153697,0.112,0.387,536,60.0,137.0,3,57833.0,1039.0,77.989872935,717,40059,404.432,1325.237,671.646,505.29924488029997,1397.457,281621.43116828497
0.243,0.396,403.9,0.1380345905,12652,0.2324533671,0.119,0.389,1455,334.0,606.0,33,41253.0,3825.0,74.184231542,2681,40061,1505.588,5010.192,3074.4359999999997,1746.413639006,4921.628000000001,938578.8974693841
0.254,0.4,527.1,0.1362562013,13126,0.219030931,0.129,0.409,1365,403.0,1136.0,17,39333.0,3173.0,72.454795852,2508,40063,1693.2540000000001,5250.400000000001,3334.004,1788.4988982638,5368.534,951041.6503533521
0.174,0.363,684.9,0.14158148,24305,0.2507714462,0.118,0.385,3941,439.0,1579.0,61,56779.0,9368.0,74.403521186,3782,40065,2867.99,8822.715,4229.07,3441.1378714,9357.425000000001,1808377.58242573
0.236,0.387,349.9,0.1337441389,5949,0.2440746344,0.124,0.412,592,172.0,465.0,1,43014.0,1732.0,75.251318617,1272,40067,737.676,2302.263,1403.964,795.6438823161001,2450.988,447670.094452533
0.241,0.367,433.0,0.1407393243,10824,0.2373429416,0.12,0.372,1342,288.0,616.0,92,45361.0,3248.0,72.953165078,2152,40069,1298.8799999999999,3972.408,2608.584,1523.3624462231999,4026.528,789645.058804272
0.219,0.359,509.9,0.1450876069,43274,0.2475389379,0.111,0.37,5518,1220.0,3222.0,100,50256.0,14977.0,73.061246453,8599,40071,4803.414,15535.366,9477.006,6278.5211009906,16011.38,3161652.379007122
0.194,0.384,234.7,0.1512971779,15806,0.2643932684,0.107,0.365,1843,380.0,888.0,26,71450.0,6462.0,77.020954517,2679,40073,1691.242,6069.504,3066.364,2391.4031938874,5769.19,1217393.2070957022
0.224,0.391,321.5,0.1357223347,8741,0.2432215994,0.122,0.402,955,177.0,483.0,18,40112.0,2732.0,71.803033337,1779,40075,1066.402,3417.731,1957.9840000000002,1186.3489276127,3513.882,627630.314398717
0.24,0.411,1360.1,0.13505973,10132,0.2212791157,0.123,0.379,1141,318.0,630.0,72,40831.0,3199.0,77.471576598,2223,40077,1246.2359999999999,4164.2519999999995,2431.68,1368.4251843599998,3840.0280000000002,784942.0140909359
0.245,0.394,391.1,0.1357991755,49935,0.2403925103,0.123,0.417,5640,1338.0,3129.0,171,40632.0,16283.0,73.240640017,9247,40079,6142.005,19674.39,12234.074999999999,6781.131828592501,20822.895,3657271.359248895
0.222,0.41,358.4,0.147304674,35045,0.2323583963,0.106,0.355,3986,869.0,1681.0,72,56957.0,11733.0,75.901458256,6807,40081,3714.77,14368.449999999999,7779.99,5162.29230033,12440.974999999999,2659966.60458152
0.183,0.365,597.8,0.1455609424,48777,0.2233019661,0.103,0.321,7003,1139.0,1715.0,80,72617.0,17288.0,79.119407338,8347,40083,5024.031,17803.605,8926.191,7100.0260874448,15657.417,3859207.3317256263
0.217,0.388,399.9,0.1364115889,10230,0.2442815249,0.119,0.396,1046,277.0,552.0,8,54219.0,3145.0,74.333001963,1925,40085,1217.37,3969.2400000000002,2219.91,1395.490554447,4051.0800000000004,760426.61008149
0.186,0.351,289.1,0.1520760281,41348,0.2532166006,0.093,0.328,6548,1099.0,1734.0,53,68563.0,15914.0,76.362622111,6575,40087,3845.364,14513.148,7690.728,6288.039609878801,13562.144,3157441.699045628
0.25,0.42,673.1,0.126713657,32772,0.2542414256,0.134,0.42,3330,1002.0,2733.0,113,45380.0,11293.0,72.448523854,6093,40089,4391.448,13764.24,8193.0,4152.659967204,13764.24,2374283.023743288
0.252,0.405,495.0,0.1352489416,19635,0.1955691367,0.124,0.397,1670,601.0,872.0,33,37535.0,4802.0,74.511765954,5148,40091,2434.74,7952.175,4948.02,2655.612968316,7795.095,1463038.5245067899
0.188,0.34,235.9,0.154026546,7579,0.259796807,0.098,0.336,955,176.0,330.0,4,54851.0,2775.0,74.880271074,1562,40093,742.7420000000001,2576.86,1424.852,1167.3671921339999,2546.5440000000003,567517.5744698461
0.219,0.393,348.5,0.1253255974,17114,0.2295781232,0.123,0.395,1696,441.0,873.0,55,51072.0,5346.0,76.211175231,3852,40095,2105.022,6725.802000000001,3747.966,2144.8222739035996,6760.030000000001,1304278.052903334
0.248,0.39,440.4,0.140019492,41152,0.22968507,0.12,0.38,4816,980.0,2452.0,96,50905.0,14128.0,74.050149929,7883,40097,4938.24,16049.28,10205.696,5762.082134784,15637.76,3047311.769878208
0.214,0.379,348.2,0.1417200814,13955,0.2331780724,0.11,0.354,1522,382.0,1010.0,14,55318.0,5150.0,74.781997864,2807,40099,1535.05,5288.945,2986.37,1977.7037359370001,4940.07,1043582.7801921201
0.233,0.427,741.2,0.1324639098,67610,0.2424493418,0.126,0.385,9299,1778.0,6016.0,331,42607.0,21711.0,72.126496004,11754,40101,8518.86,28869.47,15753.130000000001,8955.884941578,26029.850000000002,4876472.39483044
0.199,0.395,296.5,0.1535676276,11113,0.2289210834,0.097,0.335,1396,224.0,618.0,4,56632.0,3935.0,74.796546723,2305,40103,1077.961,4389.635,2211.487,1706.5970455188,3722.855,831214.0237326991
0.242,0.387,406.9,0.1520639196,10076,0.2245930925,0.116,0.378,1273,243.0,545.0,23,45719.0,3290.0,76.315186204,2011,40105,1168.816,3899.4120000000003,2438.392,1532.1960538896,3808.728,768951.816191504
0.274,0.403,316.9,0.1298158599,11765,0.2241393965,0.14,0.427,1189,296.0,678.0,41,45823.0,3081.0,69.212543146,2165,40107,1647.1000000000001,4741.295,3223.61,1527.2835917235,5023.655,814285.57011269
0.165,0.34,767.6,0.152056891,804041,0.2524983179,0.113,0.338,146679,24760.0,59653.0,5577,55332.0,305633.0,75.484068404,115530,40109,90856.633,273373.94,132666.765,122259.974696531,271765.858,60692285.84362056
0.24,0.399,613.5,0.1290002262,38234,0.2324370979,0.124,0.392,5018,1128.0,2755.0,117,50442.0,11923.0,72.430071748,7300,40111,4741.016,15255.366,9176.16,4932.194648530801,14987.728000000001,2769291.363213032
0.229,0.388,417.3,0.1651351427,46642,0.2120192102,0.117,0.369,5992,1320.0,2615.0,37,50490.0,16094.0,78.050482542,9863,40113,5457.1140000000005,18097.096,10681.018,7702.2333258133995,17210.898,3640430.6067239637
0.245,0.431,571.9,0.1392440801,30879,0.2472230318,0.124,0.414,3663,818.0,2311.0,153,40249.0,10652.0,72.638884503,5787,40115,3828.996,13308.849,7565.355,4299.7179494079,12783.905999999999,2243016.114568137
0.23,0.395,317.5,0.144974675,16381,0.2303278188,0.109,0.372,1687,475.0,1040.0,31,51960.0,5516.0,73.918411989,3294,40117,1785.529,6470.495,3767.63,2374.830151175,6093.732,1210857.506791809
0.19,0.374,605.3,0.1391820735,81755,0.1884900006,0.109,0.353,13510,1996.0,3258.0,265,39681.0,28291.0,77.500339579,10864,40119,8911.295,30576.37,15533.45,11378.8304189925,28859.515,6336040.262281145
0.24,0.348,524.6,0.1442774165,43679,0.2259209231,0.114,0.368,5980,1273.0,2438.0,365,50416.0,14202.0,73.188716296,8927,40121,4979.406,15200.292,10482.96,6301.893275303501,16073.872,3196809.939092984
0.214,0.367,689.6,0.139995675,38397,0.2393155715,0.109,0.332,5882,1000.0,2484.0,225,50587.0,14185.0,73.964157192,6485,40123,4185.273,14091.699,8216.958,5375.4139329750005,12747.804,2840001.743701224
0.221,0.384,615.8,0.1424684728,72998,0.2320200553,0.113,0.378,10125,1975.0,3899.0,230,50118.0,25105.0,74.007166115,12460,40125,8248.774,28031.232,16132.558,10399.9135774544,27593.244,5402375.11206277
0.251,0.396,396.5,0.1356400265,10970,0.2164083865,0.127,0.396,1103,298.0,740.0,116,38912.0,3046.0,74.28422347,2583,40127,1393.19,4344.12,2753.47,1487.971090705,4344.12,814897.9314659
0.211,0.353,307.0,0.1460751992,3570,0.2453781513,0.104,0.358,381,90.0,158.0,0,51279.0,1172.0,76.563264428,803,40129,371.28,1260.21,753.27,521.488461144,1278.06,273330.85400796
0.193,0.375,340.7,0.1527691111,93155,0.2299393484,0.099,0.327,13742,2606.0,4055.0,243,67243.0,36359.0,77.506805001,15973,40131,9222.345000000001,34933.125,17978.915,14231.206544520499,30461.685,7220146.419868155
0.252,0.371,733.8,0.1407707269,24248,0.2434015177,0.127,0.418,3044,684.0,1842.0,73,42418.0,7264.0,71.036614597,4563,40133,3079.496,8996.008,6110.496,3413.4085858712,10135.663999999999,1722495.8307480558
0.268,0.381,433.0,0.1299101221,41538,0.2350859454,0.131,0.408,4537,1124.0,2894.0,119,47188.0,13666.0,73.793427088,7897,40135,5441.478,15825.978000000001,11132.184000000001,5396.2066517898,16947.503999999997,3065231.374381344
0.218,0.365,482.1,0.1462059205,43100,0.228863109,0.105,0.391,4707,1437.0,2223.0,52,52905.0,14303.0,74.429460234,9022,40137,4525.5,15731.5,9395.8,6301.47517355,16852.100000000002,3207909.7360854
0.176,0.384,500.4,0.1287463724,19997,0.2848927339,0.136,0.406,2208,262.0,1416.0,36,61334.0,7973.0,75.044602122,2416,40139,2719.592,7678.848,3519.4719999999998,2574.5412088828,8118.782,1500666.908633634
0.204,0.416,262.1,0.1266971451,7229,0.2343339328,0.136,0.423,733,191.0,446.0,14,41610.0,2274.0,74.772348395,1470,40141,983.1440000000001,3007.2639999999997,1474.716,915.8936619279,3057.8669999999997,540529.3065474549
0.174,0.351,682.1,0.1374916147,657589,0.2497517446,0.108,0.331,116192,21282.0,45215.0,3197,58863.0,251892.0,76.347959018,99560,40143,71019.612,230813.73899999997,114420.48599999999,90412.9734189583,217661.959,50205578.0226876
0.192,0.372,322.3,0.1480624021,82925,0.2365752186,0.103,0.337,13092,2217.0,4025.0,124,66375.0,30874.0,78.755871329,14332,40145,8541.275,30848.1,15921.6,12278.074694142499,27945.725000000002,6530830.629957325
0.186,0.379,353.2,0.1505679295,52222,0.2383095247,0.1,0.341,6957,1311.0,2572.0,165,48144.0,17948.0,75.979413292,10403,40147,5222.200000000001,19792.138,9713.292,7862.958414349,17807.702,3967796.9209348243
0.192,0.361,366.4,0.1505376457,10830,0.2490304709,0.1,0.355,1266,345.0,609.0,7,51270.0,4001.0,73.864815982,2092,40149,1083.0,3909.6299999999997,2079.36,1630.322702931,3844.6499999999996,799955.95708506
0.18,0.36,762.0,0.1459181582,8687,0.2093933464,0.097,0.342,1380,159.0,584.0,38,52504.0,3371.0,75.416777476,1556,40151,842.639,3127.3199999999997,1563.6599999999999,1267.5910402834002,2970.954,655145.5459340119
0.196,0.372,494.8,0.1553353425,19812,0.2426307289,0.103,0.342,2479,603.0,1466.0,77,54328.0,7724.0,76.071002241,3233,40153,2040.636,7370.064,3883.152,3077.50380561,6775.704000000001,1507118.696398692
0.1490443486,0.288,457.1,0.211501194,4241507,0.2029415488,0.075,0.235,810020,159446.0,178232.0,25667,67832.0,1393173.0,79.701586341,789527,41000,318113.02499999997,1221554.0159999998,632172.6478973401,897083.794859358,996754.1449999999,338054836.37645584
0.177,0.298,328.7,0.225795146,16284,0.1978629329,0.087,0.257,2246,522.0,476.0,115,44872.0,4432.0,76.598802258,4417,41001,1416.7079999999999,4852.632,2882.268,3676.848157464,4184.988,1247334.8959692721
0.138,0.281,587.8,0.2143000953,93239,0.1594504446,0.078,0.222,18230,2612.0,2575.0,1084,66378.0,28473.0,83.088541605,16209,41003,7272.642,26200.159000000003,12866.982000000002,19981.1265856767,20699.058,7747092.530708595
0.139,0.284,319.7,0.2287440187,421596,0.2111950778,0.075,0.223,78997,15797.0,14472.0,1506,82539.0,150031.0,80.872277721,80711,41005,31619.699999999997,119733.264,58601.844000000005,96437.5633078452,94015.908,34095428.79806272
0.176,0.298,338.1,0.2234210819,40423,0.1838804641,0.084,0.26,6144,1823.0,1166.0,151,63238.0,13111.0,79.570382136,9760,41007,3395.532,12046.054,7114.447999999999,9031.350393643701,10509.98,3216473.557083528
0.194,0.341,225.4,0.2220453469,52876,0.204119071,0.086,0.271,7285,1906.0,2292.0,223,73023.0,17754.0,79.462158375,10613,41009,4547.335999999999,18030.716,10257.944,11740.8697626844,14329.396,4201641.0862365
0.204,0.339,195.4,0.2076765596,64711,0.1800621224,0.095,0.278,7720,2290.0,2338.0,303,50848.0,19494.0,77.456496682,17779,41011,6147.545,21937.029000000002,13201.044,13438.9578482756,17989.658000000003,5012287.356788902
0.189,0.306,368.8,0.2172647442,25105,0.1968133838,0.087,0.269,3144,911.0,1218.0,128,68598.0,8004.0,79.259490997,6449,41013,2184.1349999999998,7682.13,4744.845,5454.431403141,6753.245000000001,1989809.521479685
0.182,0.298,104.7,0.2232672964,23305,0.1413001502,0.087,0.267,2122,774.0,667.0,106,48377.0,5677.0,76.969830151,8307,41015,2027.5349999999999,6944.889999999999,4241.51,5203.244342602,6222.435,1793781.891669055
0.153,0.253,338.4,0.2380254138,201769,0.1953322859,0.077,0.235,37031,7764.0,7587.0,1055,66467.0,66902.0,81.6885064,41955,41017,15536.213,51047.557,30870.657,48026.1497170122,47415.715,16482208.2478216
0.2,0.345,206.3,0.1979023017,111364,0.1918124349,0.09,0.279,13289,3658.0,4724.0,374,52355.0,33236.0,76.778169665,29733,41019,10022.76,38420.579999999994,22272.800000000003,22039.1919265188,31070.556000000004,8550324.086573059
0.188,0.308,470.7,0.2271676002,1975,0.2,0.088,0.271,221,61.0,70.0,3,63088.0,574.0,84.810571646,555,41021,173.79999999999998,608.3,371.3,448.656010395,535.225,167500.87900085
0.204,0.309,125.0,0.2086099762,7180,0.1793871866,0.091,0.277,746,267.0,155.0,30,50819.0,2134.0,80.132388445,2287,41023,653.38,2218.62,1464.7199999999998,1497.819629116,1988.8600000000001,575350.5490351
0.189,0.31,175.8,0.2235560481,7373,0.201410552,0.087,0.261,1131,216.0,223.0,49,48790.0,2122.0,77.739191109,1841,41025,641.4509999999999,2285.63,1393.497,1648.2787426413,1924.353,573171.056046657
0.152,0.307,410.6,0.2108509981,23280,0.2305841924,0.091,0.27,3573,885.0,696.0,100,81718.0,7787.0,81.199414343,3980,41027,2118.48,7146.96,3538.56,4908.6112357679995,6285.6,1890322.36590504
0.178,0.283,410.5,0.2052976712,221844,0.2029263807,0.09,0.243,35217,8210.0,9451.0,1222,57334.0,74108.0,78.958400898,51164,41029,19965.96,62781.85199999999,39488.231999999996,45544.0565696928,53908.092,17516447.48881591
0.185,0.332,669.2,0.1966406665,24856,0.2320164145,0.102,0.294,3284,848.0,1566.0,57,63683.0,6783.0,76.015038622,5004,41031,2535.312,8252.192000000001,4598.36,4887.700406524,7307.664,1889429.799988432
0.205,0.328,339.5,0.2088372738,88053,0.1928497609,0.096,0.285,11230,2847.0,3363.0,774,47740.0,24325.0,76.415696332,23761,41033,8453.088,28881.384000000002,18050.864999999998,18388.7484699114,25095.105,6728631.309121596
0.187,0.32,490.9,0.1987337444,68739,0.2165146423,0.098,0.291,9013,2554.0,3847.0,352,49675.0,21888.0,75.521610854,15168,41035,6736.4220000000005,21996.48,12854.193,13660.7588563116,20003.049,5191280.008493106
0.202,0.335,165.2,0.1979446326,7949,0.1910932193,0.101,0.299,1105,206.0,336.0,17,48669.0,2193.0,76.396596497,2085,41037,802.849,2662.915,1605.698,1573.4618845374,2376.7509999999997,607276.545554653
0.159,0.293,505.4,0.2215817346,382986,0.1793955915,0.084,0.246,66691,14103.0,17204.0,3708,58818.0,121369.0,78.965832732,78637,41039,32170.824,112214.89799999999,60894.774,84862.7022075156,94214.556,30242808.41469775
0.185,0.335,206.2,0.2188381937,50583,0.1612004033,0.09,0.265,6061,2243.0,2096.0,238,53883.0,13904.0,77.982148459,15508,41041,4552.47,16945.305,9357.855,11069.4923519271,13404.495,3944571.015501597
0.175,0.35,388.4,0.1984846218,131054,0.2206342424,0.093,0.278,19848,4568.0,6755.0,264,65516.0,44243.0,77.651918276,25421,41043,12188.021999999999,45868.899999999994,22934.449999999997,26012.203625377202,36433.012,10176594.497742904
0.196,0.372,660.8,0.1828841172,30983,0.2580447342,0.119,0.336,3960,654.0,2158.0,161,46278.0,8322.0,77.374695845,5321,41045,3686.977,11525.676,6072.668000000001,5666.2986032076,10410.288,2397300.2013656353
0.151,0.369,542.2,0.1914354291,349204,0.2400774332,0.102,0.287,53329,11304.0,18533.0,1337,64990.0,117384.0,79.43484853,57493,41047,35618.808,128856.276,52729.804,66850.0175834364,100221.548,27738966.84607012
0.185,0.354,379.2,0.191628258,11700,0.2731623932,0.114,0.333,1108,295.0,430.0,103,59956.0,3794.0,79.097009216,1976,41049,1333.8,4141.8,2164.5,2242.0506186,3896.1000000000004,925435.0078272
0.151,0.266,675.9,0.2454331293,815637,0.1804332074,0.078,0.211,224001,39302.0,34987.0,7901,74707.0,255691.0,79.397451185,116360,41051,63619.686,216959.442,123161.18699999999,200184.3412828641,172099.407,64759498.89217984
0.161,0.31,405.4,0.2262974798,87744,0.2216105945,0.086,0.259,13364,2639.0,4100.0,265,66973.0,28673.0,80.396050516,16429,41053,7545.9839999999995,27200.64,14126.784,19856.2460675712,22725.696,7054271.056475904
0.184,0.316,449.4,0.2210411947,1801,0.1926707385,0.087,0.264,221,60.0,89.0,0,62271.0,542.0,81.746032128,457,41055,156.68699999999998,569.116,331.384,398.0951916547,475.464,147224.603862528
0.174,0.294,199.7,0.2218646825,27442,0.1852999053,0.085,0.262,3252,948.0,903.0,81,57533.0,8082.0,78.831998447,7515,41057,2332.57,8067.947999999999,4774.907999999999,6088.410617165,7189.804,2163307.701382574
0.179,0.347,434.9,0.1907869036,77752,0.2494340982,0.105,0.32,11463,2505.0,4753.0,337,62560.0,26103.0,77.703990804,12728,41059,8163.96,26979.944,13917.608,14834.0633287072,24880.64,6041640.692992608
0.179,0.32,383.8,0.2160930389,26551,0.2168279914,0.087,0.258,3748,944.0,1642.0,96,58779.0,8504.0,78.264826271,5770,41061,2309.937,8496.32,4752.629,5737.4862758339,6850.158,2078009.4023213212
0.174,0.286,152.6,0.2302455967,7181,0.1903634591,0.081,0.251,858,246.0,346.0,20,51506.0,2072.0,82.003815512,2168,41063,581.6610000000001,2053.7659999999996,1249.494,1653.3936299027,1802.431,588869.399191672
0.173,0.337,472.2,0.2123274408,26403,0.2175510359,0.093,0.272,3754,953.0,1040.0,158,55519.0,8794.0,77.614669194,5609,41065,2455.479,8897.811,4567.719,5606.0814194424,7181.616000000001,2049260.1107291821
0.122,0.27,442.0,0.2108506441,603514,0.2213005829,0.078,0.207,139030,20837.0,22137.0,2833,85385.0,220586.0,82.646252034,85949,41067,47074.092,162948.78,73628.708,127251.31562336741,124927.39799999999,49878170.15004747
0.201,0.333,,0.2157719306,1387,0.1434751262,0.095,0.292,175,30.0,65.0,3,43367.0,283.0,,519,41069,131.76500000000001,461.87100000000004,278.78700000000003,299.27566774219997,405.00399999999996,
0.168,0.324,267.0,0.2303171458,107664,0.2154387725,0.086,0.25,17429,3664.0,3772.0,511,68266.0,35799.0,79.968625086,19889,41071,9259.104,34883.136,18087.552,24796.8651854112,26916.0,8609742.051259104
0.1782384041,0.331,481.9,0.1978748533,12783254,0.2050148577,0.092,0.246,2131526,579932.0,679081.0,30391,64898.0,4530697.0,78.016446876,2447687,42000,1176059.368,4231257.074,2278466.7921649413,2529484.5099466383,3144680.484,997304056.5934145
0.203,0.358,202.9,0.1899540958,102742,0.1970080396,0.086,0.273,13083,3742.0,3394.0,103,70470.0,40323.0,79.60584971,22136,42001,8835.812,36781.636,20856.626,19516.2637106836,28048.566000000003,8178864.21090482
0.181,0.287,518.2,0.2252084811,1211358,0.1862719361,0.083,0.237,267791,57367.0,58691.0,4650,64236.0,426171.0,77.859284853,239803,42003,100542.714,347659.746,219255.79799999998,272808.0952483338,287091.84599999996,94315467.58096038
0.238,0.356,179.2,0.2033628345,64162,0.1893020791,0.091,0.292,7829,3074.0,2801.0,82,52958.0,24122.0,76.767346001,14924,42005,5838.742,22841.672,15270.555999999999,13048.166187189001,18735.304,4925546.454116163
0.216,0.373,386.1,0.2157062782,162575,0.1924342611,0.087,0.246,26996,8518.0,8313.0,208,56649.0,63878.0,76.462750182,36521,42007,14144.025,60640.475,35116.2,35068.448178365,39993.45,12430931.61083865
0.239,0.341,150.4,0.2038014249,47817,0.1920655834,0.091,0.31,5128,2133.0,1438.0,68,52643.0,17520.0,77.64543581,11455,42009,4351.347,16305.597000000002,11428.262999999999,9745.1727344433,14823.27,3712771.80412677
0.193,0.344,535.9,0.1866602213,421017,0.2205896674,0.097,0.283,58712,20043.0,25447.0,662,70057.0,159285.0,78.974116539,75685,42011,40838.649,144829.848,81256.281,78587.1263910621,119147.81099999999,33249445.622900162
0.233,0.363,339.0,0.2069767772,121007,0.2017899791,0.092,0.285,17221,5152.0,5803.0,312,52177.0,45888.0,76.54941949,26220,42013,11132.644,43925.541,28194.631,25045.6388786404,34486.994999999995,9263015.60422643
0.232,0.371,175.7,0.2006057855,60221,0.2184952093,0.091,0.295,7040,2107.0,3135.0,52,55787.0,20779.0,78.493632966,13461,42015,5480.111,22341.990999999998,13971.272,12080.6810085955,17765.195,4726965.070845487
0.167,0.314,259.0,0.2119262317,627987,0.2002764388,0.08,0.222,104948,28120.0,22504.0,1726,92441.0,261390.0,79.528074697,124652,42017,50238.96,197187.918,104873.82900000001,133086.9184665879,139413.114,49942597.04474494
0.17,0.307,250.7,0.2171875801,189135,0.1957173448,0.076,0.241,33080,7638.0,5393.0,343,74721.0,75052.0,78.780501927,37906,42019,14374.26,58064.445,32152.95,41077.7729622135,45581.534999999996,14900150.231963146
0.219,0.354,285.7,0.2007598869,128672,0.1899869435,0.092,0.277,18030,5363.0,6711.0,278,48653.0,45138.0,75.810705088,30539,42021,11837.824,45549.888,28179.168,25832.176167196798,35642.144,9754715.045083137
0.247,0.37,202.4,0.2050977583,4330,0.1713625866,0.095,0.302,510,256.0,251.0,1,46151.0,1456.0,78.198679299,1267,42023,411.35,1602.1,1069.51,888.0732934389999,1307.6599999999999,338600.28136467
0.217,0.348,172.9,0.197775387,64081,0.1894633355,0.09,0.285,7979,3087.0,2744.0,46,60593.0,24568.0,76.239223216,14205,42025,5767.29,22300.188,13905.577,12673.644574347,18263.085,4885485.662904496
0.19,0.321,465.6,0.1960176234,161496,0.1480160499,0.088,0.239,30047,4461.0,3300.0,358,62795.0,51571.0,82.510912693,25003,42027,14211.648,51840.216,30684.24,31656.062108606402,38597.544,13325182.356268726
0.137,0.293,270.3,0.185961454,526759,0.223155181,0.074,0.202,97371,18035.0,17122.0,1356,107491.0,202659.0,81.243894969,91151,42029,38980.166,154340.387,72165.98300000001,97956.869547586,106405.31800000001,42795952.86997547
0.233,0.358,241.9,0.2054228929,38305,0.1885915677,0.092,0.291,4861,1389.0,1235.0,57,52642.0,13569.0,77.503843826,7943,42031,3524.06,13713.189999999999,8925.065,7868.7239125344995,11146.755,2968784.73775493
0.237,0.377,239.7,0.1886461715,78612,0.1798834783,0.098,0.305,9509,3275.0,2973.0,225,48794.0,27277.0,77.235551525,16829,42033,7703.976000000001,29636.724,18631.043999999998,14829.852833957999,23976.66,6071641.1764833005
0.231,0.34,256.3,0.2034655542,37957,0.2010432858,0.093,0.293,4093,1542.0,1334.0,45,54652.0,13445.0,77.990910295,7451,42035,3530.0009999999997,12905.380000000001,8768.067000000001,7722.942040769401,11121.401,2960300.9820673154
0.221,0.351,347.9,0.1938979,64842,0.1749946023,0.091,0.276,8445,2701.0,2303.0,47,56176.0,25098.0,78.302860953,13208,42037,5900.621999999999,22759.541999999998,14330.082,12572.7276318,17896.392,5077314.109914427
0.239,0.33,242.2,0.1953652216,83697,0.2040574931,0.091,0.292,9266,3398.0,3671.0,123,52372.0,28663.0,77.013757637,18286,42039,7616.427,27620.010000000002,20003.583,16351.4829522552,24439.523999999998,6445820.472943989
0.175,0.345,301.9,0.2157825295,255857,0.2033596892,0.081,0.241,45227,8702.0,9217.0,558,69546.0,99665.0,80.077788222,49184,42041,20724.417,88270.665,44774.975,55209.470650281495,61661.537,20488462.661116254
0.189,0.353,673.7,0.1895776879,279874,0.2241258566,0.096,0.283,46900,12767.0,19508.0,712,63265.0,105661.0,78.177946809,49769,42043,26867.904000000002,98795.522,52896.186,53057.8658233246,79204.34199999999,21879974.685222067
0.172,0.321,570.6,0.2023735796,566753,0.2193018828,0.089,0.243,100383,26947.0,34590.0,1794,75174.0,195467.0,78.005997476,97909,42045,50441.017,181927.71300000002,97481.51599999999,114695.83335903879,137720.979,44210133.08751543
0.228,0.354,167.2,0.2039163056,29607,0.1906981457,0.085,0.273,3633,1871.0,1308.0,33,52952.0,12536.0,78.417516501,6843,42047,2516.5950000000003,10480.877999999999,6750.396000000001,6037.3500598992,8082.711,2321707.411045107
0.215,0.351,466.8,0.1945705488,268426,0.209323985,0.09,0.272,41817,12418.0,17803.0,612,55181.0,97382.0,77.581024635,51518,42049,24158.34,94217.526,57711.59,52227.7941321888,73011.872,20824764.118674513
0.242,0.385,355.8,0.1929961293,128126,0.1908746078,0.098,0.317,15677,6594.0,6680.0,495,45256.0,44867.0,74.874628442,28587,42051,12556.348,49328.51,31006.492,24727.8220626918,40615.942,9593386.643759692
0.263,0.403,165.6,0.190369586,6965,0.0424982053,0.117,0.345,708,191.0,62.0,3,40667.0,1055.0,77.217419839,1744,42053,814.9050000000001,2806.895,1831.795,1325.92416649,2402.9249999999997,537819.329178635
0.208,0.368,299.9,0.188403747,155637,0.2195364855,0.088,0.28,19989,5876.0,6913.0,196,57812.0,58824.0,78.857700788,31690,42055,13696.055999999999,57274.416,32372.496,29322.593971839,43578.36,12273175.977541957
0.241,0.357,268.4,0.2020266556,14501,0.1972277774,0.09,0.288,1546,890.0,615.0,7,61202.0,5416.0,78.450012924,3224,42057,1305.09,5176.857,3494.741,2929.5885328556,4176.288,1137603.637410924
0.239,0.373,298.1,0.2033449319,35621,0.1921900003,0.093,0.295,4447,1556.0,1788.0,44,59324.0,11101.0,75.307566095,7144,42059,3312.753,13286.633,8513.419,7243.3498192099,10508.195,2682530.8118699947
0.231,0.362,194.9,0.2058112892,44590,0.1767885176,0.093,0.281,5248,2063.0,1572.0,51,55282.0,14265.0,78.298934218,9675,42061,4146.87,16141.58,10300.29,9177.125385428,12529.79,3491349.47678062
0.233,0.328,406.8,0.1900486627,83664,0.1794320138,0.093,0.291,10825,3428.0,2274.0,309,53533.0,27947.0,77.589466159,17171,42063,7780.7519999999995,27441.792,19493.712,15900.2313161328,24346.224,6491445.096726576
0.246,0.374,138.2,0.2035994656,43108,0.2130231048,0.094,0.293,4648,1763.0,1591.0,36,52856.0,16014.0,77.274592304,9390,42065,4052.152,16122.392,10604.568,8776.7657630848,12630.643999999998,3331153.125040832
0.241,0.37,141.3,0.195072192,24619,0.2214955928,0.094,0.306,2562,902.0,545.0,4,59591.0,9012.0,78.916860147,5205,42067,2314.186,9109.03,5933.179,4802.4822948480005,7533.414,1942854.1799589929
0.209,0.345,262.3,0.1886703839,208989,0.2037092861,0.093,0.276,31924,9962.0,11837.0,512,56911.0,76492.0,76.558674112,43142,42069,19435.977,72101.20499999999,43678.701,39430.034860877095,57680.96400000001,15999920.74399277
0.2,0.313,310.0,0.183659716,546192,0.2323267276,0.092,0.255,78456,21118.0,20909.0,908,73006.0,206476.0,79.978067361,103569,42071,50249.664,170958.096,109238.40000000001,100313.467601472,139278.96,43683380.56803931
0.224,0.345,388.2,0.1975719651,85083,0.199170222,0.091,0.288,11284,4152.0,4571.0,111,50373.0,31411.0,75.77456159,19528,42073,7742.553,29353.635,19058.592,16810.0155066033,24503.904,6447127.02376197
0.214,0.35,348.4,0.1921218431,141663,0.2255987802,0.095,0.282,17886,5703.0,7919.0,439,63605.0,53316.0,78.432479442,28532,42075,13457.985,49582.049999999996,30315.881999999998,27216.5566590753,39948.96599999999,11110980.335192047
0.176,0.374,558.1,0.1830749268,370802,0.2258105404,0.102,0.281,60725,18308.0,23808.0,765,65733.0,139204.0,78.984690468,64419,42077,37821.804,138679.948,65261.151999999995,67884.54900729361,104195.36200000001,29287681.194915336
0.217,0.332,438.2,0.2122088818,316982,0.1995286799,0.096,0.307,46390,17091.0,20331.0,369,52281.0,117902.0,75.670570336,64528,42079,30430.272,105238.024,68785.094,67266.3957707276,97313.474,23986208.72624595
0.223,0.342,402.5,0.1957770632,113209,0.2043830438,0.09,0.265,16920,4913.0,5641.0,206,56751.0,42329.0,77.426156351,22998,42081,10188.81,38717.478,25245.607,22163.725547808797,30000.385000000002,8765337.734340359
0.238,0.355,288.0,0.1993552926,40333,0.1962660848,0.096,0.288,4971,1685.0,1951.0,49,52359.0,13846.0,76.895425751,8191,42083,3871.9680000000003,14318.215,9599.253999999999,8040.5970164358005,11615.903999999999,3101423.206815083
0.22,0.337,395.7,0.1943505568,108545,0.190593763,0.091,0.273,13474,4651.0,5423.0,210,51743.0,38487.0,76.247647885,24802,42085,9877.595,36579.665,23879.9,21095.781187856,29632.785000000003,8276300.939677326
0.255,0.372,260.1,0.1907040809,46064,0.2236670719,0.096,0.323,4252,1767.0,1707.0,47,54517.0,17524.0,76.921528005,10249,42087,4422.144,17135.808,11746.32,8784.5927825776,14878.672,3543313.26602232
0.195,0.357,416.4,0.1927699866,170154,0.1931603136,0.102,0.283,22305,9390.0,8056.0,218,71686.0,60861.0,78.212586223,31513,42089,17355.708,60744.977999999996,33180.03,32800.5842999364,48153.581999999995,13308184.396188343
0.149,0.296,299.5,0.2010186376,833869,0.2136258813,0.08,0.209,165292,34036.0,30413.0,3200,94094.0,323026.0,80.458316783,154709,42091,66709.52,246825.224,124246.481,167623.2103168744,174278.62099999998,67091696.15752343
0.204,0.338,329.1,0.1941348872,18042,0.2014743377,0.086,0.271,2855,554.0,889.0,114,63341.0,6967.0,77.975279937,3996,42093,1551.6119999999999,6098.196000000001,3680.5679999999998,3502.5816348624,4889.3820000000005,1406830.000623354
0.18,0.326,413.4,0.2127646621,305892,0.1963732298,0.089,0.261,48096,14239.0,12684.0,787,73903.0,120492.0,79.737107072,61061,42095,27224.388,99720.792,55060.56,65083.0080190932,79837.812,24390943.156468224
0.239,0.38,285.1,0.1897365955,90258,0.1944979946,0.094,0.296,10840,3959.0,4152.0,42,47825.0,32990.0,76.13374814,20033,42097,8484.252,34298.04,21571.662,17125.245636639,26716.368,6871679.83962012
0.224,0.339,153.4,0.2091480117,46212,0.2114818662,0.089,0.28,5270,1629.0,1323.0,17,68991.0,17543.0,77.654536385,9107,42099,4112.8679999999995,15665.868,10351.488,9665.1479166804,12939.36,3588571.43542362
0.202,0.329,1284.9,0.1742644845,1578487,0.2146055051,0.131,0.319,325972,89529.0,167711.0,4667,55102.0,343245.0,75.290700539,226967,42101,206781.79700000002,519322.223,318854.374,275074.2233449515,503537.353,118845392.0217045
0.183,0.348,173.8,0.2069294982,56072,0.1725638465,0.092,0.267,7617,2639.0,1550.0,56,66614.0,19737.0,79.732009446,13462,42103,5158.624,19513.055999999997,10261.176,11602.9508230704,14971.224,4470733.233656112
0.245,0.345,133.1,0.1955849537,16453,0.1999635325,0.094,0.301,1718,669.0,662.0,4,51744.0,5247.0,78.947710087,4120,42105,1546.582,5676.285,4030.985,3217.9592432261,4952.353,1298926.674061411
0.237,0.343,254.7,0.1987021487,140709,0.196575912,0.093,0.294,17965,6107.0,7940.0,133,52307.0,51072.0,74.997642206,29798,42107,13085.937,48263.187000000005,33348.032999999996,27959.1806414283,41368.445999999996,10552843.237164054
0.227,0.345,218.0,0.2017177039,40317,0.2060421162,0.089,0.282,4395,1483.0,1040.0,27,58474.0,15245.0,80.761769703,8043,42109,3588.2129999999997,13909.365,9151.959,8132.652668136299,11369.393999999998,3256072.269115851
0.234,0.387,128.0,0.2071399707,72916,0.1797273575,0.093,0.291,8393,3094.0,2464.0,81,51916.0,26444.0,77.649689798,17093,42111,6781.188,28218.492000000002,17062.344,15103.818103561201,21218.555999999997,5661904.781310968
0.236,0.351,511.0,0.2036335194,5913,0.0985963132,0.091,0.286,526,221.0,137.0,1,52821.0,2172.0,77.373569299,1777,42113,538.083,2075.4629999999997,1395.4679999999998,1204.0850002122,1691.118,457509.915264987
0.224,0.355,116.5,0.1987383316,40006,0.1865720142,0.089,0.28,3952,1451.0,1720.0,31,55560.0,14254.0,78.48976863,9879,42115,3560.5339999999997,14202.13,8961.344000000001,7950.725693989601,11201.68,3140061.68381178
0.238,0.362,192.2,0.1980225877,40381,0.1971719373,0.09,0.298,4735,1703.0,1542.0,52,47683.0,14557.0,78.373934913,9302,42117,3634.29,14617.921999999999,9610.678,7996.3501139137,12033.537999999999,3164817.865721853
0.202,0.361,153.6,0.2072824039,44294,0.1771346006,0.091,0.263,5701,1305.0,878.0,67,62306.0,12908.0,82.060407987,8429,42119,4030.754,15990.134,8947.388,9181.3667983466,11649.322,3634783.711376178
0.232,0.359,321.7,0.1994850902,50328,0.1879073279,0.093,0.283,5577,1968.0,2286.0,90,52559.0,17481.0,77.166089088,12147,42121,4680.504,18067.752,11676.096000000001,10039.6856195856,14242.823999999999,3883614.931620864
0.225,0.363,158.2,0.2036687155,38911,0.1936470407,0.089,0.279,4801,1505.0,1639.0,46,52729.0,13840.0,78.526160517,9419,42123,3463.0789999999997,14124.693,8754.975,7924.953388820501,10856.169000000002,3055531.4318769868
0.192,0.348,300.2,0.2148470831,206803,0.1945571389,0.081,0.262,33229,9871.0,7945.0,257,65808.0,79072.0,77.09213508,44460,42125,16751.043,71967.44399999999,39706.176,44431.0213263293,54182.386,15942884.810949242
0.211,0.352,136.3,0.20686177,51163,0.1622852452,0.093,0.278,5951,2027.0,1611.0,48,55627.0,16935.0,78.219093125,12846,42127,4758.159,18009.376,10795.393,10583.66873851,14223.314000000002,4001923.461554375
0.205,0.355,222.7,0.2282339947,347087,0.1811534284,0.082,0.256,54453,16077.0,11542.0,629,59349.0,138773.0,77.633177943,82748,42129,28461.134000000002,123215.885,71152.83499999999,79217.0525184389,88854.272,26945466.832702044
0.215,0.354,160.5,0.2116971154,26557,0.1915502504,0.087,0.274,3181,1110.0,1091.0,17,59305.0,10063.0,76.139523753,6019,42131,2310.459,9401.178,5709.755,5622.0402936778,7276.618,2022037.3323084211
0.193,0.344,388.6,0.2162974906,450448,0.2180296061,0.085,0.273,66871,18647.0,22680.0,587,71655.0,183722.0,78.595325222,83103,42133,38288.08,154954.112,86936.464,97430.7720457888,122972.304,35403107.05559946
0.1384640207,0.301,539.8,0.2167898746,1057125,0.1909414686,0.091,0.26,184051,50836.0,55029.0,4714,73919.0,417883.0,79.371068033,192477,44000,96198.375,318194.625,146373.77788248748,229173.99618652498,274852.5,83905140.29438512
0.145,0.268,259.9,0.2313671981,48350,0.1825025853,0.077,0.201,8545,1896.0,1338.0,113,94591.0,19358.0,81.154967721,10026,44001,3722.95,12957.800000000001,7010.749999999999,11186.604028135,9718.35,3923842.6893103505
0.165,0.296,261.7,0.2191351574,164646,0.1840980042,0.085,0.244,29281,7721.0,5345.0,582,82413.0,72385.0,78.963426591,32853,44003,13994.910000000002,48735.216,27166.59,36079.7271252804,40173.623999999996,13001012.334501786
0.13,0.282,322.8,0.249103623,81836,0.1639620705,0.076,0.199,14879,3464.0,3446.0,301,81218.0,33370.0,82.019912292,19370,44005,6219.536,23077.751999999997,10638.68,20385.644091828,16285.364000000001,6712181.542328112
0.166,0.328,687.4,0.1900371409,636547,0.2031271846,0.107,0.292,112921,32616.0,40187.0,3283,67752.0,240300.0,78.674091049,102173,44007,68110.529,208787.416,105666.80200000001,120967.5719284723,185871.724,50079756.634967804
0.16,0.256,363.1,0.2234888046,125746,0.1590189748,0.074,0.2,18425,5139.0,4713.0,432,83925.0,52470.0,80.782324046,28055,44009,9305.204,32190.976000000002,20119.36,28102.8232232316,25149.2,10158054.119488316
0.1840849429,0.355,698.2,0.2168749333,5218040,0.2142423209,0.115,0.285,822590,147189.0,341625.0,9956,57216.0,1879042.0,76.436530468,976375,45000,600074.6,1852404.2,960562.595449916,1131662.076956732,1487141.4,398848873.4432427
0.229,0.383,509.6,0.2054436329,24404,0.1954187838,0.125,0.316,2821,670.0,1637.0,15,47219.0,7860.0,74.963828697,5665,45001,3050.5,9346.732,5588.5160000000005,5013.6464172916,7711.664,1829417.2755215878
0.183,0.372,643.2,0.2122130771,172895,0.2123311837,0.117,0.272,23912,3788.0,10791.0,268,57128.0,59987.0,75.830489414,35425,45003,20228.715,64316.94,31639.785,36690.5799652045,47027.44,13110712.46723353
0.254,0.464,1174.0,0.1728266909,8331,0.1924138759,0.177,0.39,717,249.0,1100.0,10,32701.0,2107.0,71.170098972,1825,45005,1474.587,3865.5840000000003,2116.074,1439.8191618879,3249.09,592918.0945357321
0.209,0.374,586.0,0.2121853896,204353,0.2248413285,0.112,0.3,30170,5402.0,10722.0,349,52667.0,75051.0,75.110440707,38030,45007,22887.536,76428.022,42709.777,43360.7209209288,61305.899999999994,15349043.88979757
0.227,0.41,1151.7,0.1951013055,13906,0.1809290954,0.149,0.349,1740,438.0,1179.0,6,39969.0,4295.0,72.251039835,3260,45009,2071.9939999999997,5701.46,3156.6620000000003,2713.078754283,4853.1939999999995,1004722.95994551
0.242,0.419,742.8,0.1930346353,20805,0.236097092,0.147,0.355,2309,587.0,2861.0,37,41717.0,7062.0,72.039733253,4042,45011,3058.335,8717.295,5034.8099999999995,4016.0855874165,7385.775,1498786.6503286648
0.156,0.278,498.6,0.2614200124,195656,0.1792942716,0.096,0.225,25192,4166.0,9758.0,317,76515.0,65074.0,82.575936172,56167,45013,18782.976,54392.368,30522.336,51148.393946134405,44022.6,16156477.367668832
0.19,0.354,500.6,0.2169739726,235987,0.2366316789,0.114,0.285,40445,5874.0,14568.0,290,70371.0,88595.0,78.346260174,34611,45015,26902.518,83539.398,44837.53,51203.0368719562,67256.295,18488698.899681736
0.2,0.373,405.4,0.2102276769,14554,0.1881269754,0.125,0.308,2000,399.0,938.0,2,50977.0,5904.0,74.376802921,3556,45017,1819.25,5428.642,2910.8,3059.6536096025998,4482.632,1082479.9897122341
0.157,0.303,760.8,0.2988641087,417981,0.1925207127,0.098,0.242,92360,13387.0,24410.0,1599,72451.0,162357.0,78.771635257,72734,45019,40962.138,126648.243,65623.017,124919.5190185347,101151.402,32925046.876356117
0.237,0.369,762.7,0.2068165627,57316,0.2260101891,0.12,0.34,7359,2039.0,4055.0,34,45085.0,19323.0,72.66717399,10016,45021,6877.92,21149.604,13583.892,11853.898107713201,19487.440000000002,4164991.74441084
0.231,0.383,775.3,0.2099806432,32232,0.2251799454,0.135,0.338,3859,1220.0,2314.0,16,45366.0,11113.0,70.775487611,6244,45023,4351.320000000001,12344.856,7445.592000000001,6768.0960916224,10894.416000000001,2281235.516677752
0.238,0.398,716.3,0.2016868371,45606,0.218304609,0.138,0.367,4742,1323.0,3394.0,56,44792.0,16571.0,73.179324808,8845,45025,6293.628000000001,18151.188000000002,10854.228,9198.1298927826,16737.402,3337416.287193648
0.228,0.41,829.8,0.190711093,33415,0.1837198863,0.145,0.323,3379,863.0,2620.0,36,52983.0,9495.0,74.430837505,8405,45027,4845.174999999999,13700.15,7618.62,6372.6111725949995,10793.045,2487106.435229575
0.248,0.357,772.4,0.2043304642,37481,0.2253941997,0.14,0.36,4511,1015.0,3271.0,47,44399.0,12367.0,70.65843003,7828,45029,5247.34,13380.716999999999,9295.288,7658.5101286802,13493.16,2648348.6159544303
0.229,0.382,918.7,0.2030479272,66509,0.2189628471,0.134,0.326,8569,1979.0,5782.0,86,42082.0,21984.0,72.747457503,13360,45031,8912.206,25406.438000000002,15230.561000000002,13504.5145901448,21681.934,4838360.651067028
0.261,0.441,1053.2,0.1701486039,30367,0.2517206178,0.158,0.389,3540,814.0,3225.0,42,40930.0,8932.0,70.561074315,5341,45033,4797.986,13391.847,7925.787,5166.9026546313,11812.763,2142728.143723605
0.181,0.385,678.7,0.2327367746,165737,0.2399645221,0.108,0.262,29059,4519.0,11644.0,213,62928.0,64126.0,77.803256432,24812,45035,17899.596,63808.745,29998.397,38573.0948118802,43423.094000000005,12894878.311270384
0.208,0.383,509.9,0.2197916654,27120,0.173119469,0.129,0.313,3102,552.0,1861.0,17,55005.0,8875.0,79.000320859,5527,45037,3498.48,10386.960000000001,5640.96,5960.749965648,8488.56,2142488.70169608
0.223,0.425,765.2,0.191236507,22059,0.1835078653,0.149,0.359,2293,760.0,2067.0,23,45648.0,8657.0,72.500345823,5150,45039,3286.7909999999997,9375.074999999999,4919.157,4218.486107913,7919.181,1599285.128509557
0.204,0.355,952.3,0.1967169193,137588,0.2336395616,0.127,0.335,21238,3744.0,12409.0,338,47429.0,50720.0,72.524910976,24573,45041,17473.676,48843.74,28067.951999999997,27065.8874926484,46091.98,9978557.451365888
0.192,0.378,593.5,0.2052056999,63353,0.1740722618,0.121,0.291,7148,1965.0,4226.0,60,57991.0,20103.0,75.251674079,18901,45043,7665.713,23947.434,12163.776,13000.3967057647,18435.722999999998,4767419.307926887
0.15,0.331,599.4,0.2182608847,532486,0.2278538778,0.107,0.268,96956,14613.0,28513.0,1342,62475.0,202179.0,77.971132783,88239,45045,56976.002,176252.866,79872.9,116220.86545036419,142706.24800000002,41518536.61108854
0.201,0.389,659.5,0.2056360763,71074,0.2255677182,0.129,0.331,9620,2012.0,6220.0,242,43711.0,24855.0,74.912863872,13714,45047,9168.546,27647.786,14285.874000000002,14615.3784869462,23525.494000000002,5324356.886838528
0.243,0.451,780.4,0.1863546704,18053,0.2204619731,0.159,0.389,1889,411.0,1351.0,17,43614.0,6194.0,71.473164559,3753,45049,2870.427,8141.903,4386.879,3364.2608647312,7022.617,1290305.039783627
0.229,0.318,570.2,0.2422064775,365449,0.1731404382,0.106,0.291,45888,12741.0,20909.0,575,55055.0,122039.0,76.467964787,94875,45051,38737.594,116212.782,83687.821,88514.1149958975,106345.659,27945141.263444364
0.215,0.393,731.6,0.1913977045,31588,0.1896922882,0.143,0.344,3716,657.0,1843.0,24,48988.0,10230.0,77.205592554,6871,45053,4517.084,12414.084,6791.42,6045.870689746,10866.271999999999,2438770.2575957524
0.203,0.361,455.3,0.2173542168,67472,0.2291913683,0.114,0.303,9392,1566.0,3547.0,89,60397.0,23654.0,75.72502636,12932,45055,7691.808,24357.392,13696.816,14665.3237159296,20444.016,5109318.97856192
0.182,0.347,406.1,0.2079088971,100926,0.2135624121,0.11,0.287,15310,2923.0,5453.0,56,63019.0,32301.0,77.123498036,22209,45057,11101.86,35021.322,18368.532,20983.4133487146,28965.762,7783766.162781336
0.233,0.396,622.3,0.1971436304,67883,0.2181842287,0.125,0.329,8190,2075.0,5310.0,46,43766.0,22495.0,73.342417433,12963,45059,8485.375,26881.668,15816.739000000001,13382.701062443199,22333.507,4978703.322604339
0.241,0.416,1111.2,0.1813454065,16701,0.1915454164,0.16,0.374,1723,519.0,1626.0,19,40400.0,5261.0,70.396425824,3342,45061,2672.16,6947.616,4024.941,3028.6496339565,6246.174,1175690.707686624
0.174,0.313,493.7,0.2241876415,303946,0.2278924546,0.103,0.263,50668,6557.0,17048.0,514,62839.0,117768.0,77.712209366,51064,45063,31306.438,95135.098,52886.604,68140.936883359,79937.79800000001,23620315.187958233
0.212,0.405,454.4,0.2098328483,9430,0.1101802757,0.135,0.312,740,224.0,613.0,6,50698.0,2624.0,72.567416718,3479,45065,1273.0500000000002,3819.15,1999.1599999999999,1978.723759469,2942.16,684310.73965074
0.248,0.431,1079.7,0.179012863,30158,0.2232575104,0.155,0.382,2933,1037.0,3853.0,36,38498.0,9495.0,70.687307343,6385,45067,4674.49,12998.098,7479.184,5398.669922354,11520.356,2131787.814850194
0.262,0.416,796.4,0.1826647797,25581,0.1997185411,0.164,0.381,2660,911.0,2420.0,67,38877.0,7417.0,71.409751191,4921,45069,4195.284000000001,10641.696,6702.222000000001,4672.7477295057,9746.361,1826732.845216971
0.213,0.362,975.5,0.2038142752,38445,0.2131356483,0.124,0.322,4386,921.0,3376.0,23,52202.0,15041.0,75.350824533,7976,45071,4767.18,13917.09,8188.785,7835.639810064,12379.29,2896862.4491711846
0.202,0.316,428.7,0.2138088162,80015,0.1950009373,0.105,0.279,10203,1876.0,4527.0,79,58061.0,26523.0,76.424794935,19338,45073,8401.574999999999,25284.74,16163.03,17107.912428243,22324.185,6115129.966724024
0.206,0.405,1215.0,0.1819086397,85343,0.2171589937,0.15,0.334,11094,3155.0,9336.0,145,41335.0,28939.0,72.644315693,17955,45075,12801.449999999999,34563.915,17580.658,15524.6290379171,28504.562,6199683.834187699
0.192,0.319,547.0,0.2250791705,127983,0.1858996898,0.105,0.287,18374,3037.0,5077.0,166,54588.0,44978.0,76.321532233,21970,45077,13438.215,40826.577,24572.736,28806.307478101502,36731.121,9767858.65977604
0.168,0.336,1185.8,0.2240984139,419051,0.2133702103,0.116,0.256,80798,11661.0,33458.0,1493,56993.0,155244.0,77.036613267,57157,45079,48609.916000000005,140801.136,70400.568,93908.6644432089,107277.056,32282269.82614962
0.211,0.388,498.2,0.1953569839,20315,0.2130445484,0.132,0.34,2381,370.0,1292.0,12,46216.0,6511.0,77.187741834,4308,45081,2681.58,7882.22,4286.465,3968.6771279285,6907.1,1568068.97535771
0.2,0.361,595.4,0.2102100275,326205,0.230664766,0.115,0.282,49942,10427.0,20202.0,405,53485.0,119737.0,75.459142223,54390,45083,37513.575000000004,117760.00499999999,65241.0,68571.5620206375,91989.81,24615149.488853715
0.203,0.398,889.2,0.1988307555,106360,0.2378525762,0.135,0.339,17378,2947.0,9132.0,157,45724.0,38407.0,74.270834808,18339,45085,14358.6,42331.28,21591.08,21147.639154980003,36056.04,7899445.99017888
0.241,0.376,911.6,0.1977371111,26991,0.2115519988,0.132,0.344,3085,1077.0,1811.0,25,46567.0,9385.0,72.211724661,5662,45087,3562.8120000000004,10148.616,6504.831,5337.1223657001,9284.903999999999,1949066.660325051
0.245,0.457,1251.3,0.1780351074,29825,0.2,0.162,0.359,3238,972.0,2817.0,38,38186.0,9763.0,71.164361247,6748,45089,4831.650000000001,13630.025,7307.125,5309.897078205,10707.175,2122477.074191775
0.156,0.368,568.0,0.2280711385,289105,0.2380588368,0.097,0.249,51561,8747.0,17059.0,516,72579.0,107444.0,77.856328756,43468,45091,28043.185,106390.64,45100.38,65936.5064960425,71987.145,22508653.92500338
0.189920849,0.331,514.0,0.2438099554,892717,0.2447348936,0.093,0.289,150400,21512.0,48656.0,1796,61149.0,352936.0,78.194909463,157177,46000,83022.681,295489.327,169545.570556733,217653.2919548218,257995.213,69805924.99108097
0.169,0.322,363.5,0.2349199133,2730,0.247985348,0.078,0.302,406,48.0,73.0,3,54916.0,1082.0,78.31655447,576,46003,212.94,879.0600000000001,461.37,641.331363309,824.4599999999999,213804.1937031
0.188,0.33,292.6,0.2153259511,18513,0.2754820937,0.095,0.359,2562,361.0,555.0,55,54033.0,7072.0,77.954086753,3321,46005,1758.7350000000001,6109.29,3480.444,3986.3293327143,6646.1669999999995,1443164.008058289
0.299,0.422,713.2,0.1692181648,3399,0.3339217417,0.143,0.42,444,54.0,559.0,1,45478.0,875.0,71.081746199,461,46007,486.05699999999996,1434.378,1016.3009999999999,575.1725421552,1427.58,241606.85533040098
0.205,0.335,115.9,0.2246008668,6848,0.1958235981,0.091,0.317,868,117.0,258.0,1,52890.0,1927.0,80.047593352,1421,46009,623.168,2294.08,1403.84,1538.0667358464,2170.816,548165.919274496
0.143,0.319,410.5,0.2213767358,35603,0.2109934556,0.079,0.269,6423,811.0,1127.0,48,64542.0,14422.0,80.963970375,4581,46011,2812.637,11357.357,5091.228999999999,7881.6759246874,9577.207,2882560.237261125
0.167,0.343,393.9,0.221347693,38738,0.2375187155,0.076,0.293,6559,904.0,1444.0,154,64993.0,16788.0,79.956601156,7017,46013,2944.0879999999997,13287.134000000002,6469.246,8574.566931434001,11350.233999999999,3097358.815581128
0.189,0.335,490.8,0.2160947962,5254,0.2664636467,0.082,0.317,692,109.0,261.0,6,56691.0,1993.0,78.761821227,1003,46015,430.82800000000003,1760.0900000000001,993.006,1135.3620592348,1665.518,413814.608726658
0.356,0.438,1783.9,0.1639632016,1956,0.3798568507,0.176,0.454,174,55.0,350.0,5,22901.0,439.0,61.055822731,175,46017,344.256,856.728,696.336,320.7120223296,888.024,119425.189261836
0.209,0.334,383.5,0.2255821599,10538,0.249572974,0.089,0.342,1055,268.0,519.0,4,52346.0,3271.0,78.323083451,2181,46019,937.882,3519.692,2202.442,2377.1848010262,3603.996,825368.6534066381
0.166,0.3,,0.2364833183,1380,0.1746376812,0.074,0.279,227,29.0,17.0,1,52931.0,467.0,,423,46021,102.11999999999999,414.0,229.08,326.346979254,385.02000000000004,
0.238,0.369,699.5,0.2019214037,9262,0.3010148996,0.108,0.354,1141,240.0,887.0,6,44865.0,2893.0,72.547955514,1736,46023,1000.2959999999999,3417.678,2204.3559999999998,1870.1960410694,3278.748,671939.163970668
0.188,0.322,107.1,0.2201527784,3802,0.2811678064,0.087,0.318,503,86.0,117.0,0,54164.0,1254.0,79.820275763,851,46025,330.774,1224.2440000000001,714.776,837.0208634768,1209.036,303476.688450926
0.171,0.297,554.4,0.2122392877,14246,0.1761898077,0.086,0.29,2425,323.0,569.0,10,49834.0,4639.0,78.461100012,1781,46027,1225.156,4231.062,2436.0660000000003,3023.5608925742,4131.34,1117756.830770952
0.186,0.346,307.0,0.2234432114,28186,0.2346909813,0.082,0.295,4655,754.0,1358.0,77,62123.0,12829.0,79.472182828,5269,46029,2311.252,9752.356,5242.596,6297.9703565204,8314.869999999999,2240002.9451900083
0.334,0.41,1541.9,0.1648272181,4031,0.3646737782,0.165,0.433,431,67.0,595.0,4,29860.0,718.0,64.106588345,494,46031,665.115,1652.7099999999998,1346.354,664.4185161611,1745.423,258413.65761869503
0.18,0.31,167.2,0.2033666856,9017,0.1450593324,0.085,0.311,812,243.0,304.0,5,66654.0,2897.0,80.574631813,2948,46033,766.445,2795.27,1623.06,1833.7574040552001,2804.287,726541.455057821
0.181,0.337,470.3,0.2193645808,19812,0.2330910559,0.083,0.305,3201,455.0,953.0,31,53664.0,8715.0,78.242057405,3975,46035,1644.3960000000002,6676.644,3585.9719999999998,4346.051074809599,6042.66,1550131.64130786
0.215,0.361,276.5,0.2281673495,5345,0.2209541628,0.089,0.332,667,154.0,291.0,0,50445.0,2007.0,76.597131075,1447,46037,475.705,1929.5449999999998,1149.175,1219.5544830775,1774.5400000000002,409411.66559587495
0.19,0.314,,0.2453774611,4346,0.2399907961,0.077,0.32,693,125.0,61.0,0,58488.0,1826.0,82.012677657,967,46039,334.642,1364.644,825.74,1066.4104459406,1390.72,356427.097097322
0.321,0.444,2172.4,0.1860231874,5789,0.3786491622,0.16,0.424,626,174.0,773.0,2,40429.0,1509.0,65.257139259,580,46041,926.24,2570.3160000000003,1858.269,1076.8882318586,2454.536,377773.579170351
0.184,0.318,,0.2354568272,2906,0.261871989,0.078,0.306,370,46.0,47.0,1,59404.0,1056.0,80.62245032,706,46043,226.668,924.1080000000001,534.704,684.2375398432,889.236,234288.84062991999
0.174,0.338,,0.2429139085,3817,0.2260937909,0.074,0.298,661,58.0,102.0,0,56671.0,1349.0,81.810617381,876,46045,282.45799999999997,1290.1460000000002,664.1579999999999,927.2023887445,1137.466,312271.126543277
0.194,0.35,223.4,0.2081190864,6708,0.1678592725,0.093,0.333,755,179.0,260.0,46,48927.0,2009.0,74.714002649,2050,46047,623.844,2347.7999999999997,1301.352,1396.0628315712,2233.764,501181.529769492
0.175,0.316,,0.2225286267,2306,0.2549869905,0.079,0.298,273,36.0,23.0,0,50213.0,696.0,79.466281657,564,46049,182.174,728.696,403.54999999999995,513.1510131702,687.188,183249.245501042
0.175,0.318,212.7,0.233635519,7000,0.2194285714,0.08,0.311,1045,176.0,245.0,1,59637.0,3029.0,78.025184331,1562,46051,560.0,2226.0,1225.0,1635.4486330000002,2177.0,546176.290317
0.211,0.34,238.9,0.2205754208,4219,0.2372600142,0.092,0.331,590,78.0,154.0,1,43060.0,1538.0,76.634265272,1090,46053,388.14799999999997,1434.46,890.209,930.6077003552,1396.489,323319.96518256795
0.21,0.324,210.6,0.2315934322,1861,0.2326706072,0.092,0.348,213,27.0,77.0,0,50898.0,606.0,79.371891356,470,46055,171.212,602.964,390.81,430.99537732420004,647.6279999999999,147711.089813516
0.177,0.33,162.2,0.2256067405,6234,0.3213025345,0.079,0.316,732,116.0,202.0,0,62651.0,2144.0,76.244655329,990,46057,492.486,2057.2200000000003,1103.418,1406.4324202770001,1969.944,475309.18132098595
0.171,0.321,0.0,0.2374937307,3127,0.2165014391,0.074,0.285,411,47.0,120.0,0,59237.0,1126.0,80.826407336,822,46059,231.398,1003.767,534.717,742.6428958989,891.1949999999999,252744.175739672
0.177,0.31,115.8,0.23614252,3489,0.2966466036,0.077,0.298,479,91.0,277.0,0,62597.0,1303.0,79.452032138,566,46061,268.653,1081.59,617.553,823.90125228,1039.722,277208.140129482
0.173,0.321,0.0,0.2306267468,1311,0.2273073989,0.077,0.302,220,26.0,23.0,0,58732.0,273.0,,270,46063,100.947,420.831,226.803,302.3516650548,395.92199999999997,
0.172,0.303,439.3,0.2299935229,17336,0.2437701892,0.079,0.279,3398,335.0,737.0,42,70615.0,7099.0,77.749795453,3157,46065,1369.544,5252.808,2981.792,3987.1677129944,4836.744000000001,1347870.453973208
0.181,0.324,,0.2283691162,7282,0.2581708322,0.079,0.309,1083,137.0,189.0,2,54669.0,2848.0,78.788717493,1667,46067,575.278,2359.368,1318.042,1662.9839041684,2250.138,573739.4407840259
0.177,0.32,0.0,0.2285981049,1281,0.2209211553,0.078,0.29,242,21.0,27.0,0,55510.0,600.0,,337,46069,99.918,409.92,226.737,292.83417237689997,371.48999999999995,
0.301,0.382,717.7,0.1775605657,3321,0.3486901536,0.145,0.429,378,52.0,517.0,1,36853.0,633.0,75.045241123,459,46071,481.54499999999996,1268.622,999.621,589.6786386897,1424.709,249225.24576948298
0.169,0.315,198.7,0.2306130515,1985,0.2337531486,0.077,0.296,273,29.0,35.0,0,49086.0,708.0,79.866617322,552,46073,152.845,625.275,335.46500000000003,457.7669072275,587.56,158535.23538417
0.177,0.321,,0.225012085,938,0.2313432836,0.078,0.296,106,19.0,108.0,0,49156.0,261.0,,243,46075,73.164,301.098,166.02599999999998,211.06133573,277.64799999999997,
0.175,0.307,263.2,0.2408291937,4987,0.2348105073,0.076,0.291,681,98.0,118.0,0,56758.0,1977.0,81.325083561,1170,46077,379.012,1531.009,872.7249999999999,1201.0151889819,1451.2169999999999,405568.191718707
0.172,0.293,211.0,0.2321009733,12488,0.1977898783,0.079,0.286,1676,246.0,476.0,16,65643.0,5440.0,82.804803806,2986,46079,986.552,3658.984,2147.9359999999997,2898.4769545704003,3571.5679999999998,1034066.389929328
0.172,0.293,379.2,0.2128513203,26221,0.1712367949,0.078,0.28,4127,841.0,716.0,49,56366.0,10474.0,80.225881629,6125,46081,2045.238,7682.753,4510.012,5581.1744695863,7341.880000000001,2103602.842194009
0.153,0.3,268.3,0.2320558408,63019,0.2717434425,0.066,0.259,13494,1294.0,2501.0,178,86972.0,26225.0,83.8816291,8873,46083,4159.254,18905.7,9641.907,14623.9270313752,16321.921,5286136.3842529
0.243,0.358,1110.8,0.2020656012,3797,0.2870687385,0.111,0.352,537,94.0,433.0,2,43531.0,1220.0,73.270330102,667,46085,421.467,1359.326,922.6709999999999,767.2430877564,1336.5439999999999,278207.44339729403
0.177,0.325,196.9,0.2282780872,5520,0.2773550725,0.079,0.297,777,113.0,186.0,0,64693.0,2097.0,76.127749793,1047,46087,436.08,1794.0,977.04,1260.095041344,1639.4399999999998,420225.17885736004
0.203,0.34,,0.2250826684,2363,0.243334744,0.086,0.337,313,52.0,27.0,0,44625.0,747.0,80.755623155,669,46089,203.218,803.4200000000001,479.689,531.8703454292,796.331,190825.537515265
0.165,0.323,81.1,0.2424452341,4884,0.2342342342,0.083,0.298,855,116.0,83.0,0,56885.0,2037.0,84.472449462,1115,46091,405.372,1577.5320000000002,805.86,1184.1025233444,1455.432,412563.443172408
0.162,0.307,317.7,0.2071711948,28588,0.2194277319,0.079,0.293,5521,683.0,816.0,73,58406.0,11555.0,79.124095745,4651,46093,2258.452,8776.516,4631.256,5922.6101169424,8376.284,2261999.64915806
0.33,0.401,388.2,0.1682609705,2089,0.3101962662,0.159,0.45,214,44.0,271.0,0,37844.0,434.0,68.335773565,328,46095,332.151,837.6890000000001,689.37,351.4971673745,940.0500000000001,142753.430977285
0.184,0.317,180.5,0.2253160342,2202,0.2375113533,0.079,0.309,245,55.0,113.0,0,49824.0,853.0,78.180494958,507,46097,173.958,698.034,405.168,496.14590730839996,680.418,172153.449897516
0.157,0.345,583.5,0.223824116,196659,0.2519589747,0.082,0.287,40412,5135.0,11419.0,392,64526.0,87842.0,77.553969002,27051,46099,16126.038,67847.355,30875.463,44017.026828443995,56441.132999999994,15251685.989964318
0.19,0.349,471.4,0.2149016827,6525,0.2637547893,0.086,0.306,967,211.0,307.0,8,73264.0,2320.0,78.730131287,1290,46101,561.15,2277.225,1239.75,1402.2334796175,1996.6499999999999,513714.10664767504
0.381,0.451,0.0,0.1652734153,14070,0.3689410092,0.199,0.398,1639,373.0,2589.0,15,32195.0,2430.0,62.806002867,1039,46102,2799.9300000000003,6345.570000000001,5360.67,2325.3969532710003,5599.860000000001,883680.46033869
0.189,0.293,664.5,0.2225400441,115926,0.2255231786,0.081,0.298,19305,3020.0,7134.0,349,62214.0,45528.0,78.248299521,22539,46103,9390.006,33966.318,21910.014,25798.1771523366,34545.948,9071012.370271446
0.186,0.329,,0.2144174951,2832,0.2146892655,0.081,0.308,387,52.0,129.0,6,46786.0,969.0,77.670534032,749,46105,229.392,931.7280000000001,526.752,607.2303461232,872.256,219962.95237862403
0.178,0.313,232.2,0.2301116877,2163,0.2209893666,0.077,0.291,290,33.0,56.0,1,57324.0,871.0,81.915653322,631,46107,166.551,677.019,385.014,497.73158049510005,629.433,177183.558135486
0.249,0.38,779.3,0.1949395455,10331,0.2944535863,0.111,0.35,1207,308.0,1314.0,10,50673.0,3595.0,74.205921251,2077,46109,1146.741,3925.78,2572.419,2013.9204445605,3615.85,766621.3724440811
0.181,0.323,213.3,0.2388695726,2322,0.2463393626,0.079,0.301,339,47.0,111.0,1,51952.0,907.0,77.628316782,474,46111,183.438,750.006,420.282,554.6551475772,698.922,180252.951567804
0.178,0.328,,0.2354498643,6319,0.2296249407,0.08,0.31,919,126.0,277.0,4,53282.0,2257.0,78.460386247,1396,46115,505.52000000000004,2072.632,1124.782,1487.8076925117,1958.8899999999999,495791.180694793
0.153,0.305,290.5,0.2483919743,3121,0.2415892342,0.071,0.266,403,74.0,92.0,1,76413.0,1525.0,91.851205798,698,46117,221.59099999999998,951.905,477.513,775.2313517903,830.186,286667.61329555797
0.172,0.333,0.0,0.2362432775,1391,0.2192667146,0.079,0.294,185,22.0,23.0,0,59157.0,479.0,,356,46119,109.889,463.20300000000003,239.25199999999998,328.61439900249997,408.95399999999995,
0.382,0.425,2721.8,0.1566635958,10313,0.4189857461,0.197,0.427,1005,197.0,2523.0,8,31256.0,1940.0,64.611428531,773,46121,2031.661,4383.025,3939.5660000000003,1615.6716634854,4403.651,666337.662440203
0.214,0.352,441.1,0.2138011365,5377,0.2352612981,0.095,0.329,560,94.0,250.0,24,46162.0,2092.0,76.915312843,1246,46123,510.815,1892.704,1150.6779999999999,1149.6087109605,1769.0330000000001,413573.63715681096
0.177,0.3,131.2,0.2232275011,8368,0.2478489484,0.08,0.311,1297,183.0,280.0,2,62754.0,3377.0,78.035417741,1801,46125,669.44,2510.4,1481.136,1867.9677292048,2602.448,653000.375656688
0.158,0.318,226.0,0.2276256233,16192,0.2437623518,0.075,0.272,2672,434.0,681.0,7,82574.0,6982.0,79.960196684,3043,46127,1214.3999999999999,5149.0560000000005,2558.3360000000002,3685.7140924736,4404.224,1294715.504707328
0.192,0.315,294.4,0.2279640349,5336,0.2312593703,0.083,0.31,822,131.0,214.0,10,45288.0,1996.0,79.144474784,1355,46129,442.88800000000003,1680.84,1024.512,1216.4160902264,1654.16,422314.91744742397
0.177,0.347,412.0,0.2493111873,22742,0.2100518864,0.082,0.298,3458,541.0,931.0,133,57075.0,9363.0,79.098604743,4632,46135,1864.844,7891.473999999999,4025.334,5669.8350215765995,6777.116,1798860.469065306
0.329,0.449,725.7,0.1680210707,2656,0.2567771084,0.167,0.424,300,45.0,372.0,0,31599.0,503.0,76.8847932,301,46137,443.552,1192.544,873.8240000000001,446.26396377919997,1126.144,204206.01073920002
0.2069903378,0.366,601.7,0.1724408951,6886834,0.2197527921,0.12,0.29,1108517,245532.0,424309.0,11596,56962.0,2542954.0,75.328808668,1180543,47000,826420.08,2520581.244,1425508.0960325252,1187571.8193651133,1997181.8599999999,518777000.7142771
0.231,0.349,370.2,0.1441314505,77558,0.2113386111,0.112,0.315,11172,2311.0,4559.0,78,53002.0,26941.0,74.660458762,16024,47001,8686.496000000001,27067.742,17915.898,11178.547037879001,24430.77,5790515.860663196
0.244,0.396,446.6,0.1471783726,50179,0.2515793459,0.124,0.353,5901,1663.0,3099.0,38,58593.0,17872.0,74.098789573,7765,47003,6222.196,19870.884000000002,12243.676,7385.2635586954,17713.186999999998,3718203.1619835673
0.278,0.366,427.0,0.1499029316,16131,0.195090199,0.127,0.36,1630,549.0,681.0,8,44759.0,4741.0,72.033755825,3951,47005,2048.637,5903.946,4484.418000000001,2418.0841896396,5807.16,1161976.515213075
0.272,0.384,909.5,0.1527612046,15223,0.1424160809,0.13,0.377,1360,367.0,453.0,4,45780.0,4591.0,77.40541041,2908,47007,1978.99,5845.6320000000005,4140.656,2325.4838176258,5739.071,1178342.56267143
0.225,0.369,425.3,0.1656633152,134751,0.1971933418,0.106,0.286,17697,4065.0,4761.0,202,67576.0,52139.0,76.734427462,28667,47009,14283.606,49723.119,30318.975000000002,22323.297386515198,38538.786,10340040.834931962
0.219,0.403,461.6,0.1365473582,109071,0.2160427611,0.119,0.325,15606,3500.0,5807.0,127,49802.0,40339.0,75.969641845,19333,47011,12979.448999999999,43955.613000000005,23886.549,14893.3569062322,35448.075000000004,8286084.805675995
0.286,0.373,246.0,0.1497209756,39837,0.2027763135,0.124,0.367,4039,1120.0,2147.0,21,42331.0,12791.0,71.663304975,8392,47013,4939.788,14859.201,11393.382,5964.4345049772,14620.179,2854851.080289075
0.243,0.364,340.6,0.1631292122,14847,0.2141173301,0.112,0.327,1484,423.0,592.0,2,50628.0,5396.0,73.082380217,2733,47015,1662.864,5404.308,3607.821,2421.9794135334,4854.969,1085054.099081799
0.245,0.377,536.6,0.1512338101,27779,0.2173944346,0.123,0.352,3588,874.0,1235.0,12,47390.0,9304.0,73.017956708,5769,47017,3416.817,10472.683,6805.855,4201.1240107679005,9778.207999999999,2028365.819391532
0.271,0.344,370.6,0.1461144182,56418,0.179003155,0.123,0.339,7431,1654.0,2505.0,18,44786.0,19602.0,74.069925607,12991,47019,6939.414,19407.791999999998,15289.278,8243.483246007601,19125.702,4178877.062895726
0.22,0.365,312.3,0.1664885748,41101,0.2160288071,0.106,0.298,5718,1200.0,1961.0,31,78330.0,15990.0,73.848599716,6558,47021,4356.706,15001.865,9042.22,6842.8469128548,12248.098,3035251.2969273156
0.239,0.367,370.0,0.1509143244,17432,0.2173015145,0.115,0.335,2134,478.0,1251.0,14,42839.0,5756.0,75.263762846,3084,47023,2004.68,6397.544,4166.248,2630.7385029408,5839.72,1311997.913931472
0.272,0.401,212.8,0.1456417828,32023,0.1902382662,0.124,0.375,4272,889.0,1424.0,6,43365.0,10777.0,73.070466822,6624,47025,3970.852,12841.223,8710.256000000001,4663.8868106044,12008.625,2339935.559040906
0.284,0.38,236.4,0.1501282106,7629,0.2013370035,0.132,0.389,555,221.0,453.0,0,37683.0,2283.0,73.417967219,1964,47027,1007.028,2899.02,2166.636,1145.3281186674,2967.681,560105.671913751
0.278,0.389,300.0,0.1430896634,36225,0.2000552105,0.132,0.375,2942,1508.0,2355.0,17,41576.0,11683.0,70.954450499,8022,47029,4781.7,14091.525,10070.550000000001,5183.423056665,13584.375,2570324.969326275
0.237,0.36,442.3,0.1549442568,57632,0.2405955025,0.115,0.328,6338,1992.0,3137.0,133,55177.0,20661.0,74.066183382,10123,47031,6627.68,20747.52,13658.784,8929.747407897601,18903.296000000002,4268582.280671424
0.248,0.393,597.3,0.1400776577,14180,0.2356840621,0.135,0.362,1635,400.0,1080.0,1,50046.0,5521.0,72.856336581,2715,47033,1914.3000000000002,5572.74,3516.64,1986.301186186,5133.16,1033102.8527185799
0.244,0.335,309.0,0.1533497693,61603,0.1702352158,0.112,0.321,5052,1745.0,2363.0,22,52529.0,17463.0,76.450158977,19915,47035,6899.536,20637.005,15031.132,9446.8058381879,19774.563000000002,4709559.143460131
0.169,0.336,841.8,0.1867218374,694176,0.2028750634,0.119,0.269,172892,32271.0,46947.0,2472,64418.0,283938.0,76.320111921,89606,47037,82606.944,233243.13600000003,117315.744,129617.81819898241,186733.344,52979590.0128721
0.258,0.383,214.4,0.15070884,11601,0.2039479355,0.124,0.345,1251,383.0,364.0,11,47232.0,3582.0,73.970838472,2786,47039,1438.524,4443.183,2993.058,1748.37325284,4002.345,858135.6971136719
0.245,0.368,341.6,0.1483817276,20837,0.2123146326,0.126,0.351,1906,694.0,867.0,9,51002.0,6680.0,73.269459569,4011,47041,2625.462,7668.016,5105.065,3091.8300580012,7313.786999999999,1526715.7290392532
0.234,0.378,367.0,0.158670824,54376,0.2244372517,0.113,0.324,7554,1555.0,2907.0,63,60309.0,20376.0,74.730677121,9218,47043,6144.488,20554.128,12723.984,8627.884725823998,17617.824,4063555.299131496
0.244,0.389,767.0,0.1477719295,36693,0.23628485,0.124,0.352,4954,1276.0,2918.0,22,50906.0,13938.0,72.252860699,6660,47045,4549.932,14273.577000000001,8953.092,5422.1954091435,12915.936,2651174.217628407
0.214,0.374,583.5,0.1622698745,41620,0.1795050457,0.12,0.311,5383,1213.0,2346.0,6,73132.0,14662.0,77.298042924,9381,47047,4994.4,15565.88,8906.68,6753.67217669,12943.82,3217144.5464968802
0.27,0.386,205.2,0.1505249691,18787,0.2040240592,0.125,0.361,1763,489.0,1056.0,6,43931.0,5726.0,73.00988824,4276,47049,2348.375,7251.782,5072.490000000001,2827.9125944816997,6782.107,1371636.7703648799
0.229,0.367,331.7,0.1656736092,42485,0.1960927386,0.113,0.307,4303,1569.0,2226.0,22,49491.0,14550.0,75.154701785,8895,47051,4800.805,15591.994999999999,9729.065,7038.6432868619995,13042.895,3192947.505335725
0.244,0.41,685.9,0.1448988306,49159,0.241400354,0.13,0.355,6514,1521.0,4354.0,14,47850.0,17322.0,72.810617915,9005,47053,6390.67,20155.19,11994.796,7123.0816134654,17451.445,3579297.166083485
0.235,0.386,461.6,0.1555800587,29530,0.2088046055,0.119,0.32,2825,1226.0,1611.0,19,51332.0,10341.0,74.004627899,6157,47055,3514.0699999999997,11398.58,6939.549999999999,4594.279133411,9449.6,2185356.66185747
0.266,0.355,227.3,0.152510792,23565,0.1978357734,0.121,0.347,2252,687.0,861.0,4,45056.0,7424.0,73.003066955,5073,47057,2851.365,8365.574999999999,6268.29,3593.91681348,8177.054999999999,1720317.272794575
0.243,0.362,305.5,0.1472250536,69571,0.191013497,0.122,0.353,7348,2397.0,4102.0,63,43164.0,23395.0,73.897448661,15623,47059,8487.662,25184.701999999997,16905.753,10242.5942040056,24558.563,5141119.400794431
0.275,0.376,357.5,0.1428278459,13485,0.2098628105,0.126,0.37,1313,502.0,739.0,6,41133.0,4220.0,71.396001989,2863,47061,1699.11,5070.36,3708.3750000000005,1926.0335019615,4989.45,962775.0868216649
0.242,0.376,358.8,0.1491582607,65110,0.2306865305,0.128,0.348,7095,1993.0,4550.0,120,48047.0,23133.0,74.086433337,12195,47063,8334.08,24481.36,15756.619999999999,9711.694354177,22658.28,4823767.67457207
0.193,0.347,675.9,0.1859749655,371662,0.2059720929,0.116,0.279,69144,13015.0,20740.0,881,61478.0,138511.0,77.013365759,67922,47065,43112.792,128966.71399999999,71730.766,69119.827627661,103693.698,28622941.544721458
0.297,0.397,151.1,0.1461280815,6493,0.2076081934,0.133,0.377,690,181.0,379.0,1,33109.0,1701.0,71.82573358,1465,47067,863.5690000000001,2577.721,1928.4209999999998,948.8096331795,2447.861,466364.48813494004
0.275,0.459,858.3,0.133297503,24836,0.1904896119,0.163,0.402,2417,766.0,1855.0,35,44937.0,6847.0,73.366585953,4692,47069,4048.268,11399.724,6829.900000000001,3310.5767845080004,9984.072,1822132.528728708
0.269,0.4,424.9,0.1532291065,25583,0.2013055545,0.126,0.356,2868,728.0,1283.0,26,46776.0,8408.0,72.471364936,6077,47071,3223.458,10233.2,6881.827,3920.0602315895,9107.547999999999,1854034.929157688
0.261,0.402,211.3,0.1528673271,56775,0.1923029502,0.118,0.356,6831,1805.0,3251.0,12,52898.0,18943.0,73.874816353,12503,47073,6699.45,22823.550000000003,14818.275000000001,8679.0424961025,20211.899999999998,4194242.698441575
0.266,0.449,953.5,0.1244500099,17002,0.2204446536,0.161,0.391,1773,693.0,1868.0,0,43742.0,6609.0,72.328219629,3429,47075,2737.322,7633.898,4522.532,2115.8990683198,6647.782,1229724.390132258
0.273,0.392,430.3,0.1432519832,28076,0.2263499074,0.125,0.345,2708,959.0,1512.0,14,47599.0,9404.0,74.418424631,5362,47077,3509.5,11005.792000000001,7664.7480000000005,4021.9426803231995,9686.22,2089371.6899399557
0.268,0.369,432.8,0.1451685409,32056,0.2001185426,0.127,0.354,3102,1026.0,1774.0,60,41598.0,10265.0,73.217737825,7732,47079,4071.112,11828.664,8591.008,4653.5227470904,11347.823999999999,2347067.8037182
0.262,0.365,317.7,0.157112308,25387,0.204947414,0.122,0.349,2193,645.0,1200.0,17,53738.0,7949.0,72.902199976,4579,47081,3097.214,9266.255,6651.394,3988.610163196,8860.063,1850768.150790712
0.269,0.366,317.0,0.155444447,8292,0.2143029426,0.122,0.354,871,264.0,307.0,23,47465.0,2260.0,72.000581559,1765,47083,1011.624,3034.872,2230.5480000000002,1288.945354524,2935.368,597028.822287228
0.251,0.361,333.7,0.1673103314,18590,0.2142549758,0.113,0.332,1694,559.0,514.0,9,57767.0,6303.0,74.002093868,3836,47085,2100.67,6710.99,4666.09,3110.2990607260003,6171.88,1375698.92500612
0.282,0.367,449.7,0.1452888131,11864,0.1805461902,0.123,0.354,994,377.0,546.0,0,43115.0,3859.0,73.941737069,2777,47087,1459.272,4354.088,3345.6479999999997,1723.7064786184,4199.856,877244.768586616
0.233,0.375,288.1,0.1633863252,55307,0.1899578715,0.113,0.315,6380,1844.0,2615.0,20,57864.0,18635.0,75.440063775,11520,47089,6249.691,20740.125,12886.531,9036.407487836399,17421.705,4172363.607203925
0.294,0.383,168.7,0.1517637945,17849,0.1667320298,0.129,0.361,1519,496.0,560.0,16,43039.0,4716.0,74.034751346,4281,47091,2302.521,6836.167,5247.606,2708.8319680305,6443.489,1321446.2767747538
0.186,0.339,607.9,0.1733285359,475609,0.2075360222,0.109,0.289,89152,14361.0,23593.0,1878,57886.0,187330.0,75.793175683,78711,47093,51841.381,161231.451,88463.274,82436.6116308631,137451.001,36047916.493415944
0.309,0.416,726.9,0.1428801956,6988,0.1413852318,0.16,0.407,746,149.0,429.0,2,32163.0,1429.0,72.016991707,1177,47095,1118.08,2907.008,2159.292,998.4468068528,2844.116,503254.73804851604
0.289,0.423,831.0,0.1324100944,25451,0.2190876586,0.157,0.398,2475,891.0,2089.0,4,43386.0,7732.0,73.211085452,4195,47097,3995.8070000000002,10765.773,7355.338999999999,3369.9693125744,10129.498000000001,1863295.3358388522
0.26,0.392,414.6,0.1472978384,44432,0.2480194454,0.119,0.353,4930,1489.0,2207.0,43,47353.0,13828.0,73.49818677,8084,47099,5287.407999999999,17417.344,11552.32,6544.7375557888,15684.496,3265671.4345646403
0.258,0.377,464.6,0.1510250779,12363,0.2201730971,0.123,0.346,1132,401.0,812.0,6,48288.0,3875.0,73.227303822,2691,47101,1520.649,4660.851,3189.654,1867.1230380777,4277.598,905309.1571513859
0.24,0.367,439.4,0.1464926601,34540,0.2211059641,0.119,0.319,3530,1371.0,1638.0,12,56661.0,12864.0,73.63072585,6988,47103,4110.26,12676.18,8289.6,5059.856479854,11018.26,2543205.2708590003
0.209,0.367,264.5,0.169652153,54910,0.1908031324,0.107,0.3,5471,1500.0,1579.0,32,70292.0,19191.0,77.544138443,15164,47105,5875.37,20151.97,11476.189999999999,9315.59972123,16473.0,4257948.64190513
0.266,0.374,427.6,0.1513794226,54208,0.2081427096,0.121,0.344,6377,1814.0,2506.0,41,50297.0,18817.0,73.728760254,11148,47107,6559.168,20273.792,14419.328000000001,8205.9757403008,18647.552,3996688.635848832
0.277,0.386,358.1,0.1447816042,25696,0.2152085928,0.127,0.369,2955,726.0,1355.0,34,44341.0,8173.0,72.22265475,5440,47109,3263.392,9918.656,7117.792,3720.3081015232,9481.824,1855833.336456
0.26,0.42,337.4,0.1474550774,24827,0.245659967,0.126,0.381,2318,728.0,1344.0,2,47031.0,8587.0,73.556330436,4106,47111,3128.202,10427.34,6455.02,3660.8672066097997,9459.087,1826183.015734572
0.212,0.404,919.5,0.143316389,98360,0.2212078081,0.131,0.325,13541,3685.0,8420.0,281,47580.0,34165.0,75.048448277,17781,47113,12885.16,39737.44,20852.32,14096.600022039998,31967.0,7381765.372525721
0.262,0.365,473.9,0.1654041166,28924,0.2092034297,0.119,0.321,3412,935.0,1424.0,8,50941.0,10275.0,74.377181564,6036,47115,3441.9559999999997,10557.26,7578.088000000001,4784.148668538401,9284.604,2151285.5995571357
0.237,0.372,369.5,0.162131931,35016,0.230723098,0.119,0.328,3848,1396.0,1895.0,18,58073.0,12701.0,74.861302577,5819,47117,4166.9039999999995,13025.952,8298.792,5677.2116958960005,11485.248,2621343.371036232
0.209,0.331,644.3,0.1578446134,99590,0.2297218596,0.111,0.309,16120,4061.0,5412.0,226,65942.0,38429.0,76.165740529,16923,47119,11054.49,32964.29,20814.309999999998,15719.745048506,30773.31,7585346.09928311
0.262,0.358,314.0,0.1581189026,12532,0.2016437919,0.116,0.344,1178,449.0,397.0,2,49242.0,3723.0,71.65986973,2672,47121,1453.712,4486.456,3283.384,1981.5460873832,4311.008,898041.48745636
0.267,0.384,302.9,0.1470818697,47177,0.2082370647,0.127,0.353,5147,1611.0,2165.0,21,50945.0,14927.0,73.713360438,10390,47123,5991.479,18115.968,12596.259,6938.8813668369,16653.481,3477575.2053835257
0.193,0.378,1131.6,0.150732441,214251,0.266341814,0.124,0.288,48169,6568.0,14344.0,461,60779.0,82464.0,74.904519765,21039,47125,26567.124,80986.878,41350.443,32294.576216691,61704.28799999999,16048368.264171015
0.227,0.351,292.8,0.1651431027,6438,0.1901211556,0.106,0.304,770,194.0,123.0,1,64271.0,2446.0,79.101612529,1462,47127,682.428,2259.738,1461.4260000000002,1063.1912951826,1957.152,509256.181461702
0.285,0.368,149.5,0.1523355174,21431,0.1874387569,0.13,0.372,1890,501.0,1148.0,3,48321.0,5875.0,74.400590867,4043,47129,2786.03,7886.608,6107.834999999999,3264.7024733994003,7972.332,1594479.062870677
0.265,0.359,718.3,0.1498726989,30131,0.2155255385,0.13,0.369,3403,858.0,2000.0,16,45643.0,10732.0,74.188940274,6438,47131,3917.03,10817.029,7984.715,4515.8142905559,11118.339,2235386.9593958943
0.267,0.352,242.8,0.151807927,22566,0.2119560401,0.123,0.352,2121,615.0,1467.0,2,43167.0,8084.0,73.952577477,4734,47133,2775.618,7943.232,6025.122,3425.6976806820003,7943.232,1668813.863345982
0.285,0.386,173.4,0.1455983869,8099,0.2238547969,0.132,0.37,619,284.0,369.0,6,46366.0,2196.0,73.857817314,1756,47135,1069.068,3126.214,2308.2149999999997,1179.2013355031,2996.63,598174.4624260861
0.277,0.383,79.2,0.1519093699,5061,0.1677534084,0.125,0.36,456,137.0,214.0,0,40120.0,1531.0,74.84097994,1457,47137,632.625,1938.363,1401.8970000000002,768.8133210639,1821.96,378770.19947633997
0.25,0.36,213.9,0.1544158192,16835,0.1916245916,0.116,0.326,1877,512.0,1000.0,1,48184.0,6115.0,73.725138485,3637,47139,1952.8600000000001,6060.599999999999,4208.75,2599.590316232,5488.21,1241162.706394975
0.23,0.374,451.1,0.1494709167,80929,0.2078117856,0.116,0.332,10852,2309.0,4315.0,204,47120.0,29727.0,75.646299657,13904,47141,9387.764000000001,30267.446,18613.670000000002,12096.531817614301,26868.428,6121979.384941353
0.25,0.365,337.7,0.1498879556,33443,0.2221391622,0.12,0.348,3530,1279.0,2457.0,12,45724.0,10489.0,73.797728311,6469,47143,4013.16,12206.695,8360.75,5012.702899130801,11638.163999999999,2468017.427904773
0.238,0.35,290.4,0.163191252,53841,0.1852491596,0.11,0.306,5852,1513.0,1895.0,22,58988.0,19002.0,74.244377652,12852,47145,5922.51,18844.35,12814.158,8786.380198932,16475.346,3997391.5371613316
0.215,0.387,409.4,0.1638302187,72275,0.2349498443,0.114,0.31,10264,2282.0,3574.0,53,63918.0,29145.0,74.979989878,11199,47147,8239.35,27970.425,15539.125,11840.8290565425,22405.25,5419178.76843245
0.192,0.38,628.1,0.1610016166,339261,0.2441217823,0.113,0.272,65828,12637.0,18567.0,345,73980.0,138133.0,77.195471472,37852,47149,38336.493,128919.18000000001,65138.112,54621.5694493326,92278.99200000001,26189412.84706219
0.292,0.373,253.8,0.1433931199,22090,0.2361702128,0.125,0.364,2273,700.0,1871.0,11,39020.0,6786.0,73.009104582,3913,47151,2761.25,8239.57,6450.28,3167.554018591,8040.76,1612771.12021638
0.252,0.373,299.5,0.1541035162,15176,0.2055218766,0.117,0.339,1645,482.0,970.0,3,51197.0,4858.0,76.710166596,3310,47153,1775.592,5660.648,3824.352,2338.6749618512004,5144.664000000001,1164153.488260896
0.246,0.361,337.9,0.1498550874,99244,0.2036798194,0.114,0.329,12435,5181.0,4720.0,73,54284.0,35738.0,75.357136217,20519,47155,11313.816,35827.083999999995,24414.024,14872.2182939256,32651.276,7478743.626719949
0.197,0.376,1077.2,0.1575166062,936017,0.2482529698,0.139,0.319,162129,43262.0,102253.0,1517,50870.0,352537.0,74.24335518,135453,47157,130106.36300000001,351942.392,184395.34900000002,147438.2211855054,298589.423,69493042.58551806
0.252,0.373,287.7,0.1531525246,20285,0.2247473503,0.118,0.351,2433,558.0,1465.0,5,59355.0,7464.0,74.411062643,3473,47159,2393.6299999999997,7566.305,5111.82,3106.698961511,7120.035,1509428.4057132548
0.232,0.364,401.0,0.1585002024,13859,0.208817375,0.11,0.316,1763,359.0,825.0,5,55022.0,4513.0,74.8556606,2900,47161,1524.49,5044.6759999999995,3215.288,2196.6543050616,4379.444,1037424.6002554
0.231,0.362,317.7,0.1468736374,158755,0.1895751315,0.113,0.315,21688,4982.0,7511.0,209,48968.0,55613.0,74.851367733,35806,47163,17939.315000000002,57469.31,36672.405,23316.924305437,50007.825,11883028.884452416
0.195,0.336,430.8,0.1620589712,195561,0.2316310512,0.103,0.293,32375,6645.0,9083.0,186,72325.0,76218.0,77.52636147,32344,47165,20142.783,65708.496,38134.395000000004,31692.4144668432,57299.373,15161132.77543467
0.227,0.394,496.8,0.14770734,61918,0.2383797926,0.12,0.322,9486,1886.0,3985.0,40,61432.0,23991.0,74.960215603,9572,47167,7430.16,24395.692000000003,14055.386,9145.74307812,19937.596,4641386.629706554
0.238,0.366,336.8,0.1712770869,11455,0.1848101266,0.117,0.321,1735,328.0,750.0,0,54970.0,3610.0,74.666901283,1509,47169,1340.2350000000001,4192.53,2726.29,1961.9790304394999,3677.0550000000003,855309.354196765
0.253,0.378,279.6,0.1529218604,17755,0.1797803436,0.122,0.346,2287,586.0,724.0,3,45635.0,6139.0,72.547779954,4296,47171,2166.11,6711.39,4492.015,2715.127631402,6143.23,1288085.8330832701
0.278,0.378,245.3,0.1556046732,20187,0.213800961,0.123,0.354,2046,522.0,787.0,9,45520.0,6234.0,73.706221007,3810,47173,2483.0009999999997,7630.686,5611.986000000001,3141.1915378883996,7146.197999999999,1487907.4834683088
0.288,0.394,255.4,0.149688202,5947,0.1999327392,0.127,0.369,513,175.0,154.0,1,45908.0,2019.0,71.806266759,1425,47175,755.269,2343.118,1712.7359999999999,890.195737294,2194.4429999999998,427031.868415773
0.261,0.4,300.4,0.1492334074,41605,0.2323038096,0.132,0.356,4312,1512.0,2503.0,31,49532.0,15277.0,74.116543145,7607,47177,5491.860000000001,16642.0,10858.905,6208.855914877,14811.38,3083618.7775477245
0.21,0.337,415.1,0.1486663785,130367,0.1885139644,0.111,0.3,21743,3855.0,6477.0,446,52088.0,50482.0,75.184359574,25146,47179,14470.737000000001,43933.679000000004,27377.07,19381.1897659095,39110.1,9801559.404583657
0.267,0.4,365.9,0.1566241173,16524,0.1615831518,0.125,0.353,2035,457.0,784.0,12,42754.0,5228.0,75.266324155,3314,47181,2065.5,6609.6,4411.908,2588.0569142652002,5832.972,1243700.74033722
0.242,0.398,678.1,0.1420437039,33334,0.1907361853,0.122,0.325,3803,902.0,1713.0,16,46979.0,11586.0,75.31101722,6406,47183,4066.748,13266.932,8066.8279999999995,4734.8848258026,10833.550000000001,2510417.44801148
0.264,0.39,343.8,0.1471835118,27707,0.2153246472,0.122,0.34,3203,856.0,1338.0,5,46475.0,9255.0,74.484975511,5821,47185,3380.254,10805.73,7314.648,4078.0135614426,9420.380000000001,2063755.216483277
0.133,0.285,206.4,0.1783253376,245348,0.2645752156,0.084,0.215,47554,6123.0,6778.0,502,118257.0,89734.0,81.513945856,34573,47187,20609.232,69924.18,32631.284000000003,43751.7649294848,52749.82,19999283.58787789
0.185,0.32,365.7,0.1725917129,148130,0.2322216972,0.101,0.272,26005,4812.0,6765.0,99,77822.0,56140.0,77.542993719,23952,47189,14961.130000000001,47401.6,27404.05,25566.010431877,40291.36,11486443.659595469
0.1465468862,0.341,445.1,0.1964313976,29360759,0.2532336443,0.118,0.269,5106680,1067994.0,1922773.0,38679,66048.0,10471139.0,78.394108917,3873683,48000,3464569.562,10012018.819,4302727.807918626,5767374.924966779,7898044.171,2301710538.931788
0.215,0.389,265.0,0.2035121985,57805,0.1903641553,0.134,0.335,7413,1312.0,3268.0,30,50879.0,15988.0,73.165773575,8822,48001,7745.870000000001,22486.145,12428.074999999999,11764.0226342925,19364.675000000003,4229347.541502875
0.169,0.37,352.8,0.1958083949,18879,0.3142645267,0.131,0.339,1989,754.0,1160.0,3,76600.0,6952.0,76.393609111,1839,48003,2473.149,6985.23,3190.5510000000004,3696.6666873171,6399.981000000001,1442234.946406569
0.198,0.393,269.8,0.1799266584,86796,0.2538596249,0.133,0.348,12684,2712.0,7532.0,125,49943.0,29242.0,75.090794667,14847,48005,11543.868,34110.828,17185.608,15616.9142424864,30205.007999999998,6517580.613916932
0.205,0.363,259.5,0.196204733,23814,0.1803560931,0.134,0.356,2191,767.0,1805.0,20,51461.0,6963.0,74.928827082,6723,48007,3191.076,8644.482,4881.87,4672.419511661999,8477.784,1784355.088130748
0.188,0.343,128.6,0.2167990144,8730,0.2148911798,0.097,0.268,1201,208.0,317.0,0,69566.0,3596.0,80.254929486,1853,48009,846.8100000000001,2994.3900000000003,1641.24,1892.655395712,2339.6400000000003,700625.53441278
0.179,0.338,212.0,0.2218865572,1869,0.2231139647,0.095,0.26,309,39.0,88.0,0,62256.0,661.0,75.89244792,431,48011,177.555,631.7220000000001,334.551,414.7059754068,485.94,141842.98516247998
0.164,0.397,402.7,0.1806642391,51724,0.2694493852,0.144,0.35,5216,1843.0,3220.0,23,60594.0,15351.0,76.804271551,7839,48013,7448.255999999999,20534.428,8482.736,9344.6771032084,18103.399999999998,3972624.141703924
0.164,0.346,239.7,0.2069847841,29972,0.2355198185,0.114,0.298,3874,897.0,1525.0,11,60593.0,11438.0,78.209356341,6205,48015,3416.808,10370.312,4915.408,6203.747949045201,8931.655999999999,2344090.828252452
0.156,0.371,385.7,0.1964691338,6697,0.2941615649,0.13,0.332,636,117.0,276.0,2,48259.0,1984.0,77.408246378,1038,48017,870.61,2484.587,1044.732,1315.7537890586,2223.404,518403.025993466
0.173,0.352,142.8,0.2041702688,23861,0.1655001886,0.11,0.294,2236,574.0,1187.0,28,64389.0,7223.0,78.662189255,6918,48019,2624.71,8399.072,4127.9529999999995,4871.7067838368,7015.134,1876958.497813555
0.168,0.397,404.6,0.2028957172,91601,0.2540146942,0.124,0.321,10873,2557.0,4948.0,58,74612.0,29079.0,78.068691924,14448,48021,11358.524,36365.597,15388.968,18585.4505912372,29403.921000000002,7151170.248930325
0.185,0.35,256.5,0.20989138,3518,0.2279704377,0.104,0.287,339,62.0,146.0,0,44392.0,1232.0,73.419564415,861,48023,365.87199999999996,1231.3,650.83,738.39787484,1009.6659999999999,258290.02761197
0.185,0.422,647.9,0.1854703956,32513,0.2067173131,0.157,0.369,4656,974.0,1883.0,14,46316.0,8518.0,75.192004792,4267,48025,5104.541,13720.485999999999,6014.905,6030.1989721428,11997.297,2444717.6518022963
0.169,0.39,631.5,0.19524666,369927,0.2742946581,0.127,0.296,73209,10099.0,29377.0,886,53639.0,126828.0,77.462743439,42635,48027,46980.729,144271.53,62517.66300000001,72227.01119382,109498.39199999999,28655560.29215895
0.143,0.359,425.8,0.1871441313,2026823,0.2506548426,0.143,0.291,368513,71110.0,153204.0,4095,60477.0,706015.0,78.125662633,256003,48029,289835.68899999995,727629.4569999999,289835.68899999995,379308.0296338599,589805.493,158346889.91480497
0.163,0.346,83.8,0.2140863249,12269,0.1723041813,0.104,0.272,1288,251.0,430.0,4,66383.0,4443.0,79.222813701,3213,48031,1275.9759999999999,4245.074,1999.847,2626.6251201981004,3337.168,971984.7012975691
0.134,0.321,,0.2310223599,706,0.2025495751,0.088,0.22,115,14.0,16.0,0,69499.0,132.0,,182,48033,62.12799999999999,226.626,94.604,163.1017860894,155.32,
0.192,0.357,230.1,0.196968223,18603,0.2072246412,0.115,0.31,2036,454.0,766.0,4,58056.0,6500.0,75.565753162,4770,48035,2139.3450000000003,6641.271,3571.7760000000003,3664.199852469,5766.93,1405749.7060726858
0.207,0.373,519.1,0.1925132219,93481,0.2353205464,0.121,0.306,13638,2864.0,8398.0,101,50326.0,33361.0,74.540224326,16144,48037,11311.201,34868.413,19350.567,17996.3284964339,28605.185999999998,6968094.710218806
0.156,0.385,361.5,0.1797160177,380518,0.259167766,0.12,0.293,71432,15267.0,18148.0,306,83576.0,142744.0,79.039649456,47520,48039,45662.159999999996,146499.43,59360.808,68385.1796231686,111491.77399999999,30076009.33169821
0.163,0.34,489.5,0.1765229001,232555,0.2058394788,0.126,0.282,43939,6233.0,13928.0,264,53570.0,84838.0,80.010107608,23030,48041,29301.93,79068.70000000001,37906.465000000004,41051.2830327555,65580.51,18606750.57477844
0.139,0.355,391.2,0.1929128818,9237,0.1835011367,0.121,0.291,1524,272.0,226.0,12,48537.0,3111.0,81.30356657,2226,48043,1117.677,3279.1349999999998,1283.9430000000002,1781.9362891865999,2687.9669999999996,751001.04440709
0.196,0.395,,0.1826822307,1487,0.2071284465,0.131,0.34,144,27.0,35.0,0,50062.0,448.0,,387,48045,194.797,587.365,291.452,271.6484770509,505.58000000000004,
0.19,0.44,521.6,0.150065037,6964,0.2780011488,0.198,0.442,726,278.0,689.0,2,33513.0,2532.0,72.061155154,1295,48047,1378.872,3064.16,1323.16,1045.0529176680002,3078.088,501833.88449245604
0.182,0.359,340.7,0.2006844918,37633,0.2093906943,0.117,0.303,4705,992.0,1941.0,71,48752.0,13598.0,74.450989251,7903,48049,4403.061000000001,13510.247,6849.206,7552.3594799094,11402.798999999999,2801814.078482883
0.19,0.358,195.2,0.2023291789,18514,0.2155665982,0.116,0.308,1984,519.0,538.0,1,64836.0,5814.0,76.317726793,4019,48051,2147.6240000000003,6628.012,3517.66,3745.9224181545997,5702.312,1412946.3938456022
0.165,0.369,207.7,0.2101938826,49653,0.2068757175,0.106,0.285,4914,1119.0,1733.0,35,63813.0,15639.0,78.498970457,11587,48053,5263.218,18321.957,8192.745,10436.756852737799,14151.105,3897709.380101421
0.18,0.387,444.3,0.178349046,43979,0.2281770845,0.146,0.361,4557,1226.0,2340.0,35,66128.0,15841.0,76.457744551,6690,48055,6420.933999999999,17019.873,7916.219999999999,7843.612694034001,15876.419,3362535.147608429
0.177,0.397,427.4,0.1764022514,21001,0.2377505833,0.141,0.359,2532,699.0,1267.0,5,58470.0,8476.0,77.689386764,3975,48057,2961.1409999999996,8337.397,3717.1769999999997,3704.6236816513997,7539.3589999999995,1631554.8114307642
0.191,0.364,121.9,0.2088243314,14110,0.2117647059,0.104,0.28,1810,325.0,639.0,2,54862.0,4846.0,75.670547266,3074,48059,1467.4399999999998,5136.04,2695.01,2946.511316054,3950.8,1067711.42192326
0.162,0.422,490.8,0.2006477723,424180,0.2951364987,0.183,0.378,50350,17219.0,43250.0,301,44440.0,133812.0,78.833448608,60281,48061,77624.94,179003.96,68717.16,85110.772054214,160340.04,33439572.230541438
0.185,0.388,397.1,0.1870831805,13060,0.2600306279,0.126,0.319,1741,369.0,1014.0,5,43130.0,4188.0,74.719032664,2563,48063,1645.56,5067.28,2416.1,2443.30633733,4166.14,975830.56659184
0.17,0.34,,0.2229904064,5854,0.2300990776,0.094,0.255,1051,122.0,267.0,1,66597.0,2392.0,75.820639486,1224,48065,550.276,1990.3600000000001,995.1800000000001,1305.3858390656,1492.77,443854.02355104405
0.228,0.366,279.8,0.1897315575,29879,0.222062318,0.12,0.321,2883,970.0,1885.0,10,50595.0,10002.0,74.703010919,6922,48067,3585.48,10935.714,6812.412,5668.9892065425,9591.159,2232051.2632488008
0.164,0.389,212.5,0.1820887762,7396,0.2863710114,0.142,0.353,880,120.0,473.0,1,55139.0,2752.0,77.404407903,1290,48069,1050.232,2877.044,1212.944,1346.7285887752,2610.788,572483.0008505881
0.168,0.366,191.6,0.2047401405,45590,0.2819477956,0.109,0.287,8468,1892.0,1811.0,11,89991.0,17683.0,77.335017298,5402,48071,4969.31,16685.94,7659.120000000001,9334.103005395,13084.329999999998,3525703.43861582
0.207,0.373,248.8,0.1881759411,52875,0.2517257683,0.134,0.351,5638,1679.0,3396.0,51,45894.0,16150.0,75.321846938,9581,48073,7085.25,19722.375,10945.125,9949.8028856625,18559.125,3982642.6568467496
0.194,0.38,465.4,0.1975380944,7143,0.1849363013,0.131,0.334,1285,114.0,494.0,7,45473.0,2281.0,75.315655652,1118,48075,935.7330000000001,2714.34,1385.742,1411.0146082992,2385.762,537979.728322236
0.194,0.337,114.6,0.2218280616,10550,0.1938388626,0.097,0.271,1346,265.0,501.0,1,62763.0,3969.0,77.318588135,2543,48077,1023.35,3555.3500000000004,2046.7,2340.28604988,2859.05,815711.10482425
0.206,0.419,245.4,0.1653083431,2897,0.2685536762,0.17,0.41,287,79.0,143.0,0,44584.0,1001.0,76.408602829,471,48079,492.49,1213.8429999999998,596.7819999999999,478.8982699607,1187.77,221355.722395613
0.189,0.363,236.2,0.204176636,3323,0.2058380981,0.116,0.307,358,76.0,188.0,0,51050.0,1175.0,77.644377209,875,48081,385.468,1206.249,628.047,678.4789614279999,1020.161,258012.265465507
0.194,0.362,146.8,0.2050760684,8100,0.2059259259,0.113,0.304,700,213.0,219.0,1,43623.0,2925.0,72.823873049,2133,48083,915.3000000000001,2932.2,1571.4,1661.11615404,2462.4,589873.3716969
0.124,0.302,245.9,0.1871269065,1072069,0.2533325747,0.092,0.225,234605,36006.0,41029.0,1474,101560.0,399677.0,82.232751588,122633,48085,98630.348,323764.838,132936.556,200612.95552454848,241215.525,88159183.76219557
0.195,0.381,205.5,0.185120813,2877,0.2592978797,0.13,0.339,359,46.0,191.0,1,47885.0,931.0,72.035320897,559,48087,374.01,1096.137,561.015,532.592579001,975.3030000000001,207245.618220669
0.179,0.37,274.5,0.2105482394,21610,0.2349375289,0.122,0.317,2184,538.0,1024.0,5,52726.0,7490.0,77.055952164,4901,48089,2636.42,7995.7,3868.19,4549.947453434,6850.37,1665179.1262640401
0.142,0.331,261.2,0.1963531796,164812,0.2223442468,0.099,0.256,23816,4639.0,5123.0,243,79290.0,54002.0,79.140294004,30883,48091,16316.388,54552.772000000004,23403.303999999996,32361.360236235203,42191.872,13043270.135387247
0.172,0.357,286.0,0.202803978,13750,0.2230545455,0.112,0.3,1440,309.0,672.0,6,47282.0,4854.0,75.958267031,3307,48093,1540.0,4908.75,2365.0,2788.5546974999997,4125.0,1044426.1716762501
0.193,0.374,,0.1908640953,2827,0.1804032543,0.134,0.347,216,59.0,167.0,1,47412.0,642.0,82.581227628,763,48095,378.81800000000004,1057.298,545.611,539.5727974131,980.9689999999999,233457.13050435597
0.182,0.356,242.4,0.206321328,41393,0.2347256783,0.106,0.286,5278,1369.0,2195.0,25,66323.0,14864.0,76.973192854,7967,48097,4387.657999999999,14735.908,7533.526,8540.258729904,11838.398,3186151.3718056222
0.192,0.391,1059.9,0.1907213612,76737,0.2230605836,0.122,0.309,15731,1573.0,3908.0,46,58398.0,23138.0,76.637732637,8321,48099,9361.914,30004.167,14733.504,14635.385094404399,23711.733,5880949.689365469
0.224,0.404,286.1,0.1733723476,1363,0.2179016875,0.149,0.37,223,28.0,160.0,0,44430.0,512.0,,351,48101,203.087,550.652,305.312,236.3065097788,504.31,
0.154,0.379,375.2,0.1908647,4765,0.2862539349,0.136,0.34,499,221.0,169.0,0,67547.0,1761.0,76.716790889,593,48103,648.0400000000001,1805.935,733.81,909.4702955,1620.1000000000001,365555.508586085
0.155,0.384,519.6,0.1877776796,3513,0.2527754056,0.139,0.341,303,138.0,206.0,0,54458.0,1454.0,72.220558327,670,48105,488.307,1348.992,544.515,659.6629884348,1197.933,253710.82140275103
0.189,0.412,348.6,0.1693518922,5567,0.2559726962,0.157,0.386,616,124.0,528.0,0,42804.0,1950.0,73.644711695,1057,48107,874.019,2293.604,1052.163,942.7819838774,2148.862,409980.110006065
0.204,0.437,184.2,0.1555330277,2149,0.2280130293,0.186,0.441,258,75.0,315.0,0,47479.0,832.0,76.857427927,459,48109,399.714,939.1129999999999,438.39599999999996,334.24047652729996,947.7090000000001,165166.612615123
0.177,0.371,384.2,0.1925653081,7273,0.3265502544,0.131,0.334,1001,105.0,179.0,3,55253.0,2711.0,75.321754702,874,48111,952.763,2698.283,1287.321,1400.5274858113,2429.1820000000002,547815.121947646
0.152,0.331,756.8,0.1883763396,2635888,0.255627705,0.137,0.32,478977,103841.0,211418.0,4503,65770.0,986750.0,78.329497663,300111,48113,361116.656,872478.9280000001,400654.97599999997,496538.9330355648,843484.16,206467782.93592975
0.203,0.425,550.0,0.1688028822,12974,0.254509018,0.166,0.4,1388,398.0,1271.0,1,47233.0,3381.0,73.151309274,1902,48115,2153.684,5513.95,2633.722,2190.0485936628,5189.6,949065.086520876
0.17,0.398,431.4,0.1765314431,18277,0.3096788313,0.152,0.373,1980,310.0,1221.0,1,51412.0,6704.0,76.225897681,2432,48117,2778.104,7274.246,3107.09,3226.4651855386996,6817.321,1393180.7319156372
0.198,0.363,262.6,0.2075413689,5349,0.2306973266,0.109,0.286,747,133.0,194.0,3,50456.0,1909.0,73.893796553,1153,48119,583.041,1941.687,1059.102,1110.1387822461,1529.8139999999999,395257.917761997
0.131,0.322,243.1,0.2085197118,919324,0.2386666725,0.098,0.241,203087,32666.0,36980.0,1220,90880.0,353439.0,81.685109981,101526,48121,90093.75200000001,296022.328,120431.444,191697.1755308232,221557.084,75095082.04817285
0.191,0.378,456.3,0.1893381781,20174,0.2247447209,0.136,0.347,2070,558.0,658.0,4,53899.0,6119.0,75.356046086,4089,48123,2743.664,7625.772,3853.234,3819.7084049894,7000.378,1520232.873738964
0.194,0.389,226.1,0.1900420528,2140,0.1705607477,0.135,0.341,198,42.0,105.0,1,42034.0,554.0,74.96553093,517,48125,288.90000000000003,832.46,415.16,406.689992992,729.74,160426.2361902
0.197,0.442,444.5,0.1483455476,9925,0.2814105793,0.195,0.446,1269,413.0,1437.0,4,42788.0,3037.0,76.631846536,1741,48127,1935.375,4386.85,1955.2250000000001,1472.32955993,4426.55,760571.0768698
0.198,0.363,335.6,0.2030814093,3308,0.1992140266,0.112,0.299,364,63.0,215.0,0,57526.0,1187.0,72.462582444,817,48129,370.496,1200.8039999999999,654.984,671.7933019643999,989.092,239706.222724752
0.174,0.426,519.9,0.1640197044,11058,0.2603544945,0.176,0.403,1258,589.0,1023.0,1,40601.0,3218.0,75.326712532,2002,48131,1946.2079999999999,4710.708,1924.0919999999999,1813.7298912551998,4456.374000000001,832962.787178856
0.208,0.373,223.3,0.1973469451,18388,0.210517729,0.121,0.324,2360,497.0,615.0,7,50317.0,5688.0,74.767759882,4146,48133,2224.948,6858.724,3824.7039999999997,3628.8156264988,5957.712,1374829.5687102159
0.161,0.38,526.4,0.1889779809,167701,0.3053112385,0.137,0.345,25164,9116.0,13187.0,77,62669.0,60517.0,73.803332346,16214,48135,22975.037,63726.38,26999.861,31691.7963749109,57856.844999999994,12376892.637756547
0.179,0.4,0.0,0.1769248832,1923,0.2225689028,0.152,0.369,203,44.0,147.0,1,45330.0,657.0,76.207189196,564,48137,292.296,769.2,344.217,340.2265503936,709.587,146546.424823908
0.164,0.361,297.0,0.1986328446,191760,0.2635951189,0.108,0.28,29402,5641.0,8759.0,147,79849.0,71014.0,78.153964443,25537,48139,20710.079999999998,69225.36,31448.640000000003,38089.834280496,53692.8,14986804.22158968
0.136,0.343,418.1,0.1612818433,841286,0.2653093003,0.153,0.298,154825,30094.0,68601.0,909,48522.0,289967.0,78.100671882,107874,48141,128716.758,288561.098,114414.89600000001,135684.1568224838,250703.228,65705001.844920255
0.177,0.374,637.0,0.1988893364,43224,0.2087034981,0.112,0.292,6262,1150.0,1653.0,46,61453.0,16514.0,79.267508655,6386,48143,4841.088,16165.776,7650.647999999999,8596.7926765536,12621.408,3426258.79410372
0.221,0.412,335.3,0.1734816063,17275,0.2110564399,0.146,0.373,2002,390.0,902.0,3,44590.0,4417.0,76.98250258,3250,48145,2522.1499999999996,7117.299999999999,3817.775,2996.8947488325,6443.575,1329872.7320695
0.202,0.355,236.5,0.2087044369,35913,0.2118452928,0.11,0.292,4098,788.0,1226.0,36,59746.0,11118.0,75.704008938,6720,48147,3950.43,12749.115,7254.426,7495.2024423897,10486.596,2718758.072990394
0.179,0.374,213.1,0.1946959413,25547,0.2017849454,0.111,0.304,2467,555.0,740.0,7,63713.0,9211.0,79.162421138,6836,48149,2835.717,9554.578,4572.913,4973.8972123911,7766.288,2022362.372812486
0.18,0.375,182.8,0.1980715831,3784,0.2140591966,0.123,0.313,575,72.0,188.0,0,52828.0,1486.0,77.507989086,936,48151,465.432,1419.0,681.12,749.5028704504,1184.392,293290.230701424
0.168,0.39,210.1,0.1780722706,5672,0.2581100141,0.143,0.355,707,155.0,370.0,0,44256.0,1983.0,74.160311384,1135,48153,811.0959999999999,2212.08,952.8960000000001,1010.0259188432,2013.56,420637.286170048
0.195,0.374,,0.1958770182,1135,0.1876651982,0.12,0.313,83,24.0,38.0,0,40955.0,405.0,,316,48155,136.2,424.49,221.32500000000002,222.320415657,355.255,
0.117,0.302,261.1,0.1603445954,839706,0.2705839901,0.113,0.256,165976,30538.0,36833.0,695,97210.0,292699.0,82.344804089,101065,48157,94886.778,253591.212,98245.602,134642.3188249524,214964.736,69145426.06235783
0.165,0.334,83.9,0.2127505235,10821,0.2296460586,0.098,0.258,1611,257.0,244.0,4,58927.0,3622.0,76.090574973,2391,48159,1060.458,3614.2140000000004,1785.4650000000001,2302.1734147935,2791.818,823376.111782833
0.208,0.382,187.7,0.1932134248,19874,0.2259233169,0.128,0.326,2815,528.0,986.0,3,54502.0,6042.0,74.924816368,4127,48161,2543.872,7591.868,4133.7919999999995,3839.9236044752,6478.924,1489055.800497632
0.185,0.416,526.9,0.1724181439,20379,0.2269493106,0.17,0.402,1959,541.0,1661.0,5,47007.0,5651.0,76.211736743,2523,48163,3464.4300000000003,8477.663999999999,3770.115,3513.7093545381,8192.358,1553118.9830855972
0.197,0.38,228.0,0.1852245115,21996,0.3640661939,0.138,0.359,1491,543.0,1253.0,2,63528.0,5766.0,76.994095774,1942,48165,3035.4480000000003,8358.48,4333.212,4074.198354954,7896.563999999999,1693562.130644904
0.171,0.344,420.3,0.2243581841,345089,0.2390513752,0.12,0.301,60393,14390.0,20524.0,437,78465.0,128030.0,77.556984628,52548,48167,41410.68,118710.616,59010.219000000005,77423.5413928849,103871.78899999999,26764062.26829189
0.196,0.398,208.7,0.1933754454,6222,0.1620057859,0.149,0.375,335,137.0,62.0,0,50934.0,1478.0,77.528514167,741,48169,927.078,2476.356,1219.512,1203.1820212788,2333.25,482382.415147074
0.154,0.331,88.9,0.2108820478,26960,0.1956231454,0.102,0.269,2372,635.0,1362.0,26,64365.0,8708.0,80.508571057,8146,48171,2749.9199999999996,8923.76,4151.84,5685.380008688,7252.240000000001,2170511.07569672
0.179,0.37,,0.1881272302,1439,0.2487838777,0.133,0.332,164,29.0,77.0,0,85001.0,452.0,,227,48173,191.387,532.43,257.581,270.7150842578,477.74800000000005,
0.168,0.369,130.6,0.1917632128,7626,0.2019407291,0.123,0.311,986,244.0,191.0,2,54970.0,2448.0,80.596379762,1844,48175,937.9979999999999,2813.994,1281.1680000000001,1462.3862608128,2371.686,614627.992065012
0.184,0.396,460.7,0.1819523204,20948,0.266898988,0.143,0.365,1573,515.0,1475.0,8,55363.0,7198.0,76.892358773,3690,48177,2995.564,8295.408000000001,3854.432,3811.5372077392003,7646.0199999999995,1610741.131576804
0.202,0.376,361.0,0.1874922937,21658,0.2485917444,0.132,0.343,2706,633.0,1005.0,5,54141.0,7340.0,73.990029264,3600,48179,2858.856,8143.408,4374.916,4060.7080969546,7428.694,1602476.053799712
0.19,0.355,302.5,0.2068530181,138318,0.2364262063,0.108,0.283,18816,3761.0,7634.0,196,59554.0,48999.0,75.780369495,25453,48181,14938.344,49102.89,26280.420000000002,28611.4957575558,39143.994,10481789.14780941
0.195,0.392,463.1,0.181781496,124229,0.255536147,0.128,0.319,18164,4682.0,9310.0,227,51394.0,46498.0,74.648866728,19837,48183,15901.312,48697.768000000004,24224.655000000002,22582.533466584,39629.051,9273554.064752713
0.211,0.381,308.2,0.1960837201,29614,0.2189504964,0.136,0.335,3166,891.0,1860.0,4,57795.0,8490.0,76.607927127,5503,48185,4027.5040000000004,11282.934,6248.554,5806.8232870414,9920.69,2268667.153938978
0.146,0.367,285.9,0.1956147546,170608,0.2448771453,0.115,0.281,25333,4933.0,9064.0,63,78909.0,63602.0,79.481140235,24945,48187,19619.920000000002,62613.136,24908.768,33373.442052796796,47940.848000000005,13560118.37321288
0.171,0.39,464.0,0.1807988624,32754,0.2661964951,0.143,0.349,3961,799.0,2865.0,43,46589.0,11593.0,74.617840893,4553,48189,4683.821999999999,12774.060000000001,5600.934,5921.8859390496,11431.145999999999,2444032.7606093218
0.207,0.418,371.1,0.168513526,2939,0.2095951004,0.153,0.381,322,62.0,214.0,0,36654.0,967.0,77.573623826,745,48191,449.667,1228.502,608.3729999999999,495.261252914,1119.759,227988.880424614
0.205,0.36,165.5,0.2010574246,8557,0.2133925441,0.113,0.309,830,170.0,383.0,7,52840.0,2373.0,75.258055685,2195,48193,966.941,3080.52,1754.185,1720.4483823022001,2644.113,643983.182496545
0.198,0.399,,0.174433552,5279,0.2926690661,0.148,0.373,676,87.0,273.0,2,61059.0,1936.0,78.934840682,825,48195,781.2919999999999,2106.321,1045.242,920.834721008,1969.067,416697.023960278
0.204,0.381,305.1,0.1919428745,4011,0.2136624283,0.124,0.331,485,75.0,198.0,4,63479.0,1486.0,75.289011638,921,48197,497.364,1528.191,818.2439999999999,769.8828696195,1327.641,301984.225680018
0.206,0.356,191.0,0.205456816,58305,0.2440614013,0.103,0.303,8422,2251.0,3405.0,26,69151.0,20519.0,75.470092141,10230,48199,6005.415,20756.579999999998,12010.83,11979.15965688,17666.415,4400283.722281004
0.154,0.346,502.7,0.1956174774,4738253,0.2627571808,0.132,0.277,886923,204310.0,347248.0,6479,61906.0,1724489.0,79.173367869,532122,48201,625449.3960000001,1639435.538,729690.9619999999,926885.0991429822,1312496.081,375143447.8253929
0.207,0.365,231.4,0.1839768121,66386,0.2472810532,0.123,0.311,9261,2290.0,5614.0,29,55198.0,23980.0,75.668762866,11946,48203,8165.478,24230.89,13741.902,12213.4846480706,20646.046,5023346.491622276
0.167,0.346,125.5,0.2244669256,5443,0.2109130994,0.108,0.286,783,54.0,187.0,1,74686.0,1787.0,80.427638317,846,48205,587.8439999999999,1883.2779999999998,908.9810000000001,1221.7734760408,1556.6979999999999,437767.63535943103
0.231,0.403,123.7,0.1803466429,5754,0.1725755996,0.146,0.381,596,114.0,317.0,4,44847.0,1698.0,77.437004156,1317,48207,840.084,2318.862,1329.174,1037.7145832466,2192.274,445572.521913624
0.131,0.334,443.1,0.2254029354,241365,0.2277215006,0.113,0.259,42096,7665.0,8654.0,262,77511.0,86997.0,80.753245582,28354,48209,27274.245,80615.91,31618.815000000002,54404.379502821,62513.535,19491007.119899433
0.162,0.352,209.5,0.2093273046,3777,0.3005030447,0.108,0.294,435,82.0,141.0,1,65718.0,1204.0,80.886547539,603,48211,407.916,1329.504,611.874,790.6292294742001,1110.4379999999999,305508.490054803
0.218,0.359,264.7,0.1865379527,83792,0.2120250143,0.119,0.327,8905,2377.0,3771.0,50,52660.0,25501.0,74.581043398,19059,48213,9971.248,30081.327999999998,18266.656,15630.388132638402,27399.984,6249294.788405216
0.156,0.481,361.5,0.1526669261,875200,0.317941042,0.181,0.366,114075,41893.0,87221.0,617,46653.0,256505.0,79.542332271,101088,48215,158411.19999999998,420971.2,136531.2,133614.09372272,320323.2,69615449.2035792
0.191,0.366,180.1,0.1998371628,37006,0.2298005729,0.117,0.309,4196,1023.0,1878.0,17,56565.0,12500.0,75.247864745,7787,48217,4329.702,13544.196,7068.146,7395.1740465768,11434.854,2784622.48275347
0.179,0.389,551.7,0.1826529748,22921,0.2593255094,0.138,0.348,2998,845.0,1146.0,17,55469.0,7685.0,74.52788662,3487,48219,3163.0980000000004,8916.269,4102.8589999999995,4186.5888353908,7976.508,1708253.68921702
0.173,0.354,241.7,0.2161195673,63527,0.2059439294,0.098,0.26,7159,1833.0,1804.0,65,85449.0,21836.0,77.452828966,16415,48221,6225.646000000001,22488.557999999997,10990.170999999998,13729.4277518671,16517.02,4920345.865723082
0.197,0.373,372.1,0.1957040548,37170,0.2427226258,0.116,0.319,4883,895.0,1890.0,29,53634.0,13776.0,75.671432517,7026,48223,4311.72,13864.41,7322.490000000001,7274.319716916,11857.23,2812707.14665689
0.238,0.405,274.3,0.1803336056,22835,0.194832494,0.142,0.364,2628,529.0,1552.0,5,45989.0,6980.0,76.011374555,5259,48225,3242.5699999999997,9248.175000000001,5434.73,4117.917883876,8311.94,1735719.737963425
0.187,0.394,488.2,0.1941839101,36540,0.2148330597,0.139,0.352,4707,1093.0,2508.0,58,58445.0,11318.0,74.032215893,4773,48227,5079.06,14396.76,6832.98,7095.480075054,12862.08,2705137.16873022
0.208,0.435,81.9,0.1568813629,4906,0.1983285773,0.188,0.443,449,149.0,350.0,0,40666.0,1075.0,82.015824558,766,48229,922.328,2134.11,1020.448,769.6599663873999,2173.358,402369.635281548
0.199,0.363,341.8,0.2001472906,99807,0.2366367088,0.117,0.304,12418,2847.0,5407.0,83,53760.0,34844.0,76.005650638,16389,48231,11677.419,36229.941,19861.593,19976.1006329142,30341.327999999998,7585895.973226867
0.194,0.367,343.9,0.2016726013,20677,0.2485853847,0.118,0.313,3146,613.0,1216.0,2,62536.0,7399.0,73.605836235,3677,48233,2439.886,7588.459,4011.338,4169.9843770801,6471.901,1521947.875831095
0.172,0.356,390.6,0.2112689623,1564,0.2180306905,0.113,0.291,243,45.0,84.0,0,73776.0,562.0,,342,48235,176.732,556.784,269.008,330.4246570372,455.12399999999997,
0.222,0.384,190.3,0.2067767237,9056,0.2164310954,0.119,0.334,1041,238.0,530.0,2,56028.0,2669.0,75.605022695,1579,48237,1077.664,3477.504,2010.432,1872.5700098272,3024.704,684679.08552592
0.176,0.379,304.9,0.2001981222,14854,0.2538036892,0.121,0.313,1791,422.0,813.0,3,56101.0,4880.0,76.220267543,2838,48239,1797.334,5629.666,2614.3039999999996,2973.7429071588,4649.302,1132175.854083722
0.232,0.374,188.6,0.1763249526,35375,0.2323957597,0.126,0.326,3138,1443.0,2724.0,17,51153.0,10555.0,74.146509763,7339,48241,4457.25,13230.25,8207.0,6237.495198225,11532.25,2622932.782866125
0.157,0.359,0.0,0.1936247894,2220,0.0630630631,0.12,0.301,167,50.0,0.0,4,55718.0,538.0,84.421582367,830,48243,266.4,796.98,348.54,429.847032468,668.22,187415.91285474
0.19,0.407,526.3,0.1814380351,250127,0.2424048583,0.137,0.338,36674,12570.0,21066.0,286,48808.0,90492.0,75.401393813,37705,48245,34267.399000000005,101801.689,47524.13,45382.5514054577,84542.926,18859924.43026425
0.18,0.435,365.4,0.1604890683,5184,0.3013117284,0.183,0.424,359,180.0,695.0,0,41620.0,1601.0,74.222369441,892,48247,948.672,2255.04,933.12,831.9753300672,2198.016,384768.763182144
0.17,0.41,454.5,0.172225917,40452,0.2713586473,0.162,0.383,4774,2094.0,4444.0,36,48773.0,13218.0,74.088218568,6539,48249,6553.224,16585.32,6876.84,6966.882794484,15493.116,2997016.617512736
0.186,0.371,266.8,0.2138503489,179575,0.2579256578,0.113,0.299,23111,5390.0,9551.0,142,67382.0,69485.0,76.565761103,26260,48251,20291.975000000002,66622.325,33400.95,38402.176403717494,53692.924999999996,13749296.550071225
0.203,0.387,174.3,0.200593009,19875,0.176,0.132,0.336,2646,401.0,765.0,1,47019.0,4133.0,77.241893398,3190,48253,2623.5,7691.625,4034.6250000000005,3986.7860538749997,6678.0,1535182.63128525
0.175,0.395,301.3,0.1880088478,15562,0.2192520242,0.145,0.353,1938,440.0,877.0,2,56006.0,4116.0,75.24889766,2278,48255,2256.49,6146.990000000001,2723.35,2925.7936894636,5493.3859999999995,1171023.34538492
0.176,0.362,377.5,0.2001873591,143198,0.280981578,0.113,0.293,20890,4377.0,8412.0,140,76352.0,50723.0,75.885928891,16863,48257,16181.374,51837.676,25202.847999999998,28666.4294484018,41957.013999999996,10866713.245333418
0.135,0.313,164.4,0.2166249178,48523,0.2281186242,0.094,0.239,7419,1116.0,1206.0,89,103216.0,14904.0,81.473763711,9526,48259,4561.162,15187.699,6550.6050000000005,10511.2908864094,11596.997,3953351.4365488533
0.252,0.442,,0.1499611568,379,0.1767810026,0.199,0.495,1,10.0,0.0,0,45980.0,149.0,,86,48261,75.421,167.518,95.508,56.835278427199995,187.605,
0.17,0.347,,0.2173665659,786,0.2391857506,0.105,0.275,116,18.0,17.0,0,53472.0,185.0,,196,48263,82.53,272.74199999999996,133.62,170.8501207974,216.15,
0.164,0.364,173.0,0.1922149556,52869,0.187160718,0.113,0.289,5943,1271.0,2314.0,168,57425.0,16857.0,77.297210626,14978,48265,5974.197,19244.316,8670.516,10162.2124876164,15279.141,4086626.228585994
0.191,0.383,161.4,0.1848594324,4396,0.1808462238,0.129,0.33,462,92.0,107.0,1,47894.0,1544.0,76.368254446,1341,48267,567.0840000000001,1683.6680000000001,839.636,812.6420648303999,1450.68,335714.846544616
0.204,0.368,0.0,0.1966340018,283,0.2685512367,0.12,0.32,25,4.0,15.0,0,78210.0,73.0,,53,48269,33.96,104.14399999999999,57.732,55.6474225094,90.56,
0.185,0.417,163.6,0.1725168411,3670,0.1926430518,0.165,0.391,381,79.0,246.0,0,62557.0,1034.0,79.209949268,937,48271,605.5500000000001,1530.3899999999999,678.95,633.136806837,1434.97,290700.51381356
0.156,0.409,867.0,0.1687348443,30338,0.2422704199,0.159,0.358,4939,1125.0,2675.0,16,51574.0,10581.0,74.27505181,4163,48273,4823.742,12408.241999999998,4732.728,5119.077706373399,10861.003999999999,2253356.5218117796
0.191,0.387,,0.1824941634,3683,0.2628292153,0.136,0.347,482,82.0,192.0,0,46053.0,1339.0,73.705786795,753,48275,500.88800000000003,1425.3210000000001,703.453,672.1260038022,1278.001,271458.412765985
0.221,0.368,603.7,0.192043434,49905,0.2372908526,0.117,0.308,6770,1518.0,3794.0,54,44688.0,17659.0,73.76775026,9710,48277,5838.885,18365.04,11029.005,9583.92757377,15370.74,3681379.5767253
0.19,0.409,411.1,0.1710493716,12710,0.2729346971,0.155,0.38,1485,274.0,908.0,5,48123.0,4249.0,73.743995211,2228,48279,1970.05,5198.389999999999,2414.9,2174.037513036,4829.8,937286.17913181
0.179,0.351,210.0,0.2070407712,21789,0.2163018037,0.109,0.289,2863,485.0,1085.0,13,69051.0,6855.0,77.563552847,4527,48281,2375.001,7647.938999999999,3900.2309999999998,4511.2113636768,6297.021,1690032.252983283
0.167,0.406,239.4,0.1836261823,7500,0.1936,0.161,0.387,359,251.0,442.0,4,45647.0,2407.0,77.017010055,1054,48283,1207.5,3045.0,1252.5,1377.1963672499999,2902.5,577627.5754125
0.19,0.373,183.6,0.2114055862,20216,0.2340225564,0.111,0.304,2178,441.0,749.0,3,57999.0,7167.0,78.611095035,4868,48285,2243.976,7540.568,3841.04,4273.7753306192,6145.664,1589201.8972275602
0.188,0.374,174.0,0.1971771068,17397,0.213944933,0.12,0.313,1638,452.0,1013.0,8,61444.0,6169.0,76.628460612,3448,48287,2087.64,6506.478,3270.636,3430.2901269996,5445.261,1333105.329266964
0.218,0.376,224.1,0.1897805761,17493,0.2246041274,0.124,0.334,1716,477.0,1264.0,3,52878.0,5356.0,77.140123164,4416,48289,2169.132,6577.368,3813.474,3319.8316177172997,5842.662,1349412.174507852
0.216,0.368,374.1,0.1871980596,91547,0.2787311436,0.128,0.365,9653,3571.0,4593.0,21,61230.0,25227.0,74.220234623,11819,48291,11718.016,33689.296,19774.152,17137.4207622012,33414.655,6794639.819031781
0.214,0.401,388.3,0.1838716015,23340,0.219151671,0.136,0.348,2727,596.0,1493.0,10,53143.0,7158.0,74.567355511,4795,48293,3174.2400000000002,9359.34,4994.76,4291.563179010001,8122.32,1740402.07762674
0.173,0.362,123.7,0.202773995,3111,0.2484731598,0.118,0.307,386,64.0,232.0,0,67775.0,1343.0,79.394017078,590,48295,367.09799999999996,1126.182,538.203,630.829898445,955.077,246994.787129658
0.198,0.408,245.8,0.1890806932,12324,0.2005842259,0.137,0.363,1106,386.0,555.0,1,54031.0,3257.0,79.413708672,2657,48297,1688.3880000000001,5028.192,2440.152,2330.2304629968003,4473.612,978694.545673728
0.185,0.341,55.1,0.2134365738,21958,0.1475544221,0.105,0.283,1671,486.0,673.0,12,60706.0,5917.0,78.146866952,8332,48299,2305.5899999999997,7487.678000000001,4062.23,4686.6402875004,6214.114,1715948.904532016
0.198,0.361,0.0,0.2209266953,181,0.2928176796,0.107,0.282,21,5.0,0.0,0,97491.0,60.0,,22,48301,19.367,65.341,35.838,39.9877318493,51.041999999999994,
0.158,0.363,720.3,0.181047247,314772,0.2355419161,0.128,0.327,54962,8996.0,21106.0,544,56477.0,118573.0,75.131351218,40975,48303,40290.816,114262.23599999999,49733.976,56988.604032684,102930.444,23649245.685592297
0.192,0.399,386.5,0.1760138804,6025,0.2707053942,0.151,0.371,939,149.0,404.0,0,51003.0,2099.0,73.979577091,1016,48305,909.775,2403.975,1156.8,1060.4836294099998,2235.275,445726.951973275
0.19,0.383,388.3,0.1898805099,7823,0.2129617794,0.13,0.334,830,244.0,540.0,3,47617.0,2859.0,75.463934128,1893,48307,1016.99,2996.209,1486.3700000000001,1485.4352289477,2612.882,590354.356683344
0.185,0.387,580.6,0.1881078216,259730,0.2432680091,0.126,0.325,38037,7410.0,19341.0,457,55148.0,93860.0,77.078549241,39176,48309,32725.98,100515.51000000001,48050.05,48857.244504168004,84412.25,20019611.59436493
0.136,0.358,0.0,0.205542868,721,0.2066574202,0.116,0.28,103,20.0,85.0,0,45927.0,198.0,,189,48311,83.63600000000001,258.118,98.05600000000001,148.196407828,201.88000000000002,
0.198,0.38,343.0,0.2036284877,14427,0.2141817426,0.125,0.323,1911,321.0,480.0,3,58674.0,3661.0,74.652354313,2330,48313,1803.375,5482.26,2856.5460000000003,2937.7481920479,4659.921,1077009.5156736511
0.229,0.388,253.7,0.1906725418,9960,0.1799196787,0.125,0.327,895,351.0,466.0,1,42024.0,2796.0,74.497205249,2676,48315,1245.0,3864.48,2280.84,1899.0985163280002,3256.92,741992.1642800401
0.167,0.367,190.6,0.1944375937,5816,0.3165405777,0.126,0.325,589,155.0,218.0,0,73367.0,2234.0,72.356525868,674,48317,732.816,2134.4719999999998,971.272,1130.8490449592,1890.2,420825.55444828805
0.163,0.359,93.6,0.2070721101,4344,0.2009668508,0.111,0.285,628,96.0,109.0,2,63120.0,1394.0,82.113808862,1318,48319,482.184,1559.4959999999999,708.072,899.5212462744,1238.04,356702.385696528
0.179,0.408,223.8,0.1872952537,36725,0.2592784207,0.143,0.355,4756,1737.0,3049.0,15,52241.0,13011.0,75.379597566,6440,48321,5251.674999999999,14983.8,6573.775,6878.4181921325,13037.375,2768315.72061135
0.182,0.415,424.0,0.1527433451,58378,0.3059885573,0.186,0.423,7663,3673.0,5680.0,17,41324.0,17737.0,75.772699727,7075,48323,10858.307999999999,24226.87,10624.796,8916.851000247801,24693.894,4423458.664662806
0.157,0.382,211.3,0.1992032313,52358,0.2281408763,0.128,0.32,6829,1351.0,2538.0,21,62600.0,16760.0,78.215301154,9128,48325,6701.8240000000005,20000.756,8220.206,10429.8827844054,16754.56,4095196.737821132
0.176,0.376,280.6,0.1864888895,2124,0.1845574388,0.13,0.339,190,45.0,24.0,0,41477.0,670.0,76.519361947,694,48327,276.12,798.624,373.82399999999996,396.102401298,720.0360000000001,162527.12477542798
0.141,0.325,536.1,0.1928770952,177863,0.2891832478,0.115,0.286,31813,7924.0,10767.0,165,92117.0,70017.0,77.909990475,18258,48329,20454.245000000003,57805.475,25078.682999999997,34305.6987835576,50868.818,13857304.635854926
0.198,0.37,157.1,0.1960118706,24708,0.2328395661,0.127,0.34,2426,696.0,2217.0,8,49961.0,8223.0,77.161343999,5333,48331,3137.916,9141.96,4892.184,4843.0612987848,8400.720000000001,1906502.487527292
0.194,0.357,225.7,0.2021654125,4840,0.2041322314,0.115,0.311,314,78.0,155.0,6,49089.0,1497.0,76.500234894,1384,48333,556.6,1727.8799999999999,938.96,978.4805965,1505.24,370261.13688696
0.189,0.379,257.5,0.199543484,8202,0.220555962,0.134,0.347,759,189.0,489.0,0,46156.0,2203.0,75.872282162,1249,48335,1099.068,3108.558,1550.178,1636.6556557679999,2846.0939999999996,622304.458292724
0.209,0.368,131.2,0.2063205459,19962,0.2251778379,0.112,0.308,2390,602.0,1217.0,5,56012.0,6520.0,73.537842462,4566,48337,2235.744,7346.016,4172.058,4118.5707372558,6148.296,1467962.411226444
0.148,0.36,226.5,0.1898523682,626351,0.2591135003,0.105,0.277,105220,21493.0,25216.0,586,85348.0,221496.0,79.467416169,86121,48339,65766.855,225486.36,92699.94799999999,118914.22067443821,173499.227,49774495.58486932
0.173,0.376,405.9,0.1825375593,20654,0.3138375133,0.14,0.351,2396,398.0,1439.0,3,53341.0,7720.0,76.312857626,2442,48341,2891.5600000000004,7765.904,3573.142,3770.1307497822004,7249.553999999999,1576165.761407404
0.213,0.384,121.1,0.1881878162,12393,0.2283547164,0.125,0.323,1348,545.0,794.0,4,45122.0,4142.0,74.077638508,2759,48343,1549.125,4758.912,2639.709,2332.2116061666,4002.9390000000003,918044.1740296441
0.182,0.358,0.0,0.2070804576,1185,0.2033755274,0.11,0.291,192,20.0,96.0,0,46712.0,426.0,,368,48345,130.35,424.22999999999996,215.67,245.390342256,344.835,
0.201,0.406,550.6,0.1860444996,64753,0.2313869628,0.133,0.326,7985,1842.0,4414.0,77,49375.0,21238.0,75.788849117,10155,48347,8612.149000000001,26289.718,13015.353000000001,12046.9394825988,21109.478,4907555.346873101
0.203,0.393,455.0,0.1808060565,50694,0.265455478,0.133,0.342,6471,1442.0,3495.0,33,50778.0,17769.0,75.239809636,8702,48349,6742.302000000001,19922.742000000002,10290.882000000001,9165.782228211001,17337.348,3814206.909687384
0.253,0.386,257.4,0.1941129487,13414,0.1883852691,0.13,0.347,1325,557.0,798.0,2,45769.0,4591.0,75.360904082,2990,48351,1743.8200000000002,5177.804,3393.742,2603.8310938618,4654.657999999999,1010891.167355948
0.186,0.382,421.4,0.185347492,14835,0.2564880351,0.135,0.343,1765,377.0,1088.0,10,41720.0,4612.0,73.926814793,2799,48353,2002.7250000000001,5666.97,2759.31,2749.63004382,5088.405000000001,1096704.297454155
0.16,0.409,795.8,0.2210819307,363148,0.2416645555,0.143,0.319,56788,14688.0,29796.0,468,55727.0,133977.0,77.376617839,55673,48355,51930.164,148527.53199999998,58103.68,80285.46096984361,115844.212,28099164.014997173
0.184,0.393,345.7,0.1782341938,9598,0.3110022921,0.143,0.361,1015,236.0,633.0,3,71477.0,3338.0,76.630750696,1154,48357,1372.514,3772.014,1766.032,1710.6917920924,3464.8779999999997,735501.9451802081
0.179,0.345,,0.2104532196,2135,0.2220140515,0.105,0.285,353,35.0,12.0,3,61013.0,667.0,77.86924877,342,48359,224.17499999999998,736.5749999999999,382.16499999999996,449.317623846,608.4749999999999,166250.84612395
0.214,0.397,297.4,0.2002196489,82878,0.2495716595,0.111,0.304,11978,3786.0,5328.0,23,61323.0,31835.0,74.028845526,13494,48361,9199.458,32902.566,17735.892,16593.8040615342,25194.912,6135362.659503828
0.204,0.369,311.8,0.1915193273,29320,0.2306616644,0.12,0.325,3526,928.0,1408.0,6,59450.0,9273.0,75.377433739,5983,48363,3518.4,10819.08,5981.28,5615.346676436,9529.0,2210066.35722748
0.214,0.375,202.6,0.2010629856,23187,0.2302152068,0.121,0.313,3249,792.0,1143.0,4,51936.0,8188.0,74.114144522,4741,48365,2805.627,8695.125,4962.018,4662.0474471072,7257.531,1718484.669031614
0.175,0.334,169.4,0.2251787849,148198,0.2461571681,0.095,0.259,21440,4012.0,4648.0,89,88617.0,52203.0,78.302603729,23884,48367,14078.81,49498.132000000005,25934.649999999998,33371.0455646102,38383.282,11604289.26743034
0.172,0.392,270.7,0.1774096443,9522,0.2757823987,0.147,0.366,977,127.0,283.0,0,61989.0,3770.0,76.424139526,1440,48369,1399.734,3732.6240000000003,1637.7839999999999,1689.2946330246,3485.052,727710.656566572
0.171,0.4,366.6,0.1903821898,15718,0.2457691818,0.15,0.364,1706,530.0,868.0,4,52792.0,4932.0,75.711313869,2096,48371,2357.7,6287.200000000001,2687.7780000000002,2992.4272592764,5721.352,1190030.4313929419
0.226,0.404,200.6,0.1875682291,52995,0.2005660911,0.128,0.353,4879,1602.0,3597.0,23,47535.0,14984.0,72.493384114,10282,48373,6783.360000000001,21409.98,11976.87,9940.178301154501,18707.235,3841786.89112143
0.202,0.394,1022.9,0.1776462966,116004,0.2692838178,0.147,0.378,14486,2961.0,10380.0,263,45903.0,40938.0,72.450408304,15703,48375,17052.588,45705.576,23432.808,20607.6809907864,43849.512,8404537.164897216
0.212,0.45,387.8,0.1416046173,6508,0.2733558697,0.205,0.465,714,476.0,657.0,3,39967.0,1588.0,87.636461094,1565,48377,1334.1399999999999,2928.6,1379.696,921.5628493884001,3026.2200000000003,570338.088799752
0.208,0.352,159.8,0.2096162627,12552,0.1992511154,0.106,0.298,1156,283.0,468.0,5,59195.0,3620.0,76.958845696,3160,48379,1330.512,4418.304,2610.816,2631.1033294104,3740.4959999999996,965987.431176192
0.148,0.361,230.2,0.2145738069,139899,0.2400588996,0.097,0.257,26700,3246.0,7545.0,147,71041.0,57508.0,78.244761658,21936,48381,13570.203,50503.539,20705.052,30018.6610115031,35954.043,10946363.911192542
0.153,0.387,571.6,0.1882953981,3833,0.2942864597,0.14,0.346,473,176.0,100.0,0,66711.0,1210.0,77.857316434,437,48383,536.62,1483.371,586.449,721.7362609173,1326.2179999999998,298427.093891522
0.207,0.393,260.7,0.1770189515,3411,0.1720902961,0.141,0.36,159,72.0,342.0,1,43076.0,901.0,74.85802305,1104,48385,480.95099999999996,1340.5230000000001,706.077,603.8116435664999,1227.96,255340.71662355
0.233,0.396,232.9,0.1924482962,11995,0.1910796165,0.126,0.329,1513,327.0,649.0,4,46727.0,3823.0,71.999211344,3135,48387,1511.3700000000001,4750.02,2794.835,2308.417312919,3946.355,863630.54007128
0.171,0.395,463.2,0.1886193382,15949,0.2225844881,0.156,0.369,1802,631.0,1143.0,1,64863.0,4767.0,76.870975484,1853,48389,2488.044,6299.8550000000005,2727.279,3008.2898249518,5885.181,1226015.187994316
0.172,0.383,331.0,0.1842846035,6877,0.2226261451,0.14,0.346,691,252.0,520.0,1,48433.0,2350.0,76.936025082,1566,48391,962.7800000000001,2633.891,1182.8439999999998,1267.3252182695,2379.442,529089.044488914
0.175,0.342,,0.2167397167,813,0.2349323493,0.1,0.267,90,19.0,15.0,0,69927.0,293.0,,184,48393,81.30000000000001,278.04600000000005,142.27499999999998,176.2093896771,217.07100000000003,
0.191,0.379,462.7,0.190343809,17155,0.2343340134,0.125,0.323,1728,470.0,1431.0,3,55218.0,5559.0,76.151031115,3558,48395,2144.375,6501.745,3276.605,3265.348043395,5541.0650000000005,1306370.9387778249
0.135,0.309,217.3,0.2139618693,109888,0.266353014,0.09,0.227,21331,3200.0,3857.0,146,106225.0,39954.0,80.35866532,14136,48397,9889.92,33955.392,14834.880000000001,23511.8418936384,24944.576,8830453.01468416
0.184,0.372,233.8,0.1927189587,10401,0.2348812614,0.129,0.335,1101,223.0,601.0,4,50972.0,3749.0,75.617421014,2191,48399,1341.729,3869.172,1913.7839999999999,2004.4698894387,3484.335,786496.795966614
0.203,0.376,238.9,0.2023102808,54324,0.2173256756,0.123,0.311,7589,1619.0,2796.0,17,56954.0,18827.0,76.11175793,9430,48401,6681.852,20425.824,11027.772,10990.3036941792,16894.764,4134695.1377893197
0.228,0.38,275.1,0.193306906,10507,0.177976587,0.121,0.318,921,423.0,419.0,1,51046.0,2789.0,75.158265257,3277,48403,1271.347,3992.66,2395.596,2031.075661342,3341.226,789687.893055299
0.233,0.409,133.5,0.1856983404,8248,0.1966537342,0.134,0.352,662,290.0,377.0,1,45781.0,2317.0,75.162898251,2231,48405,1105.232,3373.432,1921.784,1531.6399116192,2903.296,619943.5847742481
0.217,0.398,176.7,0.1906038449,29301,0.2122794444,0.123,0.327,2532,940.0,1168.0,4,51575.0,8243.0,76.757526468,6758,48407,3604.023,11661.798,6358.317,5584.883259414901,9581.427,2249072.2830388676
0.166,0.41,500.5,0.1869329855,67069,0.2624163175,0.147,0.368,8739,2998.0,6406.0,26,56944.0,24124.0,75.725479904,10331,48409,9859.143,27498.289999999997,11133.454,12537.4084044995,24681.392,5078832.211681376
0.199,0.382,198.2,0.193148959,6039,0.1985428051,0.129,0.343,638,114.0,184.0,2,48349.0,1722.0,76.941814212,1422,48411,779.0310000000001,2306.898,1201.761,1166.426563401,2071.377,464651.616026268
0.151,0.372,214.8,0.191235259,2761,0.2332488229,0.129,0.315,314,84.0,5.0,1,54471.0,937.0,76.890488711,560,48413,356.169,1027.092,416.911,528.000550099,869.715,212294.639331071
0.188,0.379,401.1,0.1900158807,16662,0.2510502941,0.136,0.338,2458,512.0,674.0,4,57158.0,5409.0,75.661579102,2515,48415,2266.032,6314.898,3132.456,3166.0446042234,5631.756,1260673.230997524
0.183,0.342,275.7,0.2135121683,3300,0.2278787879,0.102,0.273,519,94.0,234.0,2,64931.0,1282.0,80.444469163,718,48417,336.59999999999997,1128.6000000000001,603.9,704.59015539,900.9000000000001,265466.74823789997
0.223,0.396,340.3,0.175173229,24915,0.2583985551,0.137,0.359,2558,772.0,1948.0,15,41194.0,8040.0,74.555675702,4595,48419,3413.3550000000005,9866.34,5556.045,4364.441000535,8944.484999999999,1857554.66011533
0.17,0.368,,0.1972655886,3027,0.2725470763,0.124,0.32,361,40.0,66.0,0,66408.0,1127.0,80.445357911,482,48421,375.348,1113.936,514.59,597.1229366922,968.64,243508.098396597
0.174,0.379,384.5,0.1872825458,235806,0.2423348006,0.117,0.28,38557,7343.0,12903.0,339,60735.0,84604.0,77.368409367,40830,48423,27589.302000000003,89370.474,41030.244,44162.3479949148,66025.68000000001,18243935.1391948
0.187,0.359,131.5,0.196433025,9139,0.2179669548,0.113,0.3,1120,280.0,175.0,2,67984.0,2979.0,77.689887376,1832,48425,1032.707,3280.901,1708.993,1795.2014154750002,2741.7,710007.880729264
0.208,0.466,266.1,0.1381368768,64266,0.3249307565,0.21,0.477,7138,4559.0,8422.0,12,35716.0,15932.0,76.001714988,7424,48427,13495.859999999999,29947.956000000002,13367.328,8877.5045244288,30654.881999999998,4884326.215418808
0.201,0.379,331.0,0.196405099,9334,0.2173773302,0.123,0.333,1006,245.0,816.0,5,48911.0,2764.0,75.704706107,1948,48429,1148.0819999999999,3537.5860000000002,1876.134,1833.245194066,3108.222,706627.726802738
0.176,0.376,,0.1975725974,1315,0.2798479087,0.127,0.33,94,36.0,212.0,0,68435.0,520.0,,194,48431,167.005,494.44,231.44,259.807965581,433.95000000000005,
0.198,0.368,,0.1980206173,1348,0.2284866469,0.117,0.315,86,29.0,115.0,4,59802.0,600.0,,354,48433,157.716,496.06399999999996,266.904,266.9317921204,424.62,
0.154,0.375,238.3,0.1927481695,3738,0.2348849652,0.135,0.336,518,120.0,318.0,0,64612.0,1444.0,79.669215389,725,48435,504.63000000000005,1401.75,575.652,720.492657591,1255.968,297803.52712408203
0.203,0.412,270.4,0.1745803026,7340,0.2404632153,0.155,0.381,692,132.0,423.0,0,39897.0,2100.0,73.42159218,1340,48437,1137.7,3024.08,1490.0200000000002,1281.4194210839999,2796.54,538914.4866012001
0.148,0.377,422.6,0.1782190238,2123347,0.2578476339,0.117,0.288,381760,79553.0,141835.0,3051,72064.0,815526.0,78.62667047,254161,48439,248431.59900000002,800501.819,314255.35599999997,378420.8295286586,611523.936,166951704.8624631
0.167,0.365,370.9,0.1891194129,139200,0.2477945402,0.117,0.289,21949,3608.0,9576.0,261,52974.0,53407.0,74.907672823,20788,48441,16286.400000000001,50808.0,23246.4,26325.42227568,40228.799999999996,10427148.0569616
0.158,0.391,0.0,0.1860249858,702,0.1851851852,0.142,0.333,121,18.0,46.0,0,42849.0,239.0,,237,48443,99.684,274.482,110.916,130.5895400316,233.76600000000002,
0.199,0.41,567.4,0.1715438367,12183,0.2733316917,0.158,0.397,1243,354.0,883.0,1,47292.0,3708.0,73.288766373,1856,48445,1924.914,4995.03,2424.417,2089.9185625161,4836.651,892877.040722259
0.191,0.357,0.0,0.2026352327,1487,0.2084734364,0.109,0.299,169,31.0,122.0,1,46820.0,545.0,,413,48447,162.083,530.8589999999999,284.017,301.3185910249,444.613,
0.189,0.393,265.6,0.1748917456,32926,0.2857923829,0.141,0.357,3504,891.0,2839.0,23,52973.0,11538.0,76.182833952,4933,48449,4642.566,12939.918,6223.014,5758.4856156256,11754.582,2508395.990703552
0.163,0.369,632.6,0.1916160209,120010,0.2376135322,0.122,0.309,19247,3406.0,6999.0,190,55990.0,45016.0,76.778094848,19346,48451,14641.22,44283.69,19561.63,22995.838668209,37083.09,9214139.16270848
0.12,0.252,602.9,0.2154781034,1300503,0.2087253932,0.1,0.215,345653,46579.0,63188.0,4085,82605.0,487972.0,81.382475673,136406,48453,130050.3,327726.756,156060.36,280229.9199060102,279608.145,105838153.76016352
0.231,0.378,211.6,0.1994141099,14883,0.1961970033,0.122,0.331,1168,429.0,912.0,4,47685.0,4363.0,74.349021615,4095,48455,1815.7259999999999,5625.774,3437.973,2967.8801976417,4926.273,1106536.488696045
0.222,0.382,96.9,0.2041902872,21591,0.190959196,0.113,0.33,1730,727.0,1211.0,6,48809.0,5228.0,74.941680101,5027,48457,2439.783,8247.762,4793.202,4408.6724909352,7125.030000000001,1618065.815060691
0.209,0.37,138.9,0.2061337819,42166,0.2362092681,0.111,0.303,4781,1345.0,2639.0,18,58231.0,13670.0,75.732360779,8081,48459,4680.426,15601.42,8812.694,8691.8370475954,12776.297999999999,3193330.724607314
0.173,0.377,328.1,0.1867028836,3623,0.2870549269,0.137,0.351,349,103.0,251.0,0,59593.0,1348.0,75.928687885,556,48461,496.35100000000006,1365.871,626.779,676.4245472828001,1271.673,275089.636207355
0.165,0.406,347.8,0.171404666,26742,0.2663226385,0.155,0.372,3533,728.0,2736.0,15,49275.0,8802.0,76.002998999,4532,48463,4145.01,10857.252,4412.43,4583.703578172001,9948.024,2032472.199231258
0.17,0.413,432.4,0.1750074883,49028,0.2815330016,0.168,0.393,7652,1794.0,4581.0,26,54346.0,17006.0,76.755821339,6994,48465,8236.704,20248.564,8334.76,8580.2671363724,19268.004,3763184.4086084915
0.207,0.364,178.5,0.2114299901,57533,0.2285818574,0.11,0.304,6755,1601.0,3156.0,20,57891.0,17393.0,76.118062802,11965,48467,6328.63,20942.012,11909.331,12164.2016204233,17490.032,4379300.507187466
0.177,0.384,506.1,0.1953458157,91936,0.2506961364,0.135,0.323,13478,3411.0,7020.0,152,53583.0,33186.0,77.297815936,15537,48469,12411.36,35303.424,16272.671999999999,17959.3129121952,29695.328,7106452.005892097
0.195,0.379,726.3,0.2149483954,72164,0.1491879608,0.136,0.325,9443,1742.0,2844.0,47,43002.0,21278.0,78.07717618,10252,48471,9814.304,27350.156,14071.980000000001,15511.5360056456,23453.3,5634361.34185352
0.183,0.387,477.9,0.1857384168,57452,0.240009051,0.13,0.325,7091,1846.0,2858.0,14,69460.0,18985.0,78.65001674,7028,48473,7468.76,22233.924,10513.716,10671.0435219936,18671.9,4518600.76174648
0.173,0.381,333.4,0.1869057883,12097,0.2931305282,0.141,0.352,1528,582.0,603.0,2,57257.0,4243.0,74.818423467,1623,48475,1705.677,4608.957,2092.781,2260.9993210651,4258.143999999999,905078.468680299
0.178,0.369,181.1,0.1965428088,35771,0.2136367448,0.114,0.299,3955,866.0,1685.0,26,62667.0,12507.0,79.033011099,8160,48477,4077.8940000000002,13199.499,6367.237999999999,7030.532813584799,10695.529,2827089.8400223292
0.168,0.418,409.2,0.1627893907,277681,0.3200543069,0.178,0.389,35642,9819.0,28228.0,109,56588.0,89021.0,78.531080395,27714,48479,49427.218,116070.658,46650.408,45203.5207989667,108017.909,21806588.935163997
0.18,0.393,370.6,0.1678492516,41685,0.2578865299,0.143,0.354,5221,1448.0,2786.0,21,55887.0,15516.0,76.432510784,7435,48481,5960.955,16382.205,7503.299999999999,6996.796052946,14756.49,3186089.21203104
0.198,0.377,98.9,0.1994572068,4946,0.2474727052,0.123,0.326,686,134.0,338.0,3,49838.0,2023.0,74.524314691,1003,48483,608.358,1864.642,979.308,986.5153448328,1612.396,368597.260461686
0.19,0.384,391.7,0.2036681231,133205,0.2249164821,0.12,0.301,20729,3686.0,8733.0,230,54659.0,46277.0,75.197469082,20367,48485,15984.599999999999,51150.72,25308.95,27129.6123375355,40094.705,10016678.86906781
0.209,0.388,266.3,0.1784208,12552,0.2189292543,0.142,0.368,1738,290.0,505.0,18,51774.0,4802.0,74.023221997,2377,48487,1782.3839999999998,4870.176,2623.368,2239.5378815999998,4619.1359999999995,929139.4825063439
0.197,0.455,383.9,0.1593913867,21161,0.2326449601,0.196,0.453,2179,790.0,2031.0,6,40190.0,6996.0,75.695314553,3067,48489,4147.5560000000005,9628.255000000001,4168.717000000001,3372.8811339587,9585.933,1601788.5512560331
0.118,0.318,243.0,0.1911419614,617855,0.2481294155,0.093,0.24,131156,18646.0,25235.0,842,91507.0,219697.0,81.603683549,79469,48491,57460.515,196477.89,72906.89,118098.016560797,148285.19999999998,50419243.899167396
0.151,0.37,195.8,0.2109821826,52023,0.2350883263,0.118,0.294,7003,1396.0,2036.0,20,74529.0,18008.0,79.207782382,8715,48493,6138.714,19248.51,7855.473,10975.9260853998,15294.761999999999,4120626.4628587863
0.177,0.394,437.0,0.1872260288,7887,0.2908583745,0.145,0.36,852,376.0,251.0,0,77960.0,2833.0,72.456865447,939,48495,1143.615,3107.478,1395.999,1476.6516891456,2839.3199999999997,571467.297780489
0.183,0.367,191.5,0.2019103749,71084,0.2434443757,0.107,0.303,9479,2099.0,3553.0,27,71636.0,25212.0,76.414079676,11119,48497,7605.988,26087.827999999998,13008.372,14352.5970893916,21538.452,5431818.439688784
0.201,0.359,175.7,0.2065080569,46291,0.1872070165,0.108,0.3,4059,1179.0,2242.0,16,61886.0,12987.0,76.205906263,12928,48499,4999.428,16618.469,9304.491,9559.4644619579,13887.3,3527647.606820533
0.175,0.386,218.1,0.1836190112,8702,0.3317628131,0.144,0.36,1100,421.0,332.0,2,67132.0,2522.0,75.645035625,1046,48501,1253.088,3358.972,1522.85,1597.8526354623998,3132.72,658263.1000087501
0.193,0.357,261.0,0.2033708239,17904,0.232126899,0.113,0.308,2670,410.0,1091.0,11,54569.0,6425.0,73.955599384,3758,48503,2023.152,6391.728,3455.472,3641.1512311056,5514.432,1324101.051371136
0.189,0.434,253.9,0.1531459705,14172,0.3247953712,0.191,0.442,1387,571.0,1306.0,0,39876.0,3485.0,77.803870834,1919,48505,2706.852,6150.648,2678.508,2170.384693926,6264.024,1102636.457459448
0.199,0.46,498.3,0.1436617978,11840,0.2826013514,0.207,0.463,1565,484.0,2010.0,6,34898.0,4133.0,73.886628149,1736,48507,2450.8799999999997,5446.400000000001,2356.1600000000003,1700.9556859519998,5481.92,874817.67728416
0.0790073637,0.299,345.5,0.1190924484,3249879,0.2859417228,0.083,0.187,641647,76438.0,134177.0,11792,77785.0,1128793.0,79.717237614,381593,49000,269739.957,971713.821,256764.3721339923,387036.0471137436,607727.373,259071376.45974872
0.116,0.312,163.9,0.1101327621,6761,0.3174086674,0.094,0.231,1110,112.0,156.0,5,61858.0,2065.0,78.493492581,1031,49001,635.534,2109.432,784.2760000000001,744.6076045581,1561.7910000000002,530694.503340141
0.109,0.342,149.9,0.1060431059,57007,0.3091900995,0.092,0.219,8800,1152.0,1926.0,272,73926.0,18922.0,78.763826931,7548,49003,5244.644,19496.394,6213.763,6045.1993380413005,12484.533,4490089.481855517
0.097,0.338,216.7,0.0879113306,130004,0.2978292976,0.094,0.192,24436,1910.0,5015.0,243,65391.0,44596.0,81.271397341,13069,49005,12220.376,43941.352000000006,12610.388,11428.8246233224,24960.768,10565606.739919364
0.128,0.342,205.2,0.1240724319,20760,0.2578998073,0.099,0.256,3466,445.0,1168.0,46,51902.0,6687.0,75.614803498,3829,49007,2055.2400000000002,7099.920000000001,2657.28,2575.743686244,5314.56,1569763.32061848
0.113,0.298,0.0,0.1279799367,1026,0.2280701754,0.081,0.201,107,18.0,0.0,0,63461.0,132.0,,272,49009,83.10600000000001,305.748,115.938,131.3074150542,206.226,
0.08,0.339,305.8,0.1080002417,359232,0.3112668136,0.087,0.196,76837,7168.0,14522.0,837,92253.0,132834.0,80.236491458,38278,49011,31253.183999999997,121779.64800000002,28738.56,38797.1428263744,70409.47200000001,28823515.299440257
0.137,0.334,105.3,0.1166466482,19894,0.3319091183,0.097,0.261,2824,603.0,1080.0,36,61709.0,6052.0,76.211830424,2525,49013,1929.718,6644.5960000000005,2725.478,2320.5684192907997,5192.334,1516158.154455056
0.123,0.345,109.9,0.1058930814,10147,0.280378437,0.092,0.217,1549,206.0,536.0,11,64144.0,3115.0,76.666759651,1854,49015,933.524,3500.7149999999997,1248.081,1074.4970969658,2201.899,777937.610178697
0.118,0.313,,0.1117817672,5050,0.2265346535,0.094,0.228,727,269.0,190.0,6,47638.0,1479.0,77.729073959,1222,49017,474.7,1580.65,595.9,564.4979243600001,1151.4,392531.82349295
0.111,0.29,328.1,0.130859023,9796,0.2124336464,0.089,0.208,1919,587.0,651.0,24,58852.0,4233.0,79.393421743,1932,49019,871.8439999999999,2840.8399999999997,1087.356,1281.8949893079998,2037.568,777737.9593944281
0.111,0.329,264.4,0.098539251,56814,0.2789101278,0.099,0.204,8942,1115.0,2904.0,177,52942.0,17650.0,79.310441944,7798,49021,5624.586,18691.806,6306.354,5598.409006313999,11590.055999999999,4505943.448606417
0.127,0.347,124.8,0.1104141208,12122,0.3373205742,0.093,0.233,1480,172.0,472.0,62,70086.0,3775.0,77.710251132,1472,49023,1127.346,4206.334,1539.494,1338.4399723376,2824.426,942003.664222104
0.111,0.305,152.2,0.1200994575,7914,0.2299722012,0.088,0.209,1395,206.0,336.0,17,58352.0,2387.0,79.714671827,1895,49025,696.432,2413.77,878.4540000000001,950.4671066550001,1654.0259999999998,630861.912838878
0.123,0.323,136.5,0.11100968,13327,0.3102723794,0.103,0.246,1570,192.0,485.0,22,60316.0,3963.0,79.696976115,2366,49027,1372.6809999999998,4304.621,1639.221,1479.42600536,3278.442,1062121.600684605
0.089,0.293,107.2,0.1214145905,12462,0.3424008987,0.072,0.18,2235,186.0,298.0,3,103746.0,3945.0,80.686912866,1540,49029,897.2639999999999,3651.366,1109.118,1513.068626811,2243.16,1005520.308136092
0.127,0.335,,0.1063999562,1473,0.2335369993,0.1,0.251,137,30.0,4.0,9,47206.0,452.0,,431,49031,147.3,493.45500000000004,187.071,156.7271354826,369.723,
0.114,0.313,,0.1141577452,2452,0.2875203915,0.089,0.223,366,40.0,50.0,1,75531.0,686.0,85.012715187,488,49033,218.22799999999998,767.476,279.528,279.9147912304,546.796,208451.177638524
0.093,0.308,449.0,0.1433188668,1165517,0.2621017111,0.093,0.205,252180,32591.0,52322.0,6211,79294.0,433358.0,79.323475858,134562,49035,108393.081,358979.236,108393.081,167040.5756761356,238930.985,92452859.61158858
0.168,0.384,346.2,0.089636132,15278,0.289763058,0.137,0.245,2104,554.0,1074.0,25,50686.0,4390.0,75.154571607,2281,49037,2093.0860000000002,5866.752,2566.704,1369.460824696,3743.11,1148211.545011746
0.131,0.324,151.9,0.1101204565,31393,0.245596152,0.1,0.245,4468,472.0,804.0,267,55033.0,8854.0,79.760232764,4662,49039,3139.3,10171.332,4112.483,3457.0114909045,7691.285,2503912.987160252
0.129,0.337,185.0,0.1040064648,21780,0.2842056933,0.095,0.232,3228,416.0,836.0,50,56318.0,6842.0,76.849246384,3736,49041,2069.1,7339.860000000001,2809.62,2265.260803344,5052.96,1673776.58624352
0.073,0.218,289.5,0.1554792622,42499,0.2338878562,0.07,0.156,7509,1760.0,1696.0,87,115756.0,15359.0,85.546181216,6068,49043,2974.9300000000003,9264.782,3102.4269999999997,6607.7131642378,6629.844,3635627.1554987836
0.106,0.341,242.2,0.1106375367,74512,0.3171435473,0.091,0.231,12428,1667.0,3214.0,80,79101.0,23825.0,78.351921497,7024,49045,6780.592,25408.592,7898.272,8243.824134590399,17212.272,5838158.374584464
0.138,0.361,198.7,0.1166639645,35970,0.3209341118,0.109,0.252,5320,1228.0,1703.0,52,63282.0,10779.0,75.690716011,4268,49047,3920.73,12985.17,4963.860000000001,4196.402803065,9064.44,2722595.0549156703
0.065,0.296,197.3,0.0674173598,651059,0.3244329623,0.085,0.185,135364,11774.0,21227.0,1965,81804.0,205931.0,80.230179775,52169,49049,55340.01500000001,192713.46399999998,42318.835,43892.67885402821,120445.915,52234580.61413172
0.081,0.287,158.4,0.1081445603,35300,0.3017847025,0.077,0.182,6462,1046.0,1008.0,37,87098.0,12123.0,81.675194441,4448,49051,2718.1,10131.099999999999,2859.3,3817.50297859,6424.599999999999,2883134.3637673003
0.094,0.304,272.0,0.1039430394,184913,0.2500256878,0.087,0.192,28852,4201.0,6508.0,554,71904.0,54820.0,81.81714567,42016,49053,16087.430999999999,56213.551999999996,17381.822,19220.4192445722,35503.296,15129053.85727671
0.114,0.325,,0.1131511762,2759,0.2258064516,0.09,0.219,362,108.0,133.0,20,54790.0,730.0,77.04463591,635,49055,248.31,896.6750000000001,314.526,312.18409513579996,604.221,212566.15047569
0.104,0.36,357.8,0.1146519494,262658,0.2735153698,0.098,0.237,45470,6210.0,13859.0,673,72091.0,98809.0,78.102697176,32174,49057,25740.484,94556.87999999999,27316.431999999997,30114.251725505197,62249.945999999996,20514298.23485381
0.1619109484,0.271,275.3,0.2316219359,623347,0.1815457522,0.073,0.193,102234,18413.0,25106.0,3184,67717.0,239524.0,79.67341457,128594,50000,45504.331,168927.037,100926.7039522948,144380.83887745728,120305.971,49664183.951965794
0.151,0.252,299.1,0.2355226256,36851,0.1621936989,0.067,0.183,5233,989.0,837.0,117,73049.0,13960.0,81.344859424,8016,50001,2469.0170000000003,9286.452,5564.501,8679.2442759856,6743.733,2997639.414633824
0.177,0.257,211.4,0.2391835604,35338,0.1860320335,0.074,0.208,4885,1128.0,1916.0,175,65528.0,12437.0,77.721940297,8437,50003,2615.0119999999997,9081.866,6254.826,8452.2686574152,7350.304,2746537.926215386
0.186,0.287,256.7,0.2282373127,29705,0.1893283959,0.08,0.234,4152,819.0,1210.0,117,52203.0,11142.0,78.403965867,6655,50005,2376.4,8525.335,5525.13,6779.7893737535,6950.97,2328989.806079235
0.129,0.231,344.4,0.2361196561,164306,0.1741689287,0.066,0.174,34785,4451.0,5969.0,1147,80539.0,62992.0,81.721401328,26445,50007,10844.196,37954.686,21195.474000000002,38795.8762151666,28589.244,13427316.566598367
0.227,0.298,357.0,0.2240362788,6123,0.1664216887,0.085,0.267,615,170.0,261.0,4,50956.0,2188.0,79.801556867,1701,50009,520.455,1824.654,1389.921,1371.7741350924,1634.8410000000001,488624.932696641
0.176,0.324,281.4,0.2187964983,49685,0.2191003321,0.073,0.23,7831,1383.0,1716.0,129,62763.0,20327.0,78.789052471,8501,50011,3627.0049999999997,16097.94,8744.56,10870.9040180355,11427.550000000001,3914634.0720216352
0.161,0.257,290.3,0.257633771,7169,0.1738038778,0.068,0.199,987,237.0,187.0,2,79994.0,2745.0,80.490815904,1594,50013,487.492,1842.433,1154.209,1846.976504299,1426.631,577038.659215776
0.168,0.268,177.4,0.2369075124,25341,0.1992423346,0.071,0.233,4560,1048.0,1234.0,132,57909.0,10404.0,80.36183337,4639,50015,1799.2109999999998,6791.388000000001,4257.2880000000005,6003.4732717284,5904.453,2036449.21942917
0.17,0.32,225.0,0.2157772488,28837,0.1800464681,0.074,0.221,3964,743.0,1040.0,103,60624.0,11160.0,79.822668047,6545,50017,2133.938,9227.84,4902.29,6222.368523645599,6372.977,2301846.278471339
0.21,0.327,266.3,0.2262594694,26897,0.1934788266,0.088,0.252,3413,1008.0,1056.0,78,56721.0,10145.0,77.941830523,6351,50019,2366.9359999999997,8795.319,5648.37,6085.7009484518,6778.044,2096401.4155771309
0.186,0.324,214.8,0.221402118,57764,0.1735336888,0.074,0.219,7830,2031.0,1945.0,197,62289.0,23529.0,77.218169616,13626,50021,4274.536,18715.536,10744.104,12789.071944152001,12650.316,4460430.349698624
0.159,0.272,289.3,0.2489091232,58328,0.1814394459,0.071,0.188,9648,1596.0,3385.0,335,70061.0,22635.0,79.751549918,12167,50023,4141.288,15865.216,9274.152,14518.3713380096,10965.664,4651748.403617104
0.18,0.228,191.8,0.2461367043,42015,0.1759133643,0.069,0.186,5709,1327.0,2167.0,329,59017.0,15083.0,78.815940025,10327,50025,2899.0350000000003,9579.42,7562.7,10341.4336311645,7814.79,3311451.7201503753
0.161,0.273,248.8,0.2061551048,54988,0.177856987,0.07,0.2,8622,1483.0,2183.0,319,60842.0,20777.0,79.137073708,13590,50027,3849.1600000000003,15011.724000000002,8853.068000000001,11336.056902742399,10997.6,4351589.409055504
0.1415932868,0.318,564.3,0.1730186032,8590563,0.2172639907,0.098,0.248,1645171,271412.0,444963.0,17743,79154.0,3163869.0,79.066031582,1401044,51000,841875.174,2731799.034,1216366.0506324684,1486327.2109616017,2130459.624,679221725.4651606
0.214,0.4,717.9,0.1622839072,32238,0.2045102053,0.127,0.338,3188,1041.0,2426.0,38,44127.0,9747.0,75.339708083,8119,51001,4094.226,12895.2,6898.932,5231.7086003136,10896.444000000001,2428801.509179754
0.142,0.277,348.5,0.2186877727,110652,0.1977280121,0.085,0.235,21108,3002.0,4730.0,184,79708.0,38365.0,82.247062966,21877,51003,9405.42,30650.604000000003,15712.583999999999,24198.239424800402,26003.219999999998,9100802.011313831
0.228,0.364,296.1,0.182790603,14701,0.1842731787,0.108,0.313,1545,444.0,810.0,5,52281.0,5302.0,75.468017841,3808,51005,1587.708,5351.164,3351.828,2687.204654703,4601.413,1109455.330280541
0.205,0.352,395.6,0.1815383592,13014,0.2027047795,0.106,0.301,1233,357.0,523.0,9,70511.0,5437.0,74.758968153,2658,51007,1379.484,4580.928,2667.87,2362.5402066288,3917.214,972913.211543142
0.203,0.361,360.7,0.1805639305,31667,0.1944295323,0.111,0.304,4116,823.0,1566.0,6,61111.0,11948.0,77.308903062,6914,51009,3515.0370000000003,11431.787,6428.401000000001,5717.9179871435,9626.768,2448141.033264354
0.203,0.356,465.1,0.1913155832,16043,0.215047061,0.105,0.297,2236,410.0,789.0,3,55152.0,6130.0,77.273686477,3392,51011,1684.5149999999999,5711.308,3256.7290000000003,3069.2759012776,4764.771,1239701.752150511
0.087,0.235,484.7,0.2013856413,240119,0.1812018208,0.08,0.183,87659,6773.0,6993.0,518,125004.0,70271.0,85.31091996,27285,51013,19209.52,56427.965,20890.353,48356.5188033147,43941.777,20484772.789875243
0.199,0.325,284.5,0.1884681352,76544,0.1887019231,0.095,0.295,9068,1702.0,2469.0,59,67698.0,29885.0,80.113943225,16913,51015,7271.68,24876.8,15232.256000000001,14426.104940748799,22580.48,6132241.6702144
0.226,0.352,265.3,0.1721828651,4119,0.1507647487,0.113,0.325,763,227.0,131.0,1,56165.0,1652.0,76.019766895,1169,51017,465.447,1449.888,930.894,709.2212213469,1338.675,313125.419840505
0.177,0.334,203.8,0.1929091093,79811,0.1956622521,0.091,0.267,10965,1937.0,2669.0,62,70004.0,30661.0,79.123472336,18092,51019,7262.8009999999995,26656.874,14126.546999999999,15396.268922342299,21309.537,6314923.450608497
0.209,0.343,318.5,0.1974459323,6239,0.1489020676,0.097,0.283,792,158.0,230.0,3,56637.0,2085.0,76.876926145,1530,51021,605.183,2139.9770000000003,1303.951,1231.8651716196998,1765.637,479635.142218655
0.172,0.313,197.5,0.1925484678,33633,0.1893675854,0.087,0.258,4431,777.0,941.0,15,70803.0,13686.0,79.705543353,7932,51023,2926.071,10527.129,5784.875999999999,6475.9826175174,8677.314,2680736.539591449
0.231,0.414,683.9,0.1545449705,16037,0.1586331608,0.142,0.353,1859,474.0,1445.0,7,45556.0,5156.0,76.160835302,3553,51025,2277.254,6639.317999999999,3704.547,2478.4376919085,5661.061,1221391.315738174
0.284,0.38,95.2,0.1652831908,20613,0.1726580313,0.125,0.37,2127,614.0,1158.0,7,35891.0,5139.0,73.508650868,4908,51027,2576.625,7832.9400000000005,5854.092,3406.9824119604,7626.8099999999995,1515233.8203420842
0.233,0.406,530.7,0.1695626582,17168,0.1792287978,0.132,0.34,1973,467.0,870.0,8,49339.0,5339.0,78.09097635,3477,51029,2266.176,6970.2080000000005,4000.1440000000002,2911.0517159776,5837.120000000001,1340665.8819768
0.202,0.355,435.5,0.1651798377,55304,0.1985932301,0.107,0.289,8126,1506.0,2382.0,13,59223.0,22370.0,78.375244333,11522,51031,5917.528,19632.92,11171.408000000001,9135.105744160799,15982.855999999998,4334464.512592232
0.193,0.346,488.2,0.1823631714,30860,0.2262475697,0.11,0.293,4150,1009.0,2114.0,12,67663.0,12240.0,77.069193564,5330,51033,3394.6,10677.56,5955.9800000000005,5627.727469404,9041.98,2378355.31338504
0.229,0.339,248.4,0.1768892092,30074,0.1762652125,0.103,0.322,3383,1075.0,1005.0,12,48555.0,10360.0,77.956894607,7834,51035,3097.622,10195.086000000001,6886.946,5319.7660774808,9683.828,2344475.6484109177
0.224,0.386,445.2,0.1678519334,6821,0.1444069784,0.132,0.324,753,235.0,215.0,2,61850.0,2678.0,76.411689483,1810,51036,900.3720000000001,2632.906,1527.904,1144.9180377214,2210.004,521204.13396354305
0.247,0.397,488.2,0.1675418153,11820,0.2111675127,0.133,0.347,1299,285.0,1042.0,3,45084.0,3579.0,74.405411237,2670,51037,1572.0600000000002,4692.54,2919.54,1980.344256846,4101.54,879471.96082134
0.146,0.356,515.6,0.1741002371,358245,0.2358776815,0.102,0.266,63459,10971.0,19595.0,710,83598.0,142890.0,78.700287963,56749,51041,36540.99,127535.22,52303.77,62370.5394398895,95293.17,28193984.661304932
0.167,0.319,184.7,0.1985568232,14622,0.1916974422,0.089,0.253,1831,341.0,401.0,9,88407.0,5582.0,78.925561313,3242,51043,1301.358,4664.418,2441.8740000000003,2903.2978688304,3699.366,1154049.557518686
0.186,0.31,409.3,0.1991130468,5077,0.1723458735,0.085,0.259,430,116.0,153.0,0,57314.0,2030.0,77.15519312,1251,51045,431.545,1573.87,944.322,1010.8969386036,1314.943,391716.91547024006
0.173,0.317,325.1,0.1775192706,53569,0.2469151935,0.103,0.286,7254,1214.0,2417.0,101,80151.0,19225.0,78.381893353,8825,51047,5517.607,16981.373,9267.437,9509.5298067714,15320.733999999999,4198839.645026857
0.216,0.375,694.7,0.166500356,9933,0.1946038458,0.121,0.326,1446,280.0,513.0,4,51035.0,4097.0,78.551966677,2282,51049,1201.893,3724.875,2145.528,1653.848036148,3238.158,780256.6850026409
0.258,0.362,237.5,0.1789276258,14078,0.1917886063,0.118,0.356,2017,378.0,772.0,11,38394.0,3929.0,72.565500675,3332,51051,1661.204,5096.236,3632.1240000000003,2518.9431160124,5011.768,1021577.11850265
0.214,0.359,444.9,0.1828431667,28688,0.2040574456,0.117,0.313,3874,861.0,1279.0,6,63567.0,11309.0,76.66836778,5313,51053,3356.496,10298.992,6139.232,5245.4047662896,8979.344,2199462.13487264
0.222,0.401,703.0,0.1576867545,10943,0.1807548204,0.132,0.356,1027,382.0,722.0,3,56134.0,3799.0,75.8730315,2651,51057,1444.476,4388.143,2429.346,1725.5661544934999,3895.7079999999996,830278.5837045
0.105,0.242,329.5,0.1495658499,1150847,0.2321203427,0.084,0.207,261401,36515.0,43350.0,2366,132509.0,409743.0,85.186321596,165549,51059,96671.148,278504.974,120838.935,172127.40965986528,238225.329,98036422.6497918
0.147,0.319,266.8,0.1995977013,71361,0.2296632614,0.088,0.24,11202,1721.0,2842.0,70,106977.0,28196.0,79.987092135,12330,51061,6279.768,22764.159,10490.067,14243.4915624693,17126.64,5707958.881845735
0.202,0.304,152.4,0.180953888,15777,0.1912277366,0.096,0.283,2073,409.0,360.0,11,54262.0,5810.0,77.671814454,3830,51063,1514.592,4796.208,3186.954,2854.909490976,4464.891,1225428.216640758
0.162,0.314,322.7,0.1880679596,27422,0.195718766,0.089,0.234,4601,722.0,1043.0,25,79598.0,9847.0,80.435721831,5736,51065,2440.558,8610.508,4442.3640000000005,5157.1995881512,6416.7480000000005,2205708.364049682
0.208,0.376,305.1,0.1816043174,56167,0.1856428152,0.102,0.301,6284,1422.0,2225.0,49,61714.0,19426.0,77.637560354,13891,51067,5729.034,21118.792,11682.735999999999,10200.169695405799,16906.267,4360668.852403118
0.166,0.326,302.3,0.1747378391,91119,0.2267803641,0.088,0.259,13134,2260.0,4040.0,57,83033.0,35729.0,79.531483208,16697,51069,8018.472,29704.794,15125.754,15921.937160952899,23599.821,7246829.218429752
0.209,0.343,161.5,0.1881405977,16663,0.1991838204,0.096,0.284,2333,484.0,553.0,3,55983.0,6453.0,73.748103028,3709,51071,1599.6480000000001,5715.409000000001,3482.567,3134.9867794751,4732.2919999999995,1228864.640755564
0.178,0.291,324.0,0.1911428996,37459,0.1988307216,0.093,0.272,5485,1045.0,1329.0,72,73893.0,15535.0,77.116616181,7670,51073,3483.687,10900.569,6667.701999999999,7160.0218761164,10188.848,2888711.3255240787
0.154,0.318,332.6,0.1941458649,24431,0.1694568376,0.089,0.237,3218,542.0,476.0,30,101927.0,8566.0,81.008088497,5675,51075,2174.359,7769.058,3762.374,4743.1776253719,5790.147,1979108.6100702072
0.238,0.356,283.0,0.1736762119,15493,0.1619441038,0.115,0.335,1686,460.0,655.0,4,45896.0,5252.0,76.906648844,4007,51077,1781.6950000000002,5515.508,3687.334,2690.7655509666997,5190.155000000001,1191514.710540092
0.185,0.339,247.2,0.1878875349,20131,0.233272068,0.096,0.277,3023,534.0,775.0,16,70046.0,7327.0,79.902094836,3753,51079,1932.576,6824.409000000001,3724.235,3782.3639650718997,5576.287,1608509.071143516
0.234,0.398,573.4,0.1618717438,11280,0.1605496454,0.149,0.35,1468,287.0,805.0,9,48578.0,2903.0,74.044511852,1808,51081,1680.72,4489.4400000000005,2639.52,1825.913270064,3947.9999999999995,835222.09369056
0.22,0.373,483.6,0.1694972683,33633,0.2011714685,0.127,0.329,4064,1067.0,2330.0,41,43386.0,11024.0,74.756754121,8602,51083,4271.391,12545.109,7399.26,5700.7016247339,11065.257,2514293.911351593
0.156,0.342,303.4,0.2092669223,108262,0.2157451368,0.083,0.226,17762,2798.0,3715.0,192,97717.0,45891.0,79.259967439,20287,51085,8985.746000000001,37025.604,16888.872,22655.655542042598,24467.212,8580842.594881017
0.143,0.297,694.0,0.1806291515,333766,0.2232162653,0.098,0.246,70423,11704.0,21053.0,1077,80105.0,133847.0,78.807787323,54871,51087,32709.068000000003,99128.502,47728.53799999999,60287.869379549,82106.436,26303359.943648417
0.228,0.389,324.4,0.1523534368,50309,0.1928481981,0.129,0.362,5552,1816.0,3281.0,11,41706.0,16352.0,74.376727546,12483,51089,6489.861,19570.201,11470.452000000001,7664.749051971199,18211.858,3741818.786111714
0.199,0.325,,0.1928494881,2200,0.1277272727,0.093,0.278,126,46.0,14.0,6,52898.0,552.0,79.59255748,802,51091,204.6,715.0,437.8,424.26887382,611.6,175103.626456
0.186,0.34,482.4,0.193792609,37725,0.209092114,0.104,0.279,5760,977.0,1953.0,15,75481.0,15456.0,78.853272499,7567,51093,3923.3999999999996,12826.500000000002,7016.85,7310.826174525,10525.275000000001,2974739.705024775
0.131,0.314,334.5,0.1945423312,77612,0.194055043,0.085,0.221,11571,2527.0,3094.0,269,86501.0,27806.0,81.623811167,20755,51095,6597.02,24370.168,10167.172,15098.8194090944,17152.252,6334987.232293204
0.198,0.367,455.5,0.1776543555,6942,0.1744454048,0.111,0.304,982,198.0,331.0,0,60133.0,2915.0,74.004384307,1662,51097,770.562,2547.714,1374.516,1233.276535881,2110.368,513738.43585919397
0.158,0.342,413.6,0.1887066506,27381,0.2440378365,0.094,0.243,4800,617.0,1015.0,15,90786.0,11005.0,78.275974269,3856,51099,2573.814,9364.302000000001,4326.198,5166.9768000786,6653.583,2143274.4514594893
0.185,0.341,390.7,0.1936062404,17641,0.2273113769,0.098,0.275,3005,491.0,527.0,11,79313.0,7507.0,77.065031849,2950,51101,1728.818,6015.581,3263.585,3415.4076868964,4851.275000000001,1359504.2268482088
0.179,0.348,773.4,0.1763643665,10618,0.1566208325,0.11,0.281,1068,389.0,824.0,9,55539.0,3076.0,74.913003029,3955,51103,1167.98,3695.064,1900.6219999999998,1872.6368434970002,2983.6580000000004,795426.2661619219
0.255,0.384,166.5,0.1609762203,23238,0.1810827094,0.121,0.356,2676,532.0,1467.0,29,38229.0,6040.0,73.980136236,5387,51105,2811.798,8923.392,5925.6900000000005,3740.7654073314,8272.728,1719150.405852168
0.099,0.258,251.5,0.1833153218,422784,0.2741849266,0.083,0.206,98840,11936.0,13024.0,739,155362.0,156766.0,84.323908842,42912,51107,35091.072,109078.272,41855.616,77502.78501189119,87093.504,35650799.475856125
0.196,0.347,319.2,0.1754834498,38132,0.1981013322,0.105,0.306,4943,1035.0,1245.0,13,69907.0,13446.0,77.567154193,7949,51109,4003.8599999999997,13231.803999999998,7473.872,6691.5349077736,11668.392,2957790.7236874755
0.234,0.408,672.4,0.1723715689,12267,0.194342545,0.132,0.34,1272,278.0,738.0,8,47384.0,3809.0,75.105611817,2865,51111,1619.2440000000001,5004.936,2870.478,2114.4820356963,4170.780000000001,921320.540159139
0.201,0.328,181.0,0.1899837407,13312,0.1978665865,0.1,0.286,1735,280.0,522.0,4,67373.0,4830.0,77.782425236,3075,51113,1331.2,4366.336,2675.712,2529.0635561984,3807.2319999999995,1035439.6447416319
0.179,0.323,339.6,0.1925234548,8766,0.15229295,0.095,0.262,887,200.0,146.0,4,68946.0,2787.0,78.407642898,2786,51115,832.77,2831.418,1569.114,1687.6606047768,2296.692,687321.397643868
0.219,0.425,634.3,0.166702626,30679,0.1857296522,0.128,0.343,3967,861.0,1981.0,29,49542.0,10340.0,74.800163209,8219,51117,3926.9120000000003,13038.574999999999,6718.701,5114.269863054,10522.897,2294794.207088911
0.201,0.345,274.1,0.2017357967,10569,0.1552653988,0.104,0.287,1036,262.0,468.0,8,60752.0,3444.0,76.300294831,3487,51119,1099.176,3646.305,2124.369,2132.1456353222998,3033.303,806417.816068839
0.178,0.318,497.3,0.1785054782,98391,0.1537945544,0.099,0.264,18006,2330.0,2383.0,268,62418.0,34145.0,79.970226747,13630,51121,9740.709,31288.338,17513.597999999998,17563.3325055762,25975.224000000002,7868350.579864077
0.195,0.332,368.4,0.184800296,14755,0.1737716028,0.099,0.288,1315,409.0,427.0,20,60757.0,4465.0,78.092569851,4237,51125,1460.7450000000001,4898.66,2877.225,2726.72836748,4249.44,1152255.868151505
0.175,0.321,207.9,0.190469324,23648,0.1950270636,0.092,0.254,3440,573.0,575.0,23,107658.0,9151.0,78.095883512,4355,51127,2175.616,7591.008,4138.4,4504.218573952,6006.592,1846811.4532917761
0.196,0.386,674.6,0.1604449639,11673,0.1917244924,0.126,0.329,1264,421.0,824.0,12,50096.0,3447.0,74.981992941,3334,51131,1470.798,4505.778,2287.908,1872.8740636046998,3840.4170000000004,875264.803600293
0.177,0.329,405.1,0.1781557367,12069,0.1421824509,0.105,0.286,940,360.0,572.0,2,60575.0,3499.0,79.742119409,4586,51133,1267.245,3970.701,2136.2129999999997,2150.1615862323,3451.734,962407.639147221
0.227,0.389,1332.7,0.1627360169,15160,0.1914248021,0.136,0.363,1648,366.0,795.0,15,51503.0,4536.0,74.633934769,2941,51135,2061.76,5897.24,3441.32,2467.078016204,5503.08,1131450.4510980402
0.188,0.332,305.0,0.1840901456,37695,0.2073749834,0.1,0.274,4800,959.0,1670.0,24,73226.0,13628.0,77.40423697,7858,51137,3769.5,12514.74,7086.66,6939.278038392,10328.43,2917752.71258415
0.233,0.351,359.8,0.1822849693,23933,0.2001420633,0.103,0.324,2374,874.0,1076.0,10,52107.0,8471.0,75.961463657,5315,51139,2465.0989999999997,8400.483,5576.389,4362.6261702569,7754.292,1817985.709702981
0.222,0.333,227.2,0.1771707813,17493,0.1713828388,0.105,0.302,1880,496.0,585.0,7,46149.0,6335.0,75.245452512,4821,51141,1836.7649999999999,5825.169,3883.446,3099.2484772809,5282.8859999999995,1316268.700792416
0.226,0.385,432.4,0.1689173105,59850,0.1818212197,0.118,0.323,7080,1933.0,3194.0,11,49124.0,22538.0,75.613196187,14421,51143,7062.299999999999,23042.25,13526.1,10109.701033425,19331.55,4525449.79179195
0.169,0.319,188.9,0.2018504,30148,0.1818031047,0.086,0.25,4512,677.0,601.0,10,98465.0,11331.0,79.960425547,5858,51145,2592.7279999999996,9617.212,5095.012000000001,6085.385859200001,7537.0,2410646.909390956
0.209,0.371,982.4,0.1711291253,23006,0.1595670695,0.126,0.309,2534,652.0,1184.0,68,47968.0,6263.0,76.043596406,3948,51147,2898.756,8535.226,4808.254,3936.9966566517996,7108.854,1749458.9789164362
0.185,0.391,615.3,0.1890188851,38686,0.2247583105,0.111,0.284,7776,969.0,2184.0,40,75717.0,13951.0,80.819463712,5758,51149,4294.146,15126.226,7156.91,7312.3845889786,10986.823999999999,3126581.773162432
0.133,0.297,545.6,0.1665594291,475533,0.2660299075,0.104,0.266,94395,16028.0,22401.0,668,111117.0,176932.0,81.496933162,50931,51153,49455.432,141233.301,63245.889,79204.5049982103,126491.778,38754481.11732535
0.208,0.345,296.8,0.1902160474,33935,0.1753646677,0.099,0.296,4363,1268.0,1284.0,16,50530.0,13071.0,75.323138181,7980,51155,3359.565,11707.574999999999,7058.48,6454.981568519001,10044.76,2556090.694172235
0.166,0.322,271.4,0.1954735307,7260,0.1663911846,0.087,0.26,777,167.0,143.0,8,76634.0,2571.0,81.330676398,2044,51157,631.62,2337.7200000000003,1205.16,1419.137832882,1887.6000000000001,590460.71064948
0.213,0.36,487.6,0.1749136114,9071,0.170212766,0.126,0.34,1169,197.0,140.0,15,55870.0,2496.0,76.535662175,1985,51159,1142.946,3265.56,1932.123,1586.6413690094,3084.1400000000003,694254.991589425
0.156,0.288,312.1,0.2023883424,94509,0.1975261615,0.092,0.258,16495,2489.0,3488.0,260,71613.0,37831.0,78.856047763,21101,51161,8694.828,27218.591999999997,14743.404,19127.5198518816,24383.322,7452606.218033368
0.203,0.327,332.3,0.184958425,22757,0.1764731731,0.098,0.28,2930,575.0,750.0,1,55684.0,8101.0,79.356825672,6162,51163,2230.186,7441.539000000001,4619.671,4209.098877725,6371.960000000001,1805923.281817704
0.181,0.341,299.0,0.1892337457,82346,0.2186748597,0.094,0.286,10497,1952.0,2557.0,21,62609.0,31884.0,79.908585193,16445,51165,7740.524,28079.986,14904.626,15582.642023412202,23550.956,6580152.356302777
0.254,0.375,184.3,0.1736583754,26647,0.1877509663,0.11,0.339,3479,742.0,782.0,23,43206.0,7211.0,75.472033409,6140,51167,2931.17,9992.625,6768.338,4627.4747292838,9033.333,2011103.274249623
0.227,0.364,208.7,0.1671522052,21629,0.176152388,0.106,0.314,2646,474.0,883.0,33,44937.0,7044.0,75.280529246,5540,51169,2292.674,7872.956,4909.783,3615.3350462708,6791.506,1628242.567061734
0.189,0.346,249.9,0.1826728676,43905,0.2094066735,0.1,0.294,5216,1166.0,1671.0,24,54294.0,16401.0,77.74500227,9814,51171,4390.5,15191.13,8298.045,8020.2522519780005,12908.07,3413394.32466435
0.239,0.39,348.8,0.1747026448,30090,0.1903622466,0.107,0.312,3441,861.0,2027.0,55,43351.0,9689.0,72.970041266,6982,51173,3219.63,11735.1,7191.509999999999,5256.802582032,9388.08,2195668.54169394
0.201,0.397,584.2,0.1775369359,17636,0.1882513042,0.119,0.315,2313,449.0,1073.0,0,60441.0,6396.0,77.479958965,3778,51175,2098.6839999999997,7001.492,3544.8360000000002,3131.0414015324,5555.34,1366436.5563067398
0.159,0.33,432.4,0.1739038716,138449,0.2441548874,0.1,0.277,23353,4035.0,6720.0,132,94299.0,50268.0,79.285343237,20756,51177,13844.900000000001,45688.170000000006,22013.391,24076.8171191484,38350.37300000001,10976976.485819414
0.134,0.326,444.1,0.1785352034,156748,0.2584530584,0.091,0.241,29026,4099.0,7076.0,138,110120.0,54169.0,79.988112712,17216,51179,14264.068,51099.848000000005,21004.232,27985.0360625432,37776.268,12537976.691380577
0.207,0.384,685.1,0.1695798462,6385,0.1678935004,0.127,0.327,640,207.0,420.0,3,57872.0,2472.0,79.107679429,1565,51181,810.895,2451.84,1321.695,1082.767317987,2087.895,505102.533154165
0.221,0.416,600.4,0.1665101458,10925,0.1516704805,0.141,0.344,1336,321.0,672.0,3,48040.0,3567.0,74.46250448,2024,51183,1540.425,4544.8,2414.425,1819.123342865,3758.2,813502.861444
0.234,0.358,170.0,0.1776089972,40529,0.1911717536,0.105,0.316,5020,1185.0,2232.0,90,45214.0,12530.0,72.733120407,9558,51185,4255.545,14509.382,9483.786,7198.3150475188,12807.164,2947800.636975303
0.194,0.332,336.1,0.1923070772,40475,0.2184311303,0.096,0.28,5618,1181.0,2329.0,41,63797.0,14182.0,75.987940435,6912,51187,3885.6,13437.7,7852.150000000001,7783.62894967,11333.000000000002,3075611.8891066248
0.204,0.359,217.7,0.1786885929,53695,0.1759940404,0.097,0.302,7543,1496.0,1827.0,106,53785.0,19277.0,76.015468232,13141,51191,5208.415,19276.505,10953.779999999999,9594.6839957655,16215.89,4081650.56671724
0.199,0.352,505.1,0.1753458172,18149,0.1862912557,0.115,0.309,1869,558.0,1303.0,3,59343.0,5685.0,76.962650841,4787,51193,2087.135,6388.447999999999,3611.6510000000003,3182.3512363628,5608.041,1396795.150113309
0.255,0.391,288.9,0.1637089218,37206,0.1901037467,0.12,0.367,5771,996.0,1844.0,39,41723.0,10716.0,72.714089141,7297,51195,4464.72,14547.546,9487.53,6090.9541444908,13654.601999999999,2705400.400580046
0.214,0.34,226.6,0.1821734508,28620,0.1946191474,0.101,0.31,3701,1067.0,1179.0,59,54399.0,11465.0,74.834578108,6420,51197,2890.6200000000003,9730.800000000001,6124.68,5213.804161896,8872.2,2141765.62545096
0.138,0.3,341.2,0.1942350385,69199,0.2342808422,0.085,0.232,13950,1803.0,3493.0,57,91711.0,27842.0,81.514714896,11941,51199,5881.915000000001,20759.7,9549.462000000001,13440.870429161501,16054.168000000001,5640736.756088304
0.117,0.282,531.9,0.1888147001,158726,0.1830449958,0.093,0.217,53785,6011.0,6632.0,604,99763.0,55441.0,83.933193111,19760,51510,14761.518,44760.731999999996,18570.942000000003,29969.8020880726,34443.542,13322380.009736584
0.223,0.366,495.2,0.1677114279,17329,0.2050320272,0.113,0.321,2090,566.0,1333.0,14,41444.0,5902.0,74.168212766,3845,51520,1958.1770000000001,6342.414,3864.367,2906.2713340790997,5562.609,1285260.959022014
0.254,0.371,555.7,0.162236091,6402,0.2088409872,0.125,0.346,602,179.0,369.0,5,48837.0,2514.0,74.861419078,1243,51530,800.25,2375.142,1626.108,1038.635454582,2215.0919999999996,479262.804937356
0.168,0.335,681.3,0.1753036736,46950,0.1558253461,0.108,0.274,12321,1639.0,2403.0,484,70501.0,14429.0,80.043883107,6031,51540,5070.6,15728.250000000002,7887.6,8230.50747552,12864.300000000001,3758060.31187365
0.16,0.357,679.2,0.1694509418,247011,0.2417220286,0.105,0.269,50201,7480.0,15353.0,360,80402.0,96941.0,78.107292136,34608,51550,25936.155,88182.927,39521.76,41856.2465849598,66445.959,19293360.337805495
0.183,0.348,656.3,0.1700782669,17205,0.2310956117,0.104,0.288,2772,603.0,1690.0,41,67339.0,6732.0,73.693540188,3374,51570,1789.32,5987.339999999999,3148.515,2926.1965820145,4955.04,1267897.35893454
0.22,0.345,541.7,0.1782798878,5639,0.2250399007,0.11,0.31,675,231.0,236.0,19,40683.0,2036.0,69.601666654,1130,51580,620.29,1945.455,1240.58,1005.3202873042001,1748.09,392483.798261906
0.231,0.432,1176.2,0.1429807627,39869,0.2186912137,0.15,0.362,5231,1871.0,4564.0,142,36560.0,12397.0,71.35425417,8493,51590,5980.349999999999,17223.408,9209.739,5700.5000280863005,14432.578,2844822.75950373
0.248,0.457,1440.3,0.128104366,5257,0.2486208864,0.176,0.416,723,261.0,963.0,19,42895.0,1562.0,68.109781466,1073,51595,925.232,2402.449,1303.736,673.4446520619999,2186.912,358053.121166762
0.11,0.273,299.8,0.1938014452,23429,0.2290323957,0.092,0.232,5344,734.0,906.0,391,102828.0,8647.0,76.886388183,3583,51600,2155.468,6396.117,2577.19,4540.5740595908,5435.528,1801371.1887395068
0.088,0.275,225.8,0.1979705953,14631,0.2448226369,0.072,0.174,3571,314.0,501.0,194,160305.0,4828.0,80.64189021,2138,51610,1053.432,4023.5250000000005,1287.528,2896.5077798343,2545.794,1179871.49566251
0.217,0.423,1154.8,0.1502121103,7833,0.254053364,0.141,0.351,990,308.0,1075.0,13,47223.0,2848.0,69.944865344,1566,51620,1104.453,3313.359,1699.761,1176.6114599799,2749.383,547878.130239552
0.164,0.344,699.1,0.1716709801,29492,0.2073443646,0.109,0.275,5825,1003.0,2291.0,218,72437.0,10688.0,77.462185386,3474,51630,3214.628,10145.248,4836.688,5062.9205451092,8110.300000000001,2284514.771403912
0.241,0.383,378.1,0.1531640507,6296,0.2409466328,0.134,0.374,703,223.0,429.0,46,40271.0,1905.0,67.334724626,1174,51640,843.6640000000001,2411.368,1517.336,964.3208632072,2354.704,423939.42624529597
0.191,0.404,1377.6,0.1628108786,135464,0.2109195063,0.124,0.303,24280,5514.0,11979.0,463,53719.0,52935.0,76.182356988,21774,51650,16797.536,54727.456000000006,25873.624,22055.012858670398,41045.592,10319966.807022432
0.182,0.376,760.1,0.1544534962,53204,0.1643297496,0.129,0.329,7739,1547.0,2158.0,278,52159.0,17602.0,79.449813118,5379,51660,6863.316,20004.704,9683.128,8217.5438118248,17504.116,4227047.857130072
0.238,0.391,1327.2,0.1526516553,22375,0.2553743017,0.145,0.374,3116,1053.0,2865.0,32,41792.0,7761.0,70.155792405,3566,51670,3244.375,8748.625,5325.25,3415.5807873374997,8368.25,1569735.855061875
0.193,0.35,429.8,0.1749838631,7279,0.1144387965,0.109,0.293,857,143.0,126.0,50,63580.0,1300.0,74.872352802,1119,51678,793.411,2547.6499999999996,1404.847,1273.7075395049,2132.747,544995.856045758
0.192,0.352,722.9,0.1654920056,81561,0.1894900749,0.116,0.292,13750,2610.0,5509.0,458,56089.0,26805.0,75.298404882,11869,51680,9461.076000000001,28709.471999999998,15659.712,13497.6934687416,23815.811999999998,6141413.200580802
0.148,0.328,574.4,0.1686220006,40869,0.2632068316,0.115,0.291,6869,1406.0,2624.0,152,87804.0,16040.0,77.99819396,4425,51683,4699.935,13405.032000000001,6048.612,6891.4125425214,11892.878999999999,3187708.18895124
0.144,0.336,543.5,0.1675343382,18004,0.2427238391,0.121,0.294,2615,648.0,1085.0,0,82255.0,7442.0,91.629245335,1581,51685,2178.484,6049.344,2592.576,3016.2882249527997,5293.1759999999995,1649692.93301134
0.217,0.401,852.3,0.1533759057,12355,0.2503439903,0.141,0.347,1735,619.0,1450.0,61,35715.0,3728.0,67.200073666,2217,51690,1742.0549999999998,4954.3550000000005,2681.035,1894.9593149235002,4287.1849999999995,830256.9101434299
0.185,0.394,1158.3,0.1716373559,179062,0.2312327574,0.124,0.311,35894,7786.0,16382.0,321,60048.0,68748.0,75.687286129,24320,51700,22203.688,70550.428,33126.47,30733.728222165802,55688.282,13552716.828830998
0.188,0.362,1485.5,0.1916021866,242803,0.1934901958,0.122,0.285,53182,9751.0,20199.0,589,51401.0,94167.0,75.162336128,28925,51710,29621.966,87894.686,45646.964,46521.5857130398,69198.855,18249640.698886786
0.222,0.349,376.8,0.1738850351,3985,0.2230865747,0.117,0.324,569,124.0,239.0,15,36004.0,1295.0,71.276536227,754,51720,466.245,1390.7649999999999,884.67,692.9318648735,1291.14,284036.996864595
0.22,0.446,1761.0,0.147563785,30446,0.2183538067,0.167,0.359,4468,1877.0,3331.0,150,43190.0,9826.0,66.201488787,5310,51730,5084.482,13578.916000000001,6698.12,4492.72699811,10930.114,2015570.527609002
0.152,0.314,211.9,0.2004740322,12257,0.2277882027,0.081,0.232,2338,261.0,238.0,10,99310.0,5614.0,78.835827186,2412,51735,992.817,3848.698,1863.0639999999999,2457.2102126754003,2843.6240000000003,966290.733818802
0.206,0.366,1328.4,0.1574381534,95094,0.2317180895,0.135,0.331,17608,4273.0,9424.0,307,52070.0,34320.0,73.4197065,14521,51740,12837.69,34804.404,19589.363999999998,14971.4237594196,31476.114,6981773.569911
0.212,0.359,1556.2,0.1666299073,18255,0.1222130923,0.121,0.321,2899,535.0,319.0,37,42938.0,6108.0,76.987239925,1785,51750,2208.855,6553.545,3870.06,3041.8289577614996,5859.8550000000005,1405402.064830875
0.178,0.341,1399.1,0.1896532428,232226,0.1693393505,0.133,0.295,56373,10592.0,20461.0,956,54815.0,82689.0,77.085183324,32809,51760,30886.058,79189.066,41336.227999999996,44042.413962472805,68506.67,17901183.782599226
0.222,0.362,1148.8,0.1685342203,99058,0.2217488744,0.126,0.324,16307,3786.0,9914.0,343,49313.0,36987.0,72.806428069,17051,51770,12481.308,35858.996,21990.876,16694.6627944774,32094.792,7212059.1516590025
0.18,0.327,426.9,0.1836165642,25340,0.1872533544,0.093,0.263,3764,733.0,1293.0,213,70349.0,9851.0,75.04646928,4998,51775,2356.62,8286.18,4561.2,4652.843736828,6664.42,1901677.5315552
0.178,0.329,517.4,0.1882773401,25190,0.1912266773,0.096,0.265,4283,767.0,1132.0,169,51230.0,9740.0,75.436433045,5382,51790,2418.2400000000002,8287.51,4483.82,4742.706197119,6675.35,1900243.7484035501
0.174,0.354,910.9,0.1740052567,93913,0.2368255726,0.113,0.29,17260,2903.0,6628.0,114,72264.0,38076.0,77.205894005,14322,51800,10612.169,33245.202,16340.862,16341.3556724671,27234.769999999997,7250637.123691565
0.156,0.307,699.8,0.212824246,451231,0.2192845793,0.094,0.231,102859,14331.0,25849.0,917,73961.0,193526.0,80.17952865,68347,51810,42415.714,138527.917,70392.036,96032.897346826,104234.361,36179488.89226815
0.199,0.354,715.9,0.1678838606,22741,0.2302009586,0.111,0.319,3580,698.0,1823.0,34,53635.0,8727.0,75.534342977,4127,51820,2524.251,8050.313999999999,4525.459,3817.8468739045998,7254.379,1717726.493639957
0.156,0.336,488.2,0.1662821141,15259,0.1152762304,0.105,0.258,1946,552.0,468.0,7,60655.0,4114.0,82.16882877,2732,51830,1602.195,5127.024,2380.404,2537.2987790519,3936.822,1253814.15820143
0.174,0.347,584.1,0.1652059422,27700,0.2220938628,0.111,0.293,4441,871.0,1817.0,206,58295.0,9467.0,77.028987752,4683,51840,3074.7,9611.9,4819.799999999999,4576.20459894,8116.099999999999,2133702.9607304004
0.1275077585,0.282,496.3,0.1648278462,7693612,0.2165165075,0.085,0.189,1540834,329088.0,320290.0,33578,80319.0,2528438.0,80.214177339,1247874,53000,653957.02,2169598.584,980995.2208887021,1268121.4954584744,1454092.668,617136757.3454585
0.167,0.389,585.5,0.1284938776,20027,0.3557697109,0.147,0.333,1505,677.0,1728.0,35,56421.0,5404.0,80.04771211,2346,53001,2943.969,7790.503000000001,3344.509,2573.3468866952,6668.991,1603115.5304269702
0.188,0.313,279.0,0.1839458632,22820,0.1998685364,0.091,0.21,3138,538.0,855.0,94,53377.0,7404.0,78.215658626,5617,53003,2076.62,7142.66,4290.16,4197.644598224,4792.2,1784881.3298453202
0.145,0.312,503.0,0.1718697636,206426,0.2625056921,0.094,0.235,35383,8461.0,11512.0,627,75882.0,71048.0,79.882642376,32470,53005,19404.044,64404.912,29931.769999999997,35478.3878208936,48510.11,16489854.335108178
0.153,0.277,354.9,0.1738334669,77574,0.2307345245,0.097,0.224,10229,3693.0,4129.0,352,61546.0,27361.0,80.341420091,15669,53007,7524.678,21487.998000000003,11868.822,13484.957361300601,17376.576,6232405.322139234
0.166,0.285,239.2,0.1917987506,78067,0.1652554857,0.088,0.212,9497,2977.0,3514.0,297,54712.0,21965.0,78.691639843,24362,53009,6869.896,22249.094999999998,12959.122000000001,14973.153063090202,16550.203999999998,6143220.247623482
0.129,0.331,428.9,0.153601782,496865,0.2323367514,0.088,0.181,87408,20682.0,18823.0,1923,76929.0,174115.0,79.606590794,81400,53011,43724.119999999995,164462.315,64095.585,76319.34941343,89932.565,39553728.73486081
0.178,0.306,200.8,0.1863000693,4048,0.1791007905,0.095,0.217,604,125.0,99.0,13,58220.0,1334.0,78.969092603,1196,53013,384.56,1238.6879999999999,720.544,754.1426805264,878.4159999999999,319666.886856944
0.198,0.369,501.8,0.1605280092,111371,0.224807176,0.096,0.222,15383,4523.0,5660.0,532,64357.0,36424.0,77.335849913,21864,53015,10691.616,41095.899,22051.458000000002,17878.1649126132,24724.362,8612970.940660723
0.159,0.374,354.6,0.1780953255,43560,0.2525482094,0.106,0.239,5623,1805.0,2647.0,29,64768.0,16147.0,82.43617433,8017,53017,4617.36,16291.44,6926.04,7757.832378780001,10410.84,3590919.7538148
0.221,0.329,170.4,0.1798747347,7759,0.1617476479,0.109,0.237,809,285.0,293.0,19,47722.0,1551.0,77.750636535,2309,53019,845.731,2552.7110000000002,1714.739,1395.6480665373,1838.8829999999998,603267.188875065
0.154,0.342,741.4,0.1486003294,97075,0.3183929951,0.124,0.261,14334,3833.0,6354.0,132,73656.0,30866.0,80.324596426,9793,53021,12037.3,33199.65,14949.55,14425.376976505,25336.575,7797510.1980539495
0.157,0.306,0.0,0.1829071708,2290,0.2,0.086,0.217,348,69.0,58.0,1,56804.0,672.0,78.051352492,640,53023,196.94,700.74,359.53000000000003,418.85742113199996,496.93,178737.59720668002
0.173,0.388,474.8,0.1537922112,99377,0.2905400646,0.126,0.289,12256,4195.0,6023.0,233,54753.0,29737.0,78.668033501,14271,53025,12521.502,38558.276,17192.220999999998,15283.4085724224,28719.952999999998,7817793.165228876
0.19,0.36,399.7,0.1939409969,75950,0.2020013167,0.103,0.227,8979,3402.0,3366.0,288,54034.0,21742.0,76.678825935,17452,53027,7822.849999999999,27342.0,14430.5,14729.818714555,17240.65,5823756.82976325
0.143,0.267,267.8,0.1998852108,86014,0.1789243612,0.081,0.185,14412,2998.0,2458.0,257,76965.0,27407.0,81.424538945,22248,53029,6967.134,22965.738,12300.001999999999,17192.9265217512,15912.59,7003650.29281523
0.144,0.274,198.6,0.1894870305,32700,0.1169724771,0.08,0.163,3749,1231.0,1028.0,141,66386.0,8012.0,80.881063362,12787,53031,2616.0,8959.800000000001,4708.799999999999,6196.225897349999,5330.1,2644810.7719374
0.1,0.223,516.7,0.1937782518,2274315,0.1978881553,0.078,0.164,609907,96440.0,78366.0,11671,102620.0,699921.0,82.276207379,311240,53033,177396.57,507172.245,227431.5,440712.784742517,372987.66000000003,187122012.5851704
0.147,0.312,450.5,0.1671470452,272787,0.2000461899,0.081,0.186,51966,9952.0,11411.0,1079,76814.0,87516.0,80.140923994,51531,53035,22095.747,85109.544,40099.689,45595.541018972406,50738.382,21861402.23355128
0.16,0.319,577.9,0.1873411456,49204,0.16718153,0.09,0.2,7402,1998.0,1531.0,89,64727.0,16737.0,81.295108979,8402,53037,4428.36,15696.076000000001,7872.64,9217.9337281024,9840.800000000001,4000044.542202716
0.167,0.333,307.7,0.1772336385,22697,0.1892761158,0.095,0.22,3243,808.0,482.0,43,57476.0,5912.0,81.522010908,5654,53039,2156.215,7558.101000000001,3790.3990000000003,4022.6718930345005,4993.34,1850305.081578876
0.186,0.316,377.9,0.1618216185,82109,0.2145197238,0.098,0.219,10888,3284.0,3379.0,389,54578.0,24607.0,77.019239576,17766,53041,8046.682000000001,25946.444,15272.274,13287.0112734165,17981.871,6323972.742345784
0.172,0.344,237.7,0.1770823154,11090,0.2137060415,0.087,0.218,1426,318.0,227.0,14,61332.0,3020.0,80.770892333,2961,53043,964.8299999999999,3814.9599999999996,1907.4799999999998,1963.842877786,2417.62,895749.1959729701
0.185,0.358,369.9,0.1922926792,68224,0.1935535882,0.094,0.239,7355,2508.0,2604.0,178,63785.0,18899.0,79.163789455,16269,53045,6413.056,24424.192,12621.44,13118.975745740801,16305.536,5400870.37177792
0.196,0.306,336.2,0.1714813873,42620,0.2276865321,0.11,0.244,4751,1759.0,3047.0,123,48979.0,12102.0,78.110297236,9791,53047,4688.2,13041.72,8353.52,7308.536726726001,10399.28,3329060.86819832
0.179,0.342,191.4,0.1831572483,22984,0.1523668639,0.099,0.233,2177,914.0,834.0,96,53319.0,5572.0,78.165518997,7604,53049,2275.416,7860.528,4114.1359999999995,4209.6861949272,5355.272,1796556.2886270483
0.184,0.305,182.2,0.1888877431,14144,0.1925197964,0.094,0.216,1132,530.0,602.0,33,57212.0,3644.0,76.655344063,3863,53051,1329.536,4313.92,2602.496,2671.6282384064,3055.104,1084213.186427072
0.167,0.321,701.0,0.1866098002,913890,0.2315409951,0.1,0.202,170995,43374.0,41597.0,4823,80236.0,326077.0,78.873464658,131699,53053,91389.0,293358.69,152619.63,170540.830304778,184605.78,72081670.61629963
0.121,0.255,125.1,0.1960262584,17492,0.1247427395,0.072,0.157,2141,665.0,396.0,79,74533.0,5123.0,86.272054826,6212,53055,1259.424,4460.46,2116.532,3428.8913119328,2746.244,1509070.783016392
0.161,0.3,382.3,0.1797678195,130789,0.2131371904,0.091,0.203,19289,6124.0,5902.0,657,78798.0,43783.0,80.235010932,28615,53057,11901.798999999999,39236.7,21057.029000000002,23511.653344585502,26550.167,10493856.844785348
0.171,0.331,256.6,0.18833742,12107,0.175600892,0.087,0.219,1524,509.0,662.0,19,68501.0,4261.0,82.602554651,2880,53059,1053.309,4007.4170000000004,2070.297,2280.20114394,2651.433,1000069.129159657
0.138,0.3,353.9,0.166226904,830393,0.2230594429,0.086,0.192,167980,37293.0,31104.0,3008,93589.0,296646.0,80.297180029,119179,53061,71413.798,249117.9,114594.23400000001,138033.657493272,159435.456,66678216.2158214
0.161,0.315,510.7,0.1685247281,528225,0.2178352028,0.086,0.201,101016,22519.0,24180.0,2523,60827.0,179155.0,78.316203455,89411,53063,45427.35,166390.875,85044.225,89018.9745006225,106173.225,41368576.57001737
0.187,0.313,207.8,0.179082392,46360,0.2101596204,0.09,0.219,4707,1746.0,1648.0,189,50958.0,13610.0,79.506553853,11478,53065,4172.4,14510.68,8669.32,8302.25969312,10152.84,3685923.83662508
0.138,0.333,413.4,0.1707065945,294074,0.2115079878,0.083,0.178,57808,11947.0,11614.0,1263,79769.0,102167.0,80.057925954,53507,53067,24408.142,97926.642,40582.21200000001,50200.371070993,52345.172,23542954.516996596
0.171,0.346,178.3,0.1822531014,4498,0.1651845265,0.087,0.215,422,124.0,37.0,15,62099.0,1009.0,78.804040874,1515,53069,391.32599999999996,1556.308,769.158,819.7744500972,967.0699999999999,354460.57585125195
0.144,0.302,518.4,0.175645372,61292,0.2084448215,0.095,0.221,9642,2069.0,2705.0,195,61281.0,18618.0,80.166676399,11763,53071,5822.74,18510.184,8826.047999999999,10765.656140624,13545.532,4913575.929847508
0.155,0.326,385.2,0.1853286873,231016,0.1894933684,0.087,0.191,41560,10724.0,8333.0,1135,70463.0,81084.0,81.015818457,42341,53073,20098.392,75311.216,35807.48,42813.892025296795,44124.056000000004,18715950.31666231
0.144,0.293,880.2,0.1821828369,49500,0.1492727273,0.098,0.203,10138,1301.0,1101.0,83,52066.0,13737.0,80.575806835,5542,53075,4851.0,14503.5,7127.999999999999,9018.05042655,10048.5,3988502.4383325
0.164,0.371,847.4,0.1385782411,251879,0.2933551427,0.13,0.286,29708,12688.0,19981.0,888,56353.0,84049.0,76.954400465,36210,53077,32744.27,93447.109,41308.156,34904.9487900269,72037.394,19383197.434723735
0.2613643479,0.397,313.0,0.1517629912,1784787,0.1996131751,0.13,0.295,243900,66134.0,88475.0,2663,49202.0,599101.0,74.262671324,373569,54000,232022.31,708560.439,466479.6903953973,270864.6137748744,526512.1649999999,132543050.36434798
0.254,0.355,322.4,0.1338192735,16444,0.1942349793,0.122,0.331,1399,606.0,534.0,19,43773.0,5402.0,75.047056449,3479,54001,2006.168,5837.62,4176.776,2200.524133434,5442.964,1234073.7962473559
0.224,0.375,279.4,0.1606434928,122125,0.2290685773,0.117,0.301,19028,3628.0,6006.0,221,67163.0,47868.0,74.876759367,18805,54003,14288.625,45796.875,27356.0,19618.5865582,36759.625,9144324.237694876
0.281,0.437,200.4,0.1420148804,21055,0.2057468535,0.131,0.372,2450,784.0,1007.0,8,49076.0,5700.0,71.10258528,4519,54005,2758.205,9201.035,5916.455000000001,2990.123306822,7832.46,1497064.9330704
0.269,0.404,293.8,0.1338483379,13702,0.1869800029,0.127,0.358,1176,542.0,532.0,7,47959.0,4227.0,76.273067908,3331,54007,1740.154,5535.608,3685.838,1833.9899259058,4905.316,1045093.5764754161
0.237,0.376,145.9,0.1521281918,21674,0.1754636892,0.108,0.306,3090,889.0,1129.0,5,50381.0,8006.0,75.834644756,5373,54009,2340.792,8149.424,5136.737999999999,3297.2264290732,6632.244,1643640.090441544
0.237,0.375,552.5,0.1535690762,91589,0.1963554575,0.119,0.298,14701,3342.0,5316.0,276,44161.0,30095.0,71.31164478,17977,54011,10899.091,34345.875,21706.593,14065.238120081798,27293.521999999997,6531362.23375542
0.286,0.424,168.8,0.1366629307,6945,0.1792656587,0.129,0.365,712,407.0,205.0,3,41726.0,1903.0,76.547628837,1807,54013,895.905,2944.68,1986.2699999999998,949.1240537115,2534.9249999999997,531623.2822729651
0.3,0.407,211.6,0.1369805565,8341,0.2186788155,0.134,0.365,483,394.0,490.0,5,36537.0,1893.0,71.409323104,1835,54015,1117.694,3394.787,2502.2999999999997,1142.5548217664998,3044.465,595625.164010464
0.256,0.399,449.8,0.1497144539,8368,0.1466300191,0.12,0.316,858,242.0,223.0,1,50445.0,2355.0,79.812131499,1851,54017,1004.16,3338.8320000000003,2142.208,1252.8105502351998,2644.288,667867.916383632
0.28,0.391,266.5,0.1415150546,42062,0.205862774,0.133,0.368,5174,1622.0,2241.0,27,41964.0,12744.0,72.688841906,9437,54019,5594.246,16446.242000000002,11777.36,5952.4062265852,15478.815999999999,3057438.068250172
0.242,0.427,217.3,0.1494132395,7811,0.1458199974,0.131,0.327,922,236.0,407.0,3,41579.0,2029.0,76.755688178,1412,54021,1023.241,3335.297,1890.262,1167.0668137344999,2554.197,599538.680358358
0.259,0.418,112.4,0.151093365,11510,0.1932232841,0.121,0.336,1337,389.0,362.0,8,45624.0,4039.0,76.574331567,2928,54023,1392.71,4811.179999999999,2981.09,1739.0846311500002,3867.36,881370.5563361701
0.247,0.406,300.0,0.1421916197,34319,0.1923132958,0.121,0.313,4589,1264.0,1597.0,37,40016.0,11657.0,74.442632718,8312,54025,4152.599,13933.514000000001,8476.793,4879.8741964843,10741.847,2554796.712249042
0.26,0.399,164.0,0.1523354315,23190,0.1799051315,0.116,0.333,2324,594.0,986.0,16,53333.0,8115.0,75.22962847,5549,54027,2690.04,9252.810000000001,6029.400000000001,3532.658656485,7722.27,1744575.0842193
0.248,0.373,201.3,0.1484639326,28571,0.1872178083,0.118,0.314,3565,1317.0,1484.0,44,52305.0,10652.0,74.441474375,6912,54029,3371.3779999999997,10656.983,7085.608,4241.763018314599,8971.294,2126867.364368125
0.242,0.372,188.7,0.1458417479,13633,0.2023032348,0.122,0.336,1145,420.0,536.0,11,47469.0,4973.0,75.471902393,3130,54031,1663.2259999999999,5071.476,3299.1859999999997,1988.2605491207003,4580.688,1028908.4453237689
0.236,0.358,333.1,0.1514561744,66870,0.2117242411,0.115,0.316,9242,2709.0,3500.0,169,52075.0,25165.0,75.168062092,13489,54033,7690.05,23939.46,15781.32,10127.874382128,21130.920000000002,5026488.31209204
0.243,0.415,168.0,0.1491696084,28453,0.2108389274,0.119,0.299,3670,1096.0,775.0,26,52123.0,8717.0,76.054075665,6066,54035,3385.9069999999997,11807.994999999999,6914.079,4244.322867805199,8507.447,2163966.614896245
0.195,0.356,215.2,0.1594769145,57486,0.2162613506,0.107,0.254,9291,1786.0,2047.0,56,85779.0,21756.0,77.40484057,10022,54037,6151.0019999999995,20465.016,11209.77,9167.689906947,14601.444,4449694.66500702
0.241,0.394,458.7,0.1564419131,176253,0.1981526556,0.118,0.302,26660,7369.0,10867.0,397,47830.0,63132.0,72.539392996,38329,54039,20797.854,69443.682,42476.973,27573.3565096143,53228.405999999995,12785285.63372399
0.27,0.41,352.0,0.1529424636,15805,0.2124011389,0.124,0.334,1892,688.0,843.0,30,53471.0,4822.0,73.038940221,3329,54041,1959.82,6480.049999999999,4267.35,2417.255637198,5278.87,1154380.450192905
0.278,0.421,132.3,0.1392347197,20043,0.2208252258,0.13,0.361,2414,729.0,904.0,13,40741.0,5631.0,70.795278796,4132,54043,2605.59,8438.103,5571.954000000001,2790.6814869471,7235.523,1418949.7729082282
0.287,0.448,140.5,0.1329204358,31688,0.2056298914,0.142,0.388,3365,1361.0,1716.0,30,38571.0,8429.0,68.507467923,6852,54045,4499.696,14196.224,9094.456,4211.982769630399,12294.944,2170864.643544024
0.337,0.462,113.5,0.1200287603,16916,0.2051312367,0.165,0.436,1108,564.0,900.0,6,26582.0,3076.0,67.658594136,3914,54047,2791.1400000000003,7815.192,5700.692,2030.4065092347998,7375.376,1144512.778404576
0.247,0.402,315.7,0.13249196,55962,0.1988134806,0.117,0.346,8155,2195.0,3097.0,50,58878.0,20078.0,75.633227434,11145,54049,6547.554,22496.724000000002,13822.614,7414.51506552,19362.852,4232586.673661509
0.235,0.411,232.6,0.1472500006,30103,0.1884861974,0.116,0.312,3771,1350.0,1676.0,8,54028.0,10696.0,75.718719496,7161,54051,3491.9480000000003,12372.332999999999,7074.205,4432.666768061799,9392.136,2279360.6129880883
0.254,0.43,196.1,0.1510497599,26335,0.2060375926,0.123,0.352,3451,877.0,1529.0,8,44307.0,8725.0,73.616380894,5853,54053,3239.205,11324.05,6689.09,3977.8954269665,9269.92,1938687.3908434901
0.265,0.395,311.4,0.1360808843,58258,0.2074049916,0.128,0.333,7478,1968.0,3717.0,85,42095.0,18719.0,71.795067108,13349,54055,7457.024,23011.91,15438.37,7927.800157549401,19399.914,4182637.019577864
0.23,0.397,141.4,0.1611378559,26722,0.1958685727,0.114,0.329,3322,926.0,1475.0,22,50300.0,9496.0,75.506808081,6047,54057,3046.308,10608.634,6146.06,4305.9257853598,8791.538,2017692.9255404822
0.295,0.474,200.6,0.1320659547,22951,0.220818265,0.141,0.381,2075,978.0,1643.0,34,32955.0,5138.0,70.067366026,4718,54059,3236.091,10878.774,6770.545,3031.0457263196995,8744.331,1608116.117662726
0.203,0.399,497.1,0.1770879528,106819,0.1627332216,0.113,0.262,22784,3467.0,3665.0,314,55836.0,38742.0,79.263959385,14432,54061,12070.547,42620.781,21684.257,18916.3580301432,27986.578,8466896.877546316
0.256,0.411,143.1,0.1630664456,13229,0.1960087686,0.118,0.322,1229,431.0,366.0,8,46879.0,3715.0,76.465452656,3406,54063,1561.022,5437.119,3386.6240000000003,2157.2060088424,4259.738,1011561.473186224
0.24,0.386,139.8,0.1559373439,17873,0.1722710233,0.114,0.298,1842,505.0,467.0,13,57432.0,6588.0,75.513228227,4446,54065,2037.5220000000002,6898.978,4289.5199999999995,2787.0681475246997,5326.1539999999995,1349647.928101171
0.263,0.393,179.6,0.1377507498,24340,0.2026294166,0.122,0.312,2681,984.0,1535.0,20,42725.0,7728.0,74.760905769,5755,54067,2969.48,9565.62,6401.42,3352.8532501319996,7594.08,1819680.4464174602
0.218,0.377,289.8,0.1734959551,41182,0.1928998106,0.106,0.285,6230,1724.0,2191.0,136,41312.0,15080.0,74.716776892,9408,54069,4365.2919999999995,15525.614,8977.676,7144.910422928199,11736.869999999999,3076986.3059663437
0.255,0.412,129.1,0.1456986317,6932,0.179457588,0.122,0.327,605,181.0,189.0,6,47167.0,2215.0,76.715445803,2021,54071,845.704,2855.984,1767.66,1009.9829149444,2266.764,531791.470306396
0.254,0.399,160.9,0.157078317,7438,0.1898359774,0.115,0.318,811,303.0,254.0,6,55313.0,2624.0,76.568249499,1446,54073,855.37,2967.762,1889.252,1168.348521846,2365.284,569514.6397735621
0.267,0.4,145.5,0.1487590196,8190,0.1716727717,0.124,0.335,699,354.0,172.0,5,41173.0,2247.0,75.256773162,2217,54075,1015.56,3276.0,2186.73,1218.336370524,2743.65,616352.97219678
0.248,0.427,179.5,0.1534055097,33380,0.1890053925,0.117,0.315,4021,1131.0,1270.0,7,51757.0,10227.0,76.3940993,7156,54077,3905.46,14253.26,8278.24,5120.675913786,10514.7,2550035.0346339997
0.207,0.39,225.0,0.1458237529,56428,0.216913589,0.1,0.272,9213,2005.0,2902.0,50,69175.0,21537.0,76.236070727,10869,54079,5642.8,22006.920000000002,11680.596,8228.5427286412,15348.416000000001,4301848.998983156
0.25,0.411,346.2,0.142808924,72920,0.2073505211,0.13,0.346,10790,2724.0,4035.0,137,44526.0,22730.0,71.514888524,15893,54081,9479.6,29970.12,18230.0,10413.62673808,25230.32,5214865.67117008
0.263,0.368,254.4,0.1510752232,28387,0.1854722232,0.122,0.334,2639,1134.0,1404.0,35,48306.0,8716.0,76.428045199,6498,54083,3463.214,10446.416,7465.781,4288.5723609784,9481.258,2169562.919064013
0.263,0.402,324.5,0.1524490712,9499,0.1958100853,0.122,0.341,887,368.0,423.0,4,45066.0,2896.0,76.186884218,2194,54085,1158.878,3818.5980000000004,2498.237,1448.1137273288,3239.159,723699.2131867821
0.272,0.404,226.5,0.13794419,13482,0.2030114226,0.128,0.347,1539,638.0,678.0,12,42379.0,3544.0,72.839770614,3108,54087,1725.6960000000001,5446.728,3667.1040000000003,1859.76356958,4678.254,982025.787417948
0.257,0.443,103.4,0.1379856096,12444,0.1577467052,0.128,0.355,1332,343.0,545.0,15,38692.0,3088.0,74.131629073,3346,54089,1592.832,5512.692,3198.108,1717.0929258624,4417.62,922493.992184412
0.256,0.388,197.7,0.1572584359,16699,0.1986945326,0.119,0.33,2021,576.0,895.0,12,53587.0,5977.0,75.972288929,3549,54091,1987.1809999999998,6479.212,4274.944,2626.0586210941,5510.67,1268661.252825371
0.232,0.4,160.8,0.1589537815,6816,0.142899061,0.109,0.299,745,279.0,265.0,6,44461.0,2341.0,75.515537653,1893,54093,742.944,2726.4,1581.3120000000001,1083.428974704,2037.984,514713.90464284795
0.253,0.412,163.0,0.15396331,8533,0.1953591937,0.119,0.33,899,328.0,358.0,2,46693.0,2578.0,77.134960886,2033,54095,1015.4269999999999,3515.596,2158.849,1313.76892423,2815.8900000000003,658192.621240238
0.257,0.393,347.5,0.1405952661,24230,0.2032191498,0.122,0.341,2436,924.0,1303.0,19,46171.0,7623.0,77.750097593,5210,54097,2956.06,9522.390000000001,6227.110000000001,3406.623297603,8262.43,1883884.86467839
0.284,0.396,132.0,0.1394588236,39054,0.1999795155,0.13,0.346,4964,1328.0,1270.0,69,45507.0,11467.0,73.307054241,8723,54099,5077.02,15465.384,11091.336,5446.4248968744005,13512.684,2862933.696328014
0.289,0.436,135.6,0.1333313772,8058,0.1953338297,0.134,0.367,671,312.0,437.0,2,34396.0,1913.0,74.303850367,1985,54101,1079.7720000000002,3513.288,2328.7619999999997,1074.3842374776,2957.286,598740.426257286
0.272,0.427,185.9,0.1534781452,14904,0.2015566291,0.124,0.328,1341,664.0,919.0,14,47322.0,4256.0,75.233092143,3467,54103,1848.096,6364.008,4053.8880000000004,2287.4382760608,4888.512000000001,1121274.005299272
0.278,0.415,154.6,0.1427106277,5705,0.2108676599,0.128,0.344,656,245.0,132.0,4,49504.0,1745.0,76.483497888,1225,54105,730.24,2367.575,1585.9900000000002,814.1641310285,1962.5199999999998,436338.35545104
0.23,0.402,314.9,0.1514208947,82938,0.2087342352,0.112,0.308,12002,3224.0,4352.0,132,47019.0,28948.0,74.736932716,17642,54107,9289.056,33341.076,19075.74,12558.5461646286,25544.904,6198531.725599607
0.297,0.423,156.9,0.1345202225,20123,0.2014113204,0.132,0.384,2016,690.0,704.0,10,39143.0,5338.0,71.326732886,4584,54109,2656.2360000000003,8512.029,5976.531,2706.9504373675,7727.232,1435307.8458649782
0.1619753928,0.343,499.4,0.2520383947,5832655,0.2157720626,0.074,0.223,1008989,192793.0,292155.0,13227,64901.0,2348369.0,78.868516808,1047935,55000,431616.47,2000600.6650000003,944746.584691884,1470053.0030389286,1300682.065,460012848.9027652
0.204,0.379,262.1,0.2552751128,20498,0.1381598205,0.089,0.275,1922,766.0,550.0,13,52060.0,6274.0,76.882303541,6330,55001,1824.322,7768.742,4181.592,5232.6292621744,5636.950000000001,1575933.457983418
0.212,0.367,372.7,0.249443035,15415,0.216996432,0.094,0.257,2243,651.0,761.0,56,52115.0,5335.0,75.787499577,3193,55003,1449.01,5657.305,3267.98,3845.164384525,3961.655,1168264.3059794551
0.181,0.351,236.5,0.2410392231,45090,0.2141051231,0.083,0.252,5976,1460.0,2331.0,39,54963.0,17162.0,78.486159126,10354,55005,3742.4700000000003,15826.589999999998,8161.29,10868.458569579001,11362.68,3538940.91499134
0.178,0.375,192.9,0.261867847,15242,0.1725495342,0.081,0.227,1972,688.0,463.0,34,58218.0,5161.0,79.696284957,4530,55007,1234.602,5715.75,2713.076,3991.389723974,3459.934,1214730.7753145942
0.154,0.348,450.6,0.2547047008,264610,0.2335134727,0.081,0.217,48233,8441.0,12123.0,589,64905.0,113561.0,79.458592822,41957,55009,21433.41,92084.28,40749.94,67397.41087868801,57420.37,21025538.24662942
0.191,0.355,153.5,0.2629989196,13033,0.2005677895,0.08,0.249,1782,471.0,404.0,1,56643.0,5314.0,81.526604408,3024,55011,1042.64,4626.715,2489.303,3427.6649191468,3245.217,1062536.235249464
0.191,0.361,136.2,0.2585557657,15557,0.1684772128,0.085,0.243,1659,648.0,555.0,22,57888.0,5051.0,78.916488664,4721,55013,1322.345,5616.077,2971.387,4022.3520469949,3780.351,1227703.814145848
0.155,0.323,227.6,0.2672983788,50209,0.2283056822,0.073,0.219,9075,1271.0,1849.0,14,79046.0,23273.0,80.886194683,8260,55015,3665.2569999999996,16217.507,7782.3949999999995,13420.7843011692,10995.771,4061214.948838747
0.176,0.333,239.7,0.2619137384,64737,0.2165840246,0.079,0.244,10580,2048.0,2427.0,61,62841.0,25956.0,79.243501819,12250,55017,5114.223,21557.421000000002,11393.712,16955.5096828008,15795.828,5129986.577256603
0.21,0.354,112.2,0.2428289961,34720,0.2954781106,0.088,0.289,3279,786.0,1333.0,14,55808.0,11245.0,78.277216667,5989,55019,3055.3599999999997,12290.88,7291.2,8431.022744592,10034.08,2717784.96267824
0.176,0.346,241.6,0.2756953624,57668,0.2081396962,0.075,0.23,8909,1843.0,1927.0,66,74776.0,24324.0,78.843587227,10893,55021,4325.099999999999,19953.127999999997,10149.568,15898.8001588832,13263.640000000001,4546751.988206636
0.194,0.351,136.4,0.2624347323,16021,0.1989888272,0.083,0.248,2172,545.0,614.0,16,53309.0,5485.0,79.223173872,3934,55023,1329.7430000000002,5623.371,3108.074,4204.466846178299,3973.208,1269234.468603312
0.123,0.328,546.9,0.2280136477,552536,0.1994711657,0.07,0.187,133202,15279.0,22780.0,2463,74829.0,218130.0,81.384712905,81102,55025,38677.520000000004,181231.80800000002,67961.928,125985.7488455672,103324.232,44967983.72967708
0.181,0.388,436.0,0.2669757197,87336,0.1934826418,0.079,0.247,12812,2484.0,3130.0,104,65540.0,37409.0,77.674226887,16187,55027,6899.544,33886.368,15807.815999999999,23316.5914557192,21571.992,6783756.279403033
0.155,0.311,202.4,0.2735538554,27889,0.1612105131,0.072,0.214,3587,1019.0,1115.0,39,61319.0,10946.0,81.272799144,8735,55029,2008.0079999999998,8673.479,4322.795,7629.1434732505995,5968.246,2266617.095327016
0.182,0.338,305.9,0.2592682388,43702,0.193057526,0.08,0.247,7634,2100.0,2212.0,58,60898.0,16712.0,77.78766671,8728,55031,3496.16,14771.276000000002,7953.764,11330.5405720376,10794.394,3399476.61056042
0.18,0.347,332.8,0.2517752023,45452,0.1919167473,0.08,0.235,6881,1303.0,1125.0,86,61880.0,17841.0,80.457276234,7504,55033,3636.16,15771.844,8181.36,11443.6864949396,10681.22,3656944.119387768
0.167,0.323,445.3,0.2656973649,105260,0.2002280068,0.078,0.225,19642,3235.0,3937.0,374,67409.0,44204.0,79.386353521,17292,55035,8210.28,33998.98,17578.420000000002,27967.304629374,23683.5,8356207.571620461
0.188,0.334,232.8,0.2624965702,4298,0.1426244765,0.079,0.238,504,175.0,99.0,1,50420.0,1531.0,75.835157375,1233,55037,339.54200000000003,1435.5320000000002,808.024,1128.2102587196,1022.924,325939.50639775
0.171,0.349,388.8,0.2541395339,102902,0.2105789975,0.078,0.25,15855,3286.0,4113.0,149,69280.0,44011.0,79.441746843,20005,55039,8026.356,35912.797999999995,17596.242000000002,26151.4663173778,25725.5,8174714.633638387
0.221,0.39,444.2,0.2528409647,8960,0.1917410714,0.094,0.267,1006,483.0,482.0,15,54555.0,2911.0,74.350558908,2139,55041,842.24,3494.4,1980.16,2265.455043712,2392.32,666181.00781568
0.188,0.341,268.3,0.2617230511,51021,0.2092471727,0.083,0.246,7653,1436.0,1914.0,67,55779.0,19629.0,78.875146997,9230,55043,4234.743,17398.161,9591.948,13353.3717901731,12551.166,4024288.874933937
0.171,0.33,294.9,0.260407819,36603,0.2166489086,0.075,0.227,5739,985.0,1598.0,48,75666.0,15954.0,79.637492932,7338,55045,2745.225,12078.99,6259.113,9531.707398857,8308.881,2914971.153789996
0.189,0.354,274.9,0.2552904966,18908,0.2182674,0.086,0.249,2161,637.0,688.0,19,61406.0,6986.0,78.177371711,4417,55047,1626.088,6693.432,3573.612,4827.0327097128,4708.092,1478177.7443115881
0.17,0.349,185.8,0.2703871503,23640,0.220177665,0.075,0.219,3824,824.0,863.0,18,75075.0,9988.0,81.132855761,4744,55049,1773.0,8250.359999999999,4018.8,6391.952233092,5177.16,1917980.71019004
0.193,0.349,228.6,0.2553384005,5698,0.1525096525,0.083,0.247,685,286.0,176.0,7,48614.0,1891.0,78.067544871,1839,55051,472.934,1988.6019999999999,1099.714,1454.918206049,1407.406,444828.870674958
0.208,0.364,363.3,0.2528026653,20630,0.2142510906,0.089,0.274,2522,918.0,996.0,34,57164.0,7277.0,77.068917083,4101,55053,1836.07,7509.32,4291.04,5215.318985139,5652.620000000001,1589931.7594222901
0.171,0.337,278.4,0.2565539145,85038,0.2036383734,0.077,0.237,13785,2451.0,3548.0,94,71772.0,37292.0,79.544388418,15618,55055,6547.9259999999995,28657.806,14541.498000000001,21816.831781251,20154.005999999998,6764295.702289884
0.207,0.382,254.8,0.2498247481,26908,0.1989371191,0.089,0.293,3325,953.0,794.0,45,56025.0,9991.0,78.10792776,5747,55057,2394.812,10278.856,5569.956,6722.284321874799,7884.044,2101728.12016608
0.174,0.333,554.4,0.2393709811,169671,0.2207212782,0.087,0.244,28333,6299.0,11068.0,221,70368.0,71237.0,77.832670393,25722,55059,14761.376999999999,56500.44300000001,29522.753999999997,40614.3137342181,41399.724,13205947.018250704
0.179,0.332,190.9,0.2641238786,20386,0.2077406063,0.075,0.231,2893,489.0,617.0,13,69077.0,8528.0,80.791034954,4410,55061,1528.95,6768.152,3649.094,5384.429389139599,4709.166,1647006.0385722439
0.167,0.295,503.3,0.262266038,118502,0.1949587349,0.075,0.219,22644,3515.0,4298.0,409,63298.0,48756.0,79.577717002,20590,55063,8887.65,34958.09,19789.834000000003,31079.050035075998,25951.938,9430118.620171005
0.191,0.37,204.0,0.2516701207,16646,0.239877448,0.082,0.249,2273,420.0,616.0,29,65235.0,6554.0,80.435326735,3327,55065,1364.972,6159.0199999999995,3179.386,4189.3008291722,4144.854,1338926.4488308101
0.204,0.359,244.9,0.2481868748,19119,0.1939955019,0.086,0.268,2051,601.0,867.0,19,55259.0,7128.0,78.845529526,4809,55067,1644.234,6863.721,3900.276,4745.084859301201,5123.892000000001,1507447.6790075942
0.187,0.34,235.6,0.2664197028,27566,0.1798955235,0.077,0.251,3423,872.0,759.0,19,61066.0,11163.0,78.098183025,6276,55069,2122.582,9372.44,5154.842,7344.1255273848,6919.066,2152854.51326715
0.184,0.325,338.1,0.2694554125,78757,0.2033470041,0.079,0.266,11565,2508.0,3184.0,86,62734.0,33240.0,78.627105643,17215,55071,6221.803,25596.025,14491.288,21221.4999222625,20949.362,6192434.959125751
0.174,0.322,266.8,0.2460271951,135593,0.2263833679,0.075,0.241,23382,3602.0,4978.0,281,67074.0,56600.0,80.063777354,25214,55073,10169.475,43660.946,23593.181999999997,33359.565465194304,32677.913,10856087.762760922
0.204,0.366,314.7,0.2459089438,40262,0.1890864835,0.084,0.255,5061,1523.0,1526.0,55,56236.0,15309.0,77.070240799,9990,55075,3382.0080000000003,14735.892,8213.448,9900.7858952756,10266.81,3103002.0350493384
0.197,0.356,224.7,0.2405633724,15585,0.1899903754,0.083,0.26,1532,514.0,577.0,13,52450.0,5629.0,77.716330012,4034,55077,1293.555,5548.259999999999,3070.2450000000003,3749.180158854,4052.1000000000004,1211209.00323702
0.301,0.46,878.0,0.2027033011,4546,0.3323801144,0.154,0.321,487,253.0,792.0,14,41365.0,1112.0,69.485723889,618,55078,700.084,2091.1600000000003,1368.346,921.4892068006001,1459.266,315882.100799394
0.183,0.38,1237.5,0.2300157439,945016,0.2370943984,0.11,0.263,182111,37937.0,92796.0,3088,52281.0,342051.0,75.888762588,135814,55079,103951.76,359106.08,172937.92799999999,217368.5582374024,248539.208,71716094.86586142
0.185,0.345,326.5,0.2435237922,46582,0.2506762269,0.081,0.261,6824,1288.0,2034.0,90,63671.0,17113.0,78.38689506,8337,55081,3773.1420000000003,16070.789999999999,8617.67,11343.825288260401,12157.902,3651418.34568492
0.189,0.346,242.6,0.263440101,38383,0.2003230597,0.08,0.245,4887,1279.0,1167.0,15,65981.0,15176.0,78.977229586,8250,55083,3070.64,13280.517999999998,7254.387,10111.621396683,9403.835,3031383.003199438
0.167,0.348,230.4,0.2643817127,35751,0.1705966267,0.074,0.228,4618,1292.0,815.0,102,59631.0,13394.0,78.739608407,9818,55085,2645.574,12441.348,5970.417,9451.9106107377,8151.228,2815019.740158657
0.151,0.336,321.5,0.257684885,188766,0.2313711156,0.074,0.214,35936,5649.0,6700.0,442,70727.0,83548.0,79.404199366,29904,55087,13968.684,63425.376000000004,28503.665999999997,48642.145001909994,40395.924,14988813.097522356
0.131,0.316,140.1,0.2812588583,90043,0.2103550526,0.065,0.183,15458,2597.0,3530.0,238,83274.0,38414.0,81.87681803,18932,55089,5852.795,28453.588,11795.633,25325.3913779069,16477.869,7372434.32587529
0.187,0.345,247.0,0.2602635921,7271,0.2160638152,0.079,0.244,857,241.0,234.0,1,65068.0,2753.0,81.787327386,1712,55091,574.409,2508.495,1359.677,1892.3765781591,1774.124,594675.657423606
0.164,0.331,306.4,0.2611521032,42700,0.2033255269,0.074,0.216,6608,1725.0,980.0,22,80523.0,18536.0,81.347873687,6704,55093,3159.7999999999997,14133.7,7002.8,11151.19480664,9223.2,3473554.2064349
0.181,0.351,228.4,0.2603988051,43794,0.2022194821,0.078,0.233,6093,1750.0,1788.0,85,65258.0,17834.0,78.814832784,9664,55095,3415.932,15371.694,7926.714,11403.905270549401,10204.002,3451616.786942496
0.166,0.314,347.6,0.256440062,71032,0.1891964185,0.078,0.23,11774,2016.0,2476.0,90,67228.0,29095.0,81.067372146,12732,55097,5540.496,22304.048,11791.312,18215.450483984,16337.36,5758377.578274672
0.203,0.379,157.3,0.2460382285,13245,0.1765949415,0.085,0.258,1677,424.0,416.0,10,47172.0,5111.0,78.891346727,3664,55099,1125.825,5019.8550000000005,2688.735,3258.7763364825,3417.21,1044915.887399115
0.171,0.369,622.5,0.2531304281,195802,0.2277147322,0.087,0.245,30194,7051.0,13831.0,306,66562.0,78150.0,77.458550362,34187,55101,17034.773999999998,72250.938,33482.142,49563.444082836206,47971.49,15166539.077980323
0.195,0.361,173.9,0.2428927963,17258,0.213234442,0.085,0.273,1903,458.0,820.0,24,53970.0,6384.0,79.739179912,4228,55103,1466.93,6230.138,3365.31,4191.8438785454,4711.434,1376138.766921296
0.175,0.365,541.2,0.2446781691,163084,0.2265764882,0.085,0.256,25936,6027.0,8721.0,325,66138.0,65552.0,77.64063579,28577,55105,13862.140000000001,59525.659999999996,28539.699999999997,39903.0945295044,41749.504,12661945.447176361
0.206,0.377,183.4,0.2442612624,14022,0.2013978035,0.086,0.273,1519,437.0,484.0,8,50922.0,4932.0,77.671503734,3606,55107,1205.8919999999998,5286.294,2888.5319999999997,3425.0314213728,3828.0060000000003,1089109.825358148
0.147,0.331,163.2,0.2787540009,91838,0.2418606677,0.067,0.2,17759,3516.0,3236.0,150,82797.0,40196.0,80.723255233,14048,55109,6153.146000000001,30398.378,13500.186,25600.2099346542,18367.600000000002,7413462.314088254
0.174,0.358,366.2,0.2607456429,64449,0.2258374839,0.078,0.233,10044,2585.0,2605.0,115,65746.0,27641.0,79.121756024,12626,55111,5027.022,23072.742,11214.125999999998,16804.7959392621,15016.617,5099318.053990777
0.205,0.34,175.1,0.2539981194,16700,0.1904191617,0.091,0.264,2010,621.0,970.0,51,50319.0,5529.0,76.159666221,4564,55113,1519.7,5678.0,3423.5,4241.76859398,4408.8,1271866.4258907
0.208,0.37,337.4,0.2526376678,40786,0.2124503506,0.086,0.247,5020,1328.0,1739.0,72,58088.0,15940.0,77.844447081,9008,55115,3507.5959999999995,15090.82,8483.488,10304.0799188908,10074.142,3174963.618645666
0.159,0.37,370.2,0.2403452271,115240,0.2173637626,0.078,0.242,18461,3514.0,4833.0,187,64104.0,48774.0,78.964402118,21966,55117,8988.72,42638.8,18323.16,27697.383971004,27888.079999999998,9099857.70007832
0.2,0.345,167.1,0.2446137231,20318,0.2286642386,0.082,0.255,2215,533.0,835.0,27,55370.0,7272.0,81.371811816,4134,55119,1666.076,7009.709999999999,4063.6000000000004,4970.0616259458,5181.09,1653312.472477488
0.178,0.36,286.7,0.2669667278,29681,0.2521815303,0.079,0.249,3961,1095.0,1276.0,15,59749.0,11712.0,78.962002873,5640,55121,2344.799,10685.16,5283.218,7923.8394478318005,7390.569,2343671.207273513
0.194,0.346,159.0,0.2516006653,30861,0.2589028223,0.084,0.264,3739,777.0,970.0,47,56561.0,10541.0,79.680684724,6347,55123,2592.324,10677.905999999999,5987.034000000001,7764.648131823301,8147.304,2459025.611267364
0.183,0.366,171.2,0.2672730573,22356,0.1662640902,0.084,0.243,2272,741.0,1012.0,17,54619.0,7359.0,77.28032865,7026,55125,1877.9040000000002,8182.295999999999,4091.1479999999997,5975.1564689988,5432.508,1727679.0272994
0.167,0.353,329.3,0.2580228347,103953,0.2001385241,0.08,0.226,14555,3416.0,4688.0,132,67656.0,43238.0,78.697853277,19835,55127,8316.24,36695.409,17360.151,26822.247735569097,23493.378,8180877.94170398
0.186,0.343,171.8,0.255782867,15712,0.1828538697,0.081,0.236,1873,537.0,458.0,14,54132.0,5328.0,78.839723725,4431,55129,1272.672,5389.216,2922.432,4018.860406304,3708.0319999999997,1238729.7391672
0.147,0.331,187.5,0.2843549792,136445,0.213140826,0.066,0.199,23882,4255.0,4445.0,163,81659.0,62088.0,80.610771068,26193,55131,9005.37,45163.295000000006,20057.414999999997,38798.815136944,27152.555,10998936.65837326
0.132,0.3,212.3,0.2662746198,406172,0.2111100716,0.068,0.192,75808,12252.0,10676.0,1046,92359.0,177503.0,81.095702721,80221,55133,27619.696000000004,121851.59999999999,53614.704000000005,108153.2948734056,77985.024,32938803.76559401
0.178,0.384,233.4,0.2601592639,50664,0.2028659403,0.079,0.25,6810,1411.0,1978.0,48,67078.0,21498.0,77.127021044,10861,55135,4002.456,19454.976,9018.192,13180.708946229599,12666.0,3907563.394173216
0.2,0.378,188.2,0.2477244298,24326,0.1776699827,0.087,0.267,2260,702.0,679.0,32,58929.0,8601.0,79.133681159,6254,55137,2116.362,9195.228,4865.2,6026.1444793148,6495.042,1925005.927873834
0.179,0.334,412.4,0.2496798082,171631,0.202521689,0.08,0.234,29417,4966.0,8019.0,439,64653.0,72086.0,79.075133291,29450,55139,13730.48,57324.754,30721.948999999997,42852.795161174196,40161.654,13571744.201867621
0.175,0.364,317.8,0.2649921228,72560,0.2161521499,0.082,0.25,10245,2305.0,2755.0,119,54154.0,28920.0,78.223785576,15603,55141,5949.92,26411.84,12698.0,19227.828430368,18140.0,5675917.8813945595
0.184382754,0.296,378.2,0.2047672947,582328,0.2285498894,0.068,0.24,102179,17340.0,23926.0,2148,67284.0,220359.0,78.083662403,103776,56000,39598.304000000004,172369.088,107371.240371312,119241.7291880616,139758.72,45470302.95981418
0.149,0.297,452.7,0.1982431692,38950,0.1578947368,0.083,0.228,8767,780.0,681.0,224,59179.0,14897.0,80.779391653,5026,56001,3232.8500000000004,11568.15,5803.55,7721.571440340001,8880.6,3146357.3048843504
0.181,0.317,84.8,0.1716899095,11575,0.2438012959,0.086,0.275,1648,269.0,491.0,23,54684.0,3872.0,76.436483074,2548,56003,995.4499999999999,3669.275,2095.075,1987.3107024624999,3183.1250000000005,884752.2915815499
0.196,0.321,412.2,0.1790733941,46676,0.2686391293,0.081,0.266,7985,1617.0,2163.0,101,85022.0,18578.0,77.443823131,5430,56005,3780.7560000000003,14982.996000000001,9148.496000000001,8358.4297430116,12415.816,3614767.888462556
0.183,0.32,202.7,0.1805029887,14711,0.2241859833,0.091,0.276,2243,368.0,842.0,44,66589.0,5542.0,78.491098871,2671,56007,1338.701,4707.52,2692.113,2655.3794667657003,4060.2360000000003,1154682.555491281
0.187,0.292,361.7,0.200769591,13804,0.2420312953,0.083,0.284,2160,486.0,477.0,36,79304.0,4764.0,79.102088412,2457,56009,1145.732,4030.7679999999996,2581.348,2771.423434164,3920.336,1091925.228439248
0.175,0.291,52.7,0.1934601002,7593,0.2445673647,0.075,0.274,955,151.0,116.0,5,67443.0,2676.0,78.782302339,1673,56011,569.475,2209.5629999999996,1328.7749999999999,1468.9425408186,2080.482,598194.021660027
0.198,0.278,662.2,0.1873938383,39317,0.2521301218,0.084,0.265,5912,1206.0,2902.0,95,52010.0,12327.0,73.02782814,7767,56013,3302.628,10930.126,7784.7660000000005,7367.7635404411,10419.005000000001,2871235.11898038
0.172,0.312,401.2,0.1918168013,13235,0.1945598791,0.086,0.266,2033,284.0,566.0,76,51398.0,4488.0,77.884951454,3074,56015,1138.2099999999998,4129.32,2276.4199999999996,2538.6953652055,3520.51,1030807.3324936901
0.197,0.302,203.9,0.1800565811,4425,0.2144632768,0.086,0.271,689,113.0,125.0,12,48864.0,1598.0,72.298919859,1241,56017,380.54999999999995,1336.35,871.725,796.7503713675,1199.1750000000002,319922.72037607495
0.167,0.294,248.7,0.2071852177,8588,0.2114578482,0.076,0.247,1161,232.0,145.0,25,62671.0,3046.0,79.900213413,2291,56019,652.688,2524.872,1434.1960000000001,1779.3066496076,2121.236,686183.032790844
0.167,0.287,363.8,0.1805270189,100595,0.2276753318,0.085,0.257,19482,2595.0,4241.0,447,69450.0,40013.0,77.954065635,17155,56021,8550.575,28870.765,16799.365,18160.1154662455,25852.915,7841789.2325528255
0.172,0.27,100.9,0.1945494849,20253,0.2599121118,0.08,0.254,2770,466.0,379.0,27,73062.0,6429.0,79.039541505,3879,56023,1620.24,5468.31,3483.5159999999996,3940.2107176797003,5144.262,1600787.834100765
0.193,0.311,614.8,0.1852863888,80815,0.2392130174,0.079,0.26,14873,3181.0,4275.0,365,65901.0,33960.0,76.57067272,13153,56025,6384.385,25133.465,15597.295,14973.919510872001,21011.9,6188058.915866801
0.228,0.34,0.0,0.1707782257,2275,0.1793406593,0.093,0.322,389,48.0,39.0,1,52837.0,699.0,78.674730198,556,56027,211.575,773.5,518.7,388.5204634675,732.5500000000001,178985.01120045
0.154,0.275,236.3,0.2050397783,29331,0.2035048242,0.069,0.224,4895,831.0,1121.0,116,63093.0,10848.0,80.495631832,7346,56029,2023.8390000000002,8066.025000000001,4516.974,6014.0217373173,6570.144,2361017.377264392
0.198,0.311,154.9,0.1922108547,8578,0.20610865,0.083,0.281,1039,233.0,124.0,24,60178.0,3025.0,76.715520214,2256,56031,711.974,2667.758,1698.4440000000002,1648.7847116166,2410.418,658065.7323956919
0.168,0.279,377.2,0.1770286207,30863,0.2075300522,0.074,0.226,4708,801.0,1204.0,167,59947.0,11660.0,79.077952485,6856,56033,2283.862,8610.777,5184.984,5463.6343206641,6975.0380000000005,2440582.847544555
0.172,0.257,111.9,0.1916960828,9856,0.213474026,0.074,0.234,1541,294.0,417.0,9,82442.0,3336.0,81.225275928,2146,56035,729.3439999999999,2532.992,1695.232,1889.3565920768,2306.304,800556.319546368
0.17,0.335,349.5,0.1763252299,42673,0.2540950953,0.083,0.252,7490,1532.0,1774.0,105,70583.0,16120.0,76.454661383,5864,56037,3541.8590000000004,14295.455000000002,7254.410000000001,7524.3265355226995,10753.596,3262549.7651967593
0.113,0.222,332.4,0.1936893703,23497,0.1770864366,0.066,0.185,6344,912.0,773.0,128,92488.0,9685.0,86.714290563,3900,56039,1550.8020000000001,5216.334,2655.161,4551.1191339391,4346.945,2037525.6853588112
0.188,0.298,267.0,0.1818733445,20215,0.2774177591,0.083,0.278,3015,582.0,628.0,74,71246.0,7653.0,77.001445478,3165,56041,1677.845,6024.07,3800.42,3676.5696590675,5619.77,1556584.22033777
0.176,0.289,192.2,0.1907007745,7760,0.2198453608,0.089,0.259,1137,211.0,292.0,31,58532.0,3182.0,78.762003827,1807,56043,690.64,2242.64,1365.76,1479.83801012,2009.8400000000001,611193.14969752
0.192,0.334,129.9,0.1941825628,6743,0.2016906421,0.083,0.265,943,148.0,151.0,12,58901.0,1961.0,80.669458392,1515,56045,559.669,2252.1620000000003,1294.656,1309.3730209604,1786.895,543954.1579372559
