factor,CBSA_logLik,Year_logLik,CBSA_R2_marginal,CBSA_R2_conditional,Year_R2_marginal,Year_R2_conditional,CBSA_var,Year_var,CBSA_random_sd,Year_random_sd,CBSA_flag,Year_flag,LR_stat,p_value,stronger_effect
gdp,-16667.31738291632,-17922.196774951997,0.48732781818736853,0.982930904921718,6.0946937312183635e-18,3.8021692978854625e-10,6.209555660041896e+16,24122315.01706129,249189800.35390484,4911.4473444251935,ok,ok,2509.758784071353,0.0,CBSA
Park_Area_Acres,-2536.067347299794,-12784.221436171256,0.9229979330231852,0.9999999999946728,3.144153608896637e-29,3.08076365724721e-07,35641439494.69794,131763.7725374441,188789.4051441922,362.9927995669392,ok,ok,20496.308177742925,0.0,CBSA
noise90n,3743.453587387763,-6504.720595565939,0.9229951324232035,0.9999999999946725,3.4880646369010247e-29,5.7824322554807354e-05,17051.41038162148,11.832652944618903,130.5810490906758,3.4398623438473384,ok,ok,20496.348365907405,0.0,CBSA
smo_obe_dia,261.0972904420396,-1698.362201069809,0.495373604397715,0.9971673832969622,7.30826444632765e-35,1.5502705187351514e-33,2.991552541409338,4.3946049785273004e-33,1.729610517257957,6.629181682928369e-17,ok,singular,3918.9189830236974,0.0,CBSA
depressed,-11086.150801044705,-12428.928831671308,0.4891972169269242,0.9863867365726743,1.5697815870510343e-11,7.151166002272116e-07,185015948296.58994,134249.1136664917,430134.8024707951,366.4002096976634,ok,ok,2685.5560612532063,0.0,CBSA
mental_health_providers,-8421.040370401153,-8882.918702415098,0.4213414057389489,0.8599478035108187,0.046446081542345315,0.10741855353777867,40269120.825526215,3382303.462578654,6345.795523456946,1839.103983623181,ok,ok,923.7566640278892,6.721736615324091e-203,CBSA
no_time_activity,-10226.856153720628,-12552.002172716135,0.49630733184832604,0.998877414400884,5.491516956189487e-13,7.689736434650127e-07,251939596672.41995,192010.7908961127,501935.84916044795,438.19035920032826,ok,ok,4650.292037991014,0.0,CBSA
