cbsacode,TotalPopulation,BINGE,65older,CANCER,CSMOKING,DEPRESSION,DIABETES,DISABILITY,LPA,MOBILITY,OBESITY,SELFCARE,VISION,smoking_pop,obesity_pop,drinking_pop,diabetes_pop,edu_college,physical_inactivity,unemployment,children_single_parent,mental_health_providers,median_household_income,driving_alone_to_work,sti,life_total,FFR20,gdp,coverage_50,coverage_60,coverage_70,coverage_80,coverage_90,noise50n,noise60n,noise70n,noise80n,noise90n,Park_Area_Acres,road_network_total,auto_net_total,multimodal_net_total,pedestrian_net_total,street_intersection_total,auto_intersections_total,multimodal_3leg_intersections_total,multimodal_4leg_intersections_total,pedestrian_3leg_intersections_total,pedestrian_4leg_intersections_total,Ac_Land
10100.0,42037,8802.089,7893.0,3684.2870000000003,5942.09,7630.409000000001,3886.342,11896.471,9800.073,4794.896000000001,14822.800999999998,1239.3980000000001,1747.9070000000002,7133.404,14577.280000000002,9501.7693201785,3226.546,7220.0,12487.7,962.0,1546.0,154.0,121664.0,18137.0,393.9,3409629.942124405,-9966.0,3439940.0,67978.45821493126,18970.24651621232,1624.4872502068354,130.99999992921948,21.999999959021807,3717.0830343013263,607.1891733594767,44.96775828972279,6.824776492727213,3.068829410124467,550.7733005,3284659.6768545927,405321.770782689,2646971.755560377,232366.1509776215,2253481.5997932116,441599.9996826077,802560.0000730163,824960.0001221184,602240.0000698899,491520.0002147041,1816927.4311502
10140.0,77038,12865.346,17452.0,7780.838,11555.7,20954.336,9937.902,27348.49,19105.424000000003,13712.764,28427.021999999997,3620.786000000001,4622.28,14430.5,27342.0,14729.818714555,7822.849999999999,8979.0,17240.65,3402.0,3366.0,288.0,54034.0,21742.0,399.7,5823756.82976325,46.0,3442875.0,37788.85655544066,12055.625896719488,1543.3748257600084,54.99999997741543,10.0,3744.330966337104,733.3788888304986,107.62950373051903,7.306491946440727,1.80152722864962,104080.1414,2374546.7359121284,104440.89156707923,159955.53700487944,2110150.3073306493,2589726.720188022,143999.99996864714,423680.000161782,113919.99999083344,2356480.0001623486,621440.0000700855,1216909.733325
10180.0,179308,33724.319,27052.0,13006.378,27437.232000000004,43682.746,22629.731,60962.299,49045.578,27337.236000000004,64315.187000000005,7314.732,11088.890000000001,29976.035000000003,63635.665,33258.719645609,20377.34,26405.0,50857.600000000006,4334.0,10980.0,264.0,154855.0,62386.0,667.1,13030042.11017011,162.0,9606966.0,143194.65702439204,40560.726391245335,11997.191932663312,1426.114686787504,166.9999999754946,19453.57803974736,5776.179242768674,1259.5460916789639,134.7755488521365,21.393130144958715,3252.752494,4222980.656817023,649977.5554171898,1960052.065001596,1612951.036084806,6348198.399811403,1219199.9998758468,2706559.999947324,566400.0002107887,3808640.000143286,1436159.999848002,1755788.4181257
10220.0,38141,5263.4580000000005,6485.0,3013.139,7475.636000000001,11327.877,5377.881,16972.745,12433.966,7513.777,16400.63,1754.486,2631.7290000000003,8216.958,14091.699,5375.4139329750005,4185.273,5882.0,12747.804,1000.0,2484.0,225.0,50587.0,14185.0,689.6,2840001.743701224,27.0,2564945.0,25858.09772698719,7275.695756836442,869.796603576804,75.0000000155996,3.00000002235174,2481.1709454286597,552.7010706610184,101.55063114908012,3.7995274122099927,0.0916021286924738,87.79480673,1003198.0374802948,118841.5021588591,556115.9008407413,328240.63454879075,1655392.0000739952,208639.99997417617,862719.9999967349,156159.99995845722,833279.9999388941,368000.00008585834,461048.0308452
10300.0,98567,16559.256,19425.0,9166.731000000002,16066.421000000002,23754.647,11335.205,30851.471,26021.688,13799.38,41496.707,3548.4120000000003,4829.783,19952.832,38634.16,20668.843875488,9291.76,13631.0,26310.352000000003,4105.0,3650.0,250.0,58849.0,36533.0,268.2,7598085.025928176,61.0,3938601.0,48266.68549107507,10156.516394096325,597.4339273574061,88.00000001303486,14.0,5334.595050151922,801.9125412773633,59.8608928911956,7.036913088009861,0.5455567758336453,741.3775988,1318876.8768637632,241518.103246409,812170.257736874,265188.5159209319,1677813.7601225842,422400.0000032765,858240.0000456945,213120.0000053305,903040.0000231444,289920.0000097088,479745.6727602
10420.0,697627,117737.21800000001,131019.0,64768.213,111296.82999999999,175114.181,88750.57,226921.559,165388.24599999998,102966.149,269324.865,23395.828,33698.488000000005,150058.96899999998,245850.78,129844.7994033416,71385.215,117342.0,194789.12200000003,28496.0,39899.0,2086.0,124965.0,284695.0,1072.0,54031842.46500082,617.0,44539393.0,193274.7418536452,56083.929696108855,15811.7116044032,1571.0503511153138,146.8947318894788,75771.06247168808,19663.265734375917,5494.82051168435,537.5449184926114,53.1143899450831,41598.15136,3468618.436798777,377079.9184907302,1134100.173058007,1957438.3452446596,10487480.31979452,472319.9999719358,3440639.9999349588,900480.0000029727,7480320.000054073,2302719.999983229,576110.987742
10460.0,68823,11218.149,12061.0,5092.902,12250.494000000002,15622.820999999998,8258.76,24982.749,18375.741,10667.565,25946.271,3372.327,4955.256,12302.027,21273.671,12237.6510704285,7748.238,11169.0,20661.968,2140.0,3827.0,195.0,46735.0,21223.0,573.4,5240111.682140954,31.0,3423019.0,51038.77343506665,17534.37873582144,1748.546598636594,241.99999999793357,56.00000006952911,2779.124828559355,642.1261691718007,40.976202146459165,3.958197833295347,1.0392128859212186,1095434.797,3200581.972081662,210148.55906753545,1691331.956640813,1299101.4549976117,2581681.281150779,180480.0004389442,1607040.0006381397,190719.9991782828,1356799.9999861864,414079.9997856076,4231947.4717845
10500.0,145786,18752.858,24546.0,10479.03,25774.742,29474.406000000003,23394.468,53090.104,45183.848,27644.542,60703.372,9028.449999999999,12001.518,32732.271,54304.491,23469.2827168412,21156.817,22022.0,51201.476,4662.0,15631.0,136.0,202773.0,48833.0,4273.1,10680304.93017776,127.0,7351145.0,86051.03968229608,20809.461036762455,2258.2953396513194,166.00000007078052,37.0,10150.812846856452,2383.319614987029,428.695379067858,14.01144444272191,2.2295011801421225,2951.173366,2448946.8108634637,384913.3890989178,1353346.9103369273,710686.5115105925,4565648.640051724,587519.9999907158,1967999.99994994,422399.9999403695,2817919.999994227,951039.9999219064,1018203.1893635
10540.0,130467,23092.659,25421.0,11872.497,19830.984,34443.288,14090.436000000002,42401.775,27789.471,17743.512,45141.582,4827.279,6784.284000000001,22934.449999999997,45868.899999999994,26012.2036253772,12188.022,19848.0,36433.012,4568.0,6755.0,264.0,65516.0,44243.0,388.4,10176594.497742904,78.0,6177586.0,104487.30238729634,24940.57812327537,4624.935608574193,665.765307803871,48.99999997764826,15450.630038226607,2773.409056454778,372.8072895774127,50.2147416614838,5.502235097202754,1088.410985,3127758.2180916243,380096.4735768415,569184.8146757162,2178476.92906711,2675590.399732671,508800.0002012576,799999.9999706144,122239.99991980512,2291199.999609767,491520.0001700316,1463804.7211931
10580.0,904617,180592.883,162753.0,78264.545,107220.828,186924.742,85983.744,221822.78900000002,191298.84600000002,99092.598,300152.99,25677.794,37287.517,141099.06,274328.782,198051.299474704,73166.266,163739.0,214836.044,32149.0,41310.0,2385.0,351549.0,342326.0,2158.8,70032609.22649884,745.0,79477183.0,308861.8974006122,84558.1483401958,25693.16769037284,2106.098788296583,222.99999993771783,103799.99321707014,22757.317435297693,7175.964429382054,625.1659686772466,48.9014875002235,19106.72324,6231369.279821113,1000420.3518567904,1341772.6887584724,3889176.239353421,13175142.399895055,1762559.999964135,3903360.0000564554,716160.0000640257,11763839.999822808,2008960.000004771,1799436.1179578
10620.0,64153,10713.551,12406.0,5709.617000000001,10456.939,15268.414000000002,7826.666,21876.173000000003,15525.025999999998,9558.797,21940.326,2630.273,3592.568,13722.863,22576.323,11774.8775039148,6513.616999999999,8664.0,17580.442000000003,1873.0,3166.0,142.0,53769.0,23681.0,449.0,4760240.367067757,46.0,2341623.0,21069.86647782386,7319.291381692438,359.9372251626336,15.0,5.0,1905.132215402096,553.173562101376,33.56637222001396,2.355345044133262,0.9704444062988394,346.8903104,852082.8613117415,74035.08221946405,42749.398089571725,735298.3809876591,1393185.2799673514,205439.9999894797,202879.9999969881,51839.99999564935,1432959.9999311366,250240.00000276248,252879.8394984
10660.0,30718,5559.9580000000005,7030.0,2979.6459999999997,5283.496,7403.038,4116.212,10597.71,8969.656,5099.188000000001,12379.354,1382.31,1750.9260000000002,5829.888,10505.944,7032.15877828,2793.488,4172.0,8107.188,914.0,1580.0,43.0,62233.0,11867.0,323.6,2432622.632752468,23.0,1646419.0,32744.102753884792,9595.038667965218,3532.021028804926,85.00000003387677,11.000000029802322,2190.8968060772245,468.2355385680444,111.66491742536232,12.510534183891634,0.8892742007808188,2624.692396,1155019.997658875,259226.65931545943,653297.6376785857,242495.7007004659,1291367.0400335544,369920.0000691059,791039.9999878766,148480.00003680092,670080.0000390259,168320.00000747372,452627.0195432
10700.0,99423,15211.719,16922.0,9246.339,16106.526,26148.249,13223.259000000002,35394.588,28236.132,16305.372,38079.009,4175.7660000000005,5766.534000000001,21628.77,36856.2,13877.652681048,12026.76,12458.0,35110.38,1845.0,6434.0,261.0,51417.0,33782.0,336.9,7166893.79095053,94.0,4658889.0,38110.73519132747,10541.875667002403,1406.204078903953,31.999999946449,2.9999999999999982,4548.332703344829,1246.9183842967925,167.2044002753229,14.796392499748666,0.3128880588743005,397.3124052,1282863.8617744262,120682.47853052434,1116107.981132056,46073.40206721667,2166216.95997918,344319.99997720186,2571519.99995029,380799.9999804404,79360.00002118263,17280.000000748158,362132.9233451
10740.0,919543,151066.316,164813.0,69825.144,128177.876,196930.18500000003,100455.65900000001,274191.95,194893.862,125856.39499999999,266454.235,37026.668000000005,56160.482,137109.182,271929.21,148730.8651777784,95800.612,167266.0,218693.902,35520.0,58427.0,4104.0,227453.0,327861.0,2313.1,71571745.68093766,726.0,55286556.0,368333.4376511205,104823.01930831168,25513.58869065647,3598.7645555846602,271.9999998687417,102593.73614868434,32207.533821488756,5540.745134383462,1224.879162880463,17.445337427316524,36984.81568,11058540.689590368,772291.7716127889,5003383.800508121,5282865.119300042,21744321.28025443,866559.9999864209,6960640.000006418,1993600.0000946904,17043199.99935531,3740160.000296915,5941198.8531256
10780.0,149189,26007.697000000004,25501.0,11526.742,29888.665999999997,41374.164000000004,22987.484,55874.363000000005,45935.078,26692.453,61767.00199999999,7801.828,10232.851999999999,33994.104,59670.694,31456.365944910798,18288.892,20498.0,52552.47,3976.0,12660.0,720.0,101510.0,50533.0,1354.0,11081190.167139089,-9898.0,7458386.0,118544.64400127494,29046.72443028959,6019.6295549201695,478.9999999777647,62.99999995075632,11072.820576225475,2028.8674852879387,470.78312492259903,18.182089588496183,3.631689944789591,608777.0202,2703258.798112694,497431.0994054012,1454303.2380564162,751524.4608074353,3424035.8399431547,757120.0000463217,2372480.0000287467,314879.99999851553,1575040.000101887,476159.9999928575,1256529.6337844
10820.0,39668,7814.596,9038.0,4125.472,6346.88,9361.648,4760.16,11543.388,8925.300000000001,5474.184,15073.84,1467.716,1785.06,7052.352,11996.664,9968.065564056,2951.256,6566.0,8087.208,1019.0,1294.0,92.0,69848.0,15872.0,262.2,3057643.6112274,24.0,2518850.0,31038.1493253196,7277.810113157415,2387.5166813729793,98.00000002980232,23.0,1385.3432882554812,274.0716105082474,77.76561698443886,6.635453314554723,1.1243126249983808,12408.78873,1145288.2776765916,217915.7400429088,711048.2945700206,216324.24302632207,1292856.3200463902,367360.00002641295,1023359.9999760066,118399.99993839936,425600.0000330289,208000.0000473272,407513.4788251
10860.0,45732,7465.517999999999,7834.0,2787.042,7282.59,9790.944,8454.438,18865.836,16970.106,9255.210000000001,19356.762,2977.8,4921.872000000001,8200.0,19649.48,8011.935712152001,7932.0960000000005,5500.0,18571.204,2372.0,5133.0,38.0,82286.0,15750.0,976.1,3498850.502005192,35.0,2076999.0,51775.66562708648,15881.989917716613,6484.5145804784215,105.78454810899895,23.999999944639065,5812.197846664685,853.6226786425874,180.45406523344602,10.357556666493581,5.671108616167684,1164.598915,2140994.4170907554,318660.81789378385,849464.0813056969,972869.518440284,2278554.87999014,357759.99992806447,861440.0001520192,142720.00007064012,1523199.9999701928,545279.9999204576,1701496.9690994
10900.0,871229,156583.435,160008.0,75450.76299999999,131436.66999999998,187059.125,97248.968,268486.542,213711.81900000002,117374.058,288610.076,29997.281000000003,44713.123999999996,152088.3588177632,294289.36,167509.9020216354,79580.274,133476.0,227962.891,40357.0,43155.0,1841.0,280641.0,327777.0,1375.2,66924043.75226706,600.0,55053075.0,225645.9399209576,62887.12592823451,18358.32039143431,1527.2301821418823,117.99999990686115,125022.36765852815,22983.81790612494,6179.837740545383,694.0106947838865,86.91756064015811,104714.6338,5096718.829171509,376814.9703393766,1370676.9565862438,3349226.902240781,16914344.31983299,454399.999949994,4647679.999986205,1498880.000001002,11985279.9998514,4321279.999981122,929811.5264665
10940.0,41100,8014.5,7295.0,3575.6999999999994,6165.0,9453.0,4315.5,11055.9,8959.800000000001,4932.0,14220.6,1397.4,1849.5,8902.543,16354.898,8333.2815215954,4310.281,6228.0,11238.957,1430.0,2001.0,76.0,54161.0,13207.0,314.4,3091495.3900523023,24.0,1881510.0,32352.555477978203,7043.801978516455,1630.2914514821025,23.0,3.0,1679.1538559908895,290.2802347880656,36.74947961400281,0.8812070623215952,0.0238941814969803,105.7205667,956374.3356756688,179123.20314662016,622810.9981125898,154440.13443843302,933160.9599957538,231040.00000715375,419840.00003680494,257920.00001483347,343040.0000094715,166400.0000017004,363755.6466009
10980.0,28847,4673.214,6997.0,3173.17,5423.236,7240.597000000001,3778.957,9865.674,7846.384,4759.755,11106.095,1298.115,1615.4319999999998,6268.836,10419.822,6310.0798834542,2739.086,4041.0,7680.736000000001,1021.0,1261.0,107.0,40442.0,10001.0,235.9,2197383.831266498,19.0,1369723.0,28265.749070532667,5367.001330241332,647.9999999478459,72.0,1.0,1209.0065747711503,181.25227627075935,7.417181727823378,0.7166547091922421,0.00995353762767,132.069895,781919.7412487407,85426.68441606253,560061.6040021139,136431.45285707025,896735.3599166322,168320.0000426946,664319.9999370612,101759.99998735714,261760.00001611453,177279.9999978253,365986.637369
11020.0,121032,20938.536,26220.0,11619.072,23238.144,31105.224,15371.063999999998,44418.744000000006,32436.576,20938.536,43571.52,5325.408,7019.856,28194.631,43925.541,25045.6388786404,11132.644,17221.0,34486.994999999995,5152.0,5803.0,312.0,52177.0,45888.0,339.0,9263015.60422643,104.0,7247654.0,77092.98660768471,19596.128875786915,5790.545502534663,426.6122406804935,99.02352369856092,31719.12211541652,4376.348494120483,1160.4480983388903,115.4107439157084,37.955242627821505,62252.17069,1212195.182200417,132837.0206944279,739760.9922817794,339597.1691883719,3248627.19990982,209279.99998533967,2058240.000010499,384639.9999704416,1103360.0000282703,755200.0000243636,336505.5023195
11060.0,24556,3486.952,3782.0,1743.476,4002.628,6433.672,3339.616,9994.292,7980.7,4395.523999999999,10313.52,1105.02,1718.92,4229.07,8822.715,3441.1378714,2867.99,3941.0,9357.425,439.0,1579.0,61.0,56779.0,9368.0,684.9,1808377.58242573,15.0,1398403.0,18562.732902550928,4464.682773731075,561.0000000596051,90.99999997019768,14.0,918.3260760796682,182.5221096247615,21.752805194731643,3.1119427417459056,0.527045387457852,110.9414496,1069165.0122069244,81851.53488819768,709538.7991179696,277774.67819376825,1362698.2399017387,132479.99997665393,521599.999865535,309119.99985235813,533119.9999766204,350079.99990769965,513686.4316969
11100.0,271171,49117.22,39636.0,20057.428,44999.157,64894.473000000005,35781.988,93225.364,76526.82699999999,41766.26700000001,96378.02300000002,12034.988000000001,18360.27,45849.756,99567.772,52795.7514406079,31574.797,42899.0,82390.73999999999,6403.0,18292.0,414.0,306810.0,102166.0,1465.1,20102848.930927232,-9777.0,17475111.0,398522.47241351096,95259.95147593753,32989.284900859006,3979.514349043963,545.0000001795996,71351.75708638688,12822.15055449414,3556.9786477917787,371.44454921907754,84.72281803808627,44806.57662,5432482.229763425,946274.5203046896,2282079.6652570744,2204128.0449929223,7332986.880069335,1196160.000229636,2760319.999884004,867840.0001744131,3880319.999803673,2035839.9994833288,3296049.9207169
11140.0,33373,4507.95,6091.0,2508.165,5684.303000000001,6984.643000000001,5272.24,12524.380000000001,10529.091,6164.319,13990.197,1924.0470000000003,2611.392,7955.434,13984.324,5366.2108686932,5114.058,4541.0,12802.166000000001,1017.0,3349.0,64.0,95816.0,11600.0,1136.0,2569848.7841164456,-9975.0,1456866.0,31593.936625107817,6866.141081338523,418.2702387890313,67.0,7.0,1693.8286716296072,325.2650019730978,17.411758319188948,1.8338479198959057,0.5903333530351711,64.30391251,820671.9028914659,206309.69533952407,476539.51055278064,137822.69688434093,820168.9600138629,335360.0000428107,577279.9999411168,63999.99998510337,409600.00000678585,97920.00003535637,415853.852283
11180.0,126282,29702.436,17918.0,8581.298999999999,14051.560000000001,24664.681999999997,10422.311,30467.777000000006,26101.568,10628.42,40970.358,3090.749,4426.633,19236.995,41807.177,28925.866309510704,11153.706,24203.0,28870.256,2624.0,3377.0,236.0,131997.0,47316.0,999.6,10137669.304047326,83.0,8274669.0,132592.0380421969,31477.036254573308,9127.207261867457,1196.9277742992856,212.0,21973.931778396698,5289.932475161104,1211.4416125159178,160.27422245570668,20.143730650004027,2337.10549,1977622.5240733193,356563.69932569953,569164.199203258,1051894.625512231,3308503.6799767623,451840.000017471,575359.9999965306,266240.00006747246,2375680.000039212,1073919.9999186257,732209.2502923
11200.0,162588,31704.66,30075.0,13332.216,17559.504,44386.524000000005,14307.744000000002,49914.516,32355.012,18372.444000000003,40972.176,4715.052000000001,6991.284000000001,22918.942,40511.651,38129.8250827857,11943.674,24982.0,41318.656,6184.0,5384.0,1617.0,73864.0,56949.0,314.0,12946870.914574156,101.0,9217154.0,106264.13238607298,15261.357160804657,1459.6052876347676,81.70485445531088,10.00000001350418,26363.609470688258,2882.309420999152,260.77965575345354,24.234462198423532,3.154317895225899,12202.3718,,,,,,,,,,,
11220.0,49623,9428.37,9585.0,4317.201,9477.993,11165.175,6202.875,17616.165,15680.868,8733.648000000001,17814.657,2481.15,3423.987,10325.7,17848.71,9800.308593075,5310.36,7068.0,15537.72,1934.0,3169.0,43.0,52482.0,17202.0,306.8,3792152.85168126,34.0,2383580.0,59511.76862470285,17376.48403277398,6072.629442988124,541.065172462302,80.99999991897498,6313.096528029526,1681.8599652215123,372.5749374684641,47.03810916040811,9.0354248007198,695.5527649,755511.4505428134,184100.29423701347,236130.08714768864,335281.069153928,937545.5999888713,257920.00002117985,346880.0000305109,58879.999985484734,769920.0000022664,133759.99999496367,257988.9482875
11360.0,138832,23601.44,18323.0,9579.408,22213.12,33736.176,16937.504,47202.88,35402.16,20685.968,54838.64,6108.608,8468.752,26863.368,50300.286,22437.8754979842,15898.728,25776.0,38513.298,3957.0,9016.0,132.0,55586.0,48406.0,572.9,10478390.27468855,84.0,3396721.0,35851.81854073016,13557.92852418493,1277.4819897378068,103.25251865977776,6.0,3705.866858781725,1318.8651036862263,93.6493244035647,6.513714484159847,0.3191950565759129,1442.896549,,,,,,,,,,,
11380.0,18334,3483.46,1839.0,1045.038,3061.778,4326.8240000000005,2475.09,6746.911999999999,5683.54,2915.106,7205.262,880.032,1448.3860000000002,3190.5510000000004,6985.23,3696.6666873171,2473.149,1989.0,6399.981000000001,754.0,1160.0,3.0,76600.0,6952.0,352.8,1442234.946406569,11.0,5221398.0,20271.44844355903,4062.625189140636,1696.729443590536,3.0,0.0,1113.1033140800323,336.5774277216777,60.069801616984385,0.0025676916126247,0.0,102.5460369,3150502.555447144,166795.17708492742,385202.2319554497,2598505.1464068796,6105869.440228904,272639.9996432951,909439.9999533232,204159.9999092033,6298880.000145886,1093760.000034294,960440.6992505
11420.0,34725,5451.825,7558.0,3437.775,4687.875,7952.025000000001,4271.175,9896.625,7986.75,4618.425,11737.05,1111.2,1493.175,7662.82,11738.047,6667.8310988058,3448.269,4237.0,10867.272,1242.0,757.0,29.0,62273.0,13591.0,263.1,2762450.5922630606,21.0,1826621.0,30031.558593318023,9987.466308167435,3056.8868577513103,257.2860808717088,5.0,1667.591652642324,485.9703585117125,130.4772859995757,9.882255591800911,0.071001183081098,1261.76034,695935.7613920169,114029.16152529445,478097.1007540153,103809.49912605986,1162257.280029205,168960.0000065692,1020799.9999676018,162560.00000929102,311039.9999999664,111359.99999247324,197613.1095332
11460.0,366376,68878.688,55087.0,26379.072000000004,39568.608,89762.12,30409.208,89395.744,62650.29600000001,33706.592,103318.032,9525.776,15021.416,51306.22000000001,107743.062,73077.4411099915,30783.732000000004,81618.0,71462.235,12365.0,14446.0,2259.0,77019.0,128343.0,489.7,29644287.05971276,293.0,30788836.0,105021.52839991648,29698.783477728783,6812.18943859938,1090.1752069981462,22.0,50273.389357241664,12676.67236789264,2439.174290397882,381.3231472868157,10.5620024196427,20594.83428,2024545.4948693304,286306.98660964274,509566.6417447346,1228671.866491229,5501189.7600259865,487679.9999926388,1463039.9999768522,351359.99999638135,4826239.999901374,954880.0000043318,451806.8526363
11500.0,115788,16673.472,21030.0,9726.192,19683.96,28483.848,16789.260000000002,40988.952,33810.096000000005,20147.111999999997,43652.07600000001,5326.248,7063.067999999999,25643.994,40735.371,18348.6375285459,14410.563,16656.0,36990.894,3260.0,7621.0,161.0,50259.0,40053.0,729.7,8263380.727679706,104.0,5453593.0,54875.10692278143,17284.25605309256,3406.3178921577896,243.21322889107975,31.57365771010518,8261.933355718853,2385.757334042982,567.3844815572478,39.08990095319287,4.105639241185106,4531.238917,1489553.2672652835,138606.99714642295,482067.16332137206,868879.1067959191,3311123.839927242,321919.99999865564,1158400.0000196043,157439.99996781605,2613119.999956761,638079.9999691342,387748.1507261
11540.0,244845,53202.828,38164.0,21022.697,40222.526,62093.388,24571.191000000003,70821.117,53636.283,30409.981,97764.618,7624.168000000001,10019.900000000001,36286.061,79642.883,62062.929303079196,17633.941,45011.0,51391.695,6920.0,8549.0,456.0,149773.0,106821.0,549.1,19050028.046361104,148.0,17290266.0,92984.1265468102,23846.241596917316,3863.7436590192788,506.38474893448625,53.00000008940697,25499.322408796354,6541.384221990746,1408.188292141662,148.7282843841314,19.50696526694833,11113.84334,2025152.7387823416,861416.5106210052,315466.81484238384,848269.413253632,3642172.8000659538,1023999.999985202,604160.000014371,182399.99999043904,3034239.999970133,1032959.9999755652,611736.7451386
11580.0,35312,5402.736,8811.0,3319.328,6991.776,7521.456,6179.6,14936.976,12253.264,8263.008,15219.472,2613.088,3707.76,8782.56,14329.44,6928.198698636,5855.04,2336.0,14676.12,741.0,2090.0,58.0,45807.0,9021.0,242.1,3080568.14515332,12.0,1240574.0,17526.942094917566,5733.3559975617345,642.5586217327711,18.954877259209752,2.0000000186264497,1866.4119823978788,651.1713204134418,30.626420573461267,0.7398926124408874,0.0410141108028425,156.9382615,638490.6491197522,93369.2081015128,454631.0303152709,90490.41076211486,1018183.6799908952,181759.99998438495,780799.9999544682,154240.0000789551,330240.000053124,122880.00002242344,407474.7073203
11620.0,48510,6694.38,8452.0,3832.29,8925.839999999998,13534.29,6694.38,19986.120000000003,15911.28,9119.88,19598.04,2182.95,3201.66,10105.777,17262.021,6638.4677363144,5415.536,6793.0,17600.492,1506.0,3304.0,222.0,46781.0,17205.0,542.5,3591416.161538338,36.0,3613979.0,188852.73104375688,49938.71554502163,8879.630909493077,1248.357172496966,124.0000000305008,9051.267442879853,1643.1322729231117,333.7287680276314,38.48586689095177,4.25968869767299,18471.77299,2142120.5359160067,248841.94111964904,876936.8429840653,1016341.7518198194,4334216.319894668,407680.00007263385,1676160.0002104775,251520.00005900423,3212800.0000119,821759.9999669988,855093.8122708
11680.0,34453,5822.557,6575.0,2997.4109999999996,5719.198,6856.147,4513.343,11989.643999999998,10129.182,5753.651,14160.183,1412.573,1929.368,6787.088000000001,13816.572,6523.7953144012,3635.94,5043.0,11669.636,1098.0,2153.0,55.0,51398.0,12223.0,449.8,2604645.98607158,23.0,1581370.0,42063.65013985266,10873.643370316446,1640.7312285592775,325.0,55.0,2340.400226801464,425.9860355105799,70.78593090074997,14.910007669379604,3.5262164981482815,3491.011126,,,,,,,,,,,
11700.0,413463,69051.796,92239.0,40842.29,49192.482,96097.56,44407.919,122539.57500000001,84880.77900000001,54458.348,118559.747,13883.543,19103.079,70444.547,117781.956,76318.2216422364,36798.462,70418.0,94944.688,15645.0,15794.0,2180.0,176079.0,149026.0,1058.5,31682758.99047554,345.0,24223081.0,108106.3571425849,34857.83060761892,7350.377335332095,387.9999999435857,5.000000044703478,26325.927642284674,9261.628651366924,1689.7291335435086,75.68654789906923,3.0896029671361873,3743.622962,6094434.169810041,377738.6477117146,675605.4894686207,5041090.032563731,14560515.200034626,667520.0000280486,4163840.0000893185,435840.000101737,15301760.000254856,1141119.9999577068,1300845.2498126
11740.0,52181,8714.226999999999,10502.0,5061.557,10644.924,14193.232,7305.34,19202.608,15758.662,8975.132,20872.4,2139.421,3026.498,12593.432,18196.442000000003,10409.7660727666,5389.562,6530.0,16435.496,1709.0,2443.0,126.0,55699.0,20895.0,205.7,4124147.478524474,33.0,2226041.0,40021.611489644616,10917.24238197639,2992.029913631101,268.7121998630464,11.99999997019768,2725.0174216857513,535.7438112311211,97.97567774610538,10.522406799759622,0.6431724273778175,434.91343,795712.9218896131,188963.53156738236,460791.0482493401,145958.34209869805,1058279.6799976805,272000.000026398,563199.9999814545,168960.00001509656,515840.00000898895,169599.9999956013,270689.367162
11820.0,41695,7421.71,9760.0,4377.975,5128.485000000001,10548.835,4669.839999999999,12758.67,7546.795000000001,5628.825,12591.89,1417.63,1959.665,7114.447999999999,12046.054,9031.3503936437,3395.532,6144.0,10509.98,1823.0,1166.0,151.0,63238.0,13111.0,338.1,3216473.557083528,37.0,2379347.0,25329.50242713649,7809.485885706805,432.99533661144983,37.0,8.0,2055.964893044016,601.6764501237072,13.31992148682748,0.416305544202419,0.0431254647072516,7327.858196,1331024.3368604558,95612.04940592966,231261.94109971335,1004150.3463466438,1572218.879992086,208640.00001297108,643840.0000097352,113919.99993944688,1132799.999957987,273279.99997718,529997.9201462
11860.0,16108,2786.684,2887.0,1369.18,2561.172,3495.4359999999997,1916.852,5331.7480000000005,4059.216,2464.5240000000003,6201.58,612.1039999999999,805.4,3283.075,5861.49,3057.1281059870003,1537.44,2035.0,4964.65,471.0,550.0,27.0,56691.0,6306.0,280.0,1243991.33825591,6.0,725633.0,25344.44023044368,6324.8571755440835,1052.390891401492,318.00000007313827,55.0000000079162,1862.1726007182897,360.6271323400467,70.74701942673511,8.31874125864108,1.520932223939532,326.5377336,625638.2140062861,88350.71315940816,418579.39897025673,118708.1018260124,642519.6800072398,137599.99999462458,284159.99999384116,104960.00000251648,234879.99999255736,191360.0000360444,275945.6034907
11900.0,58979,11323.968,9292.0,4541.383,8905.829,16809.015,6664.627,18873.28,13211.295999999998,7844.207000000001,20701.629,2064.265,2948.9500000000003,16370.25,22459.983,12938.4199224969,7726.758,9830.0,20691.996,1993.0,2049.0,366.0,42215.0,20262.0,805.2,5065942.439143716,69.0,2461866.0,24636.83178112671,6947.853494688948,1287.4639158958944,49.999999936670065,24.999999977648255,3042.220767975991,587.2882382631448,147.43355693412587,3.4204305856041,1.83603368142328,4061.417975,977645.7025865536,201618.89441746217,595187.1395189753,180839.6687144031,1573955.1999982542,307839.99998313567,996479.9999432034,108159.99996997512,869119.9999629278,221439.9999963223,322314.0039691
11940.0,67991,9966.502,13820.0,6716.206,12931.562000000002,20150.249,9789.073,24558.023,19078.927000000003,11815.531,27134.933,2732.9120000000003,3820.768,17702.712,24760.248,10187.521827684,8012.879999999999,7555.0,22958.559999999998,2263.0,2903.0,43.0,99539.0,22540.0,741.6,4894730.123305192,40.0,2873299.0,39355.444405189715,13347.86018935539,2581.413867262423,322.4636280663762,7.99999997019768,2746.7228286058903,805.2682784242241,144.33846132296932,17.500444228553,0.3274054352927152,262.7056893,899407.5953822448,131225.61726441246,534278.1212040399,233903.8568954249,1339840.639943309,252799.99999196015,969599.999966242,74879.99999133896,632319.9999835896,196480.0000089972,275268.72541210003
11980.0,84511,13437.249000000002,19059.0,8282.078000000001,14873.936000000002,20789.706,13014.694,32536.735,24930.745,16395.134,31184.559,4394.572,6084.792,18266.656,30081.328,15630.388132638402,9971.248,8905.0,27399.984,2377.0,3771.0,50.0,52660.0,25501.0,264.7,6249294.788405216,67.0,2324068.0,46149.97119117859,11805.592414205454,3035.972593869192,105.99999999627468,27.99999998509884,2534.4849096345124,601.1682716441898,111.00037880611478,4.501803103647236,0.7011288821877881,399.8431213,1520949.2419972704,262731.5492282855,636747.3793110823,621470.3133606316,2421527.6797907436,579840.0000028425,1656959.9998624283,145279.9999521441,1486079.9999849198,179840.00005698195,559190.6335878
12020.0,220405,35589.152,30515.0,15327.17,30876.591,50437.189,24764.894,68601.643,55070.043,29240.378,76180.52799999999,8774.86,12858.132,39719.125,74345.791,40965.2242838901,26009.416,38940.0,61987.668999999994,5471.0,12711.0,491.0,257509.0,75181.0,1420.8999999999999,16923762.877429146,174.0,12915359.0,70008.1076337676,17464.56676870535,2196.813538775829,172.00000000034925,37.9999999984866,17250.312335772916,4293.85548298757,761.288991683222,45.84706756238663,8.383150320935286,2668.543057,2123777.08473463,261655.779450981,940959.3136466576,921161.9917453716,4457959.680074489,593280.0000622729,2139520.000045385,251519.9999823584,3419520.000049291,498559.999995685,655952.1126987
12060.0,6237435,981584.894,798590.0,420695.129,790613.075,1202093.648,726670.758,1695881.726,1411400.761,748547.621,2164288.891,217867.059,323906.184,973737.175,1971118.229,1090460.6385552457,694448.294,1164723.0,1690039.932,209740.0,408810.0,10845.0,1988654.0,2184102.0,12826.5,481690849.29750144,5345.0,534892069.0,1295021.339160719,330655.2611686826,70709.3552110008,12637.007581806743,742.000000502361,658901.6406467794,164865.48772118517,38628.93261676191,8411.143736143504,261.18120652955855,139783.192,29458545.32902368,3229527.4314750326,10281510.53403722,15947507.363314657,78932302.0794702,6528639.999994262,31043839.999806568,4786559.999878783,68262399.99984512,7908479.999959168,5558499.3406111
12100.0,371272,57237.729999999996,76235.0,33780.23000000001,48839.164000000004,64899.494000000006,44923.912,107089.554,96834.40800000001,52765.68,120989.616,14563.978000000001,20588.7,63214.8926560863,108337.926,64787.7042994558,35928.218,50214.0,103176.271,27777.0,19673.0,598.0,137206.0,126280.0,835.6,27200158.66762798,377.0,24345236.0,189516.23187876013,44984.77092283163,8544.465744348272,1002.1878580031414,156.0000000838186,49653.656670843455,9280.185580597356,1266.7557870935264,103.4756548082322,15.978818237462317,17415.70591,1594843.8117068564,133920.32701704232,403747.9920276599,1057175.4926664622,5116705.9199293805,215040.00001723872,1333759.9999738722,688639.9999709709,3503999.999907449,1201279.999980135,355521.70995519997
12140.0,43731,7128.153,7405.0,3892.059,7609.194,10626.633,5029.0650000000005,12813.183,11851.101,5641.299,16442.856,1399.392,1880.433,9520.06,16070.56,8055.570894305,4410.67,5846.0,13537.7,1525.0,2005.0,27.0,62411.0,18264.0,303.6,3334670.82821719,28.0,3398804.0,84501.72701773897,18681.22615448349,3858.3694188546815,549.6829355161176,63.0,6507.151872776931,1202.2296832824404,250.1601797465718,29.70729063850339,2.377747481706844,309.4241533,688208.921548073,108940.4625833346,437995.6982267567,141272.76069374543,1023033.5999799588,158079.99999869935,375680.0000158816,134399.99997287398,565120.0000094717,261120.00001759783,232207.7677981
12180.0,74998,13724.634000000002,15600.0,7124.81,13199.648,17249.54,8774.766,24974.334,20924.442,12599.664000000002,30524.186,3374.91,4499.88,15814.032,25773.831,17628.7022306367,6918.639,10881.0,21668.265,2799.0,3785.0,157.0,59335.0,29098.0,347.4,6010110.095722668,47.0,3666333.0,36532.44000247901,8353.028673040917,2138.1196119503584,129.87691283179444,9.99999999441206,4218.484177702372,777.0152819009161,134.87591600377937,43.20184579806714,0.3476356379064701,234.6589322,1185165.574680563,263440.20815498655,252906.16152494587,668819.2048876185,1171868.800022191,450560.00001538126,348799.99999480526,87680.00000559313,1017599.999959215,172799.99998663933,442603.1750198
12220.0,199289,30923.408,25390.0,13079.01,30736.312,49517.219999999994,24529.127,67579.938,54482.412,29135.677000000003,69799.407,8239.558,11757.082999999999,34812.754,63284.796,27677.873504586703,22984.514,33799.0,55622.121999999996,4708.0,10926.0,253.0,96699.0,67712.0,1677.2,14241597.886606582,165.0,8596443.0,75021.81178859559,20896.991331428573,4768.250166084335,439.6940154086705,20.99999998509884,18053.15050853634,4475.613086040551,711.6146699780236,83.31971298642573,1.387105637926303,753.5736954,1236254.3139874197,140531.83878057875,987493.6437476703,108228.83146232882,2804748.799925377,266239.99999122886,2657279.999992796,415360.0000274291,709120.0000330022,144000.00001874784,388815.4991673
12260.0,624083,93718.811,103999.0,47417.32,105688.052,132612.22199999998,86131.22499999999,209230.071,178078.144,100913.096,247286.16399999996,29549.621,41046.423,118685.455,222415.982,117314.7655968577,76985.303,96674.0,187050.847,15464.0,48565.0,1136.0,384709.0,218260.0,4568.7,46708725.12776111,452.0,34825921.0,231711.50455973955,55687.93951220601,9778.653212282696,683.2276258825914,63.000000016763764,34433.790054790465,9060.686995330369,1531.9767615940323,40.122342385279644,4.028891232288886,3976.123756,6320711.217386168,872682.1360939565,1741979.271509824,3706049.810044155,11390565.119879477,1639040.0001955028,4012799.999869475,767359.9999515988,9602559.999988705,1541760.0000859615,2227613.6443646
12300.0,125540,20211.94,25621.0,12177.38,19333.16,32389.32,13432.78,43562.38,29627.44,18579.92,42181.44,4770.52,6653.62,24345.09,41804.7,24342.217082652,10205.265,18770.0,39345.6,3044.0,4630.0,636.0,53876.0,46586.0,292.7,9578428.36213137,87.0,7438652.0,56399.68015816462,18552.543901498695,3451.6175985101054,48.81550134718418,9.0,6166.800794298472,1725.5786439135145,314.2784077832304,6.702541033010692,3.526121446338053,621.6060933,1739900.4371395227,118373.25363985683,307725.8704501855,1313801.312950473,3227235.2000447274,186880.00001477497,1208320.0000393698,108160.00001803732,3057280.00000383,273920.000008853,555168.2118435
12380.0,40140,8188.56,7459.0,3532.32,6582.96,9633.6,4897.08,12804.66,10235.7,5780.16,16176.42,1645.74,2167.56,7628.5,14052.5,8948.327064765,3774.1,5947.0,10318.55,1040.0,2426.0,47.0,61565.0,14715.0,421.8,3209497.3767043,20.0,2632735.0,27136.937165958818,6897.030959413129,2089.639338390644,86.00000005960467,8.999999970197678,2284.5286066129333,458.95869767270653,112.86997027846084,6.890732120100292,0.2055475739771787,786.2503656,1085118.8020058074,196446.23813561889,695914.1341820082,192758.42974376673,1231934.7200283138,247679.99993158132,511999.9999627341,186240.00001252236,572159.9999520658,322560.00004561205,455240.3024315
12420.0,2421115,504686.50800000003,265367.0,148914.25699999998,298338.011,533787.118,264700.353,632579.329,515123.62600000005,273778.343,745789.436,76379.875,119435.22099999999,283891.25299999997,658206.0260000001,479161.3792548994,232564.51799999998,534335.0,535687.22,76673.0,104365.0,5282.0,392363.0,839586.0,2137.9,186262110.1757691,1692.0,227703434.0,515118.4424688206,149559.47525836568,46558.16541866517,6696.393935080882,333.9999997110196,255097.39238771447,73828.79478060472,22763.419503266327,4618.3383784551115,191.1061681479295,110240.4282,10878273.4670045,1880324.6864223485,3430651.1831945363,5567297.597302443,28660540.79970444,3535999.9999521724,7747839.999938854,1621120.0000163603,25074559.99994661,5146879.9999350235,2702048.0162709
12460.0,28982,3883.588,4565.0,2202.632,5419.634,6115.202000000001,4695.084,11129.088000000002,9448.132,5854.3640000000005,11534.836,1883.83,2434.4880000000003,5899.911,10238.859,4170.1268513262,3862.722,3330.0,9762.633,541.0,2932.0,19.0,42996.0,8353.0,1068.0,1931686.4879568391,24.0,1332904.0,25352.635095602753,5460.8472833240585,514.231975558927,115.00000001490112,17.0,1106.011218920967,183.31140495038795,16.815289529263538,2.714604641383586,1.0604752711550491,441.1485811,797941.7102130688,192802.7867027634,469562.5970265399,135576.32638906274,834652.7999300202,300800.00007933524,586239.999985087,100480.00000762424,332159.99998122494,121600.00000610134,382181.6081812
12520.0,16938,2862.5219999999995,4417.0,1880.118,2676.204,4268.376,2218.878,5945.238,3997.368,3031.9019999999996,5792.796000000001,813.024,1050.1560000000002,2882.268,4852.632,3676.848157464,1416.708,2246.0,4184.988,522.0,476.0,115.0,44872.0,4432.0,328.7,1247334.895969272,8.0,746255.0,55626.98566642811,13293.029354400154,4615.503788311048,215.1384289570854,33.000000003725276,1377.432255212947,197.0290388176282,50.144257955120295,2.13252484713793,0.0473360890655948,17.36213015,,,,,,,,,,,
12540.0,916108,165815.548,104230.0,53134.264,151157.82,199711.544,117261.824,324302.232,279412.94,149325.60400000002,326134.44800000003,50385.94,77869.18000000001,136105.66199999998,319983.51,147000.8466919608,117177.06,124655.0,297449.46,48062.0,65091.0,2079.0,58583.0,272448.0,763.8,68981262.65761454,655.0,58421422.0,453162.16036332224,148170.91907243992,49032.64459134215,6530.330019476552,392.0000001347511,132394.81887504947,35715.36550360849,10471.82827109031,1934.6746688605836,30.44241205406179,114773.3067,13632522.387156274,1635929.961919421,2523203.11443326,9473389.310699526,20629369.599657778,2487040.0002418775,4584959.99994525,1517439.999633328,17283839.99962093,4525439.999773216,5204553.8385928
12580.0,2265741,360188.145,371174.0,186729.52000000002,250855.081,456601.375,249024.65800000002,552640.653,481250.03300000005,252059.19100000002,741531.3979999999,66449.251,95923.751,319961.357,696603.095,395182.5661961179,205475.203,428237.0,514089.939,72325.0,110622.0,6387.0,610776.0,885552.0,2295.6,174778313.6283137,1956.0,185565255.0,460904.1799982772,127392.66998161389,33238.221695608096,4216.1979616168,146.97608300205317,299549.9175478133,66324.54781327081,19938.78583042487,2685.184036326515,66.89503699754884,80226.52268,10599557.894763185,1010357.2450420774,1914171.528958518,7675029.120915127,36994688.63968281,1455359.9999903594,6917119.999959269,2651519.9999598195,34428800.000075795,6765439.999973442,1664929.1766379
12620.0,153704,22901.896,29606.0,15062.992000000002,25361.16,44574.16,16292.624,54718.624,36427.848,21518.56,59022.336,5533.344,7685.2,30785.965000000004,52624.285,31412.835431488,14407.225,25483.0,50804.425,4007.0,5550.0,909.0,52079.0,57245.0,358.9,11695481.73146976,89.0,8537540.0,121960.53166996436,33763.23046889566,7315.187700218271,413.00000002235174,31.0,11433.930538215553,2744.227266699257,534.7029423149731,22.316352817650877,0.7043706836960746,2043.739742,3116252.0911687505,231667.184611831,663909.3554971324,2220675.551199754,3415433.5998446867,175360.00018699767,1489919.999871957,142080.00032968627,2890879.999835612,351359.9998338987,2174158.708408
12660.0,65777,14734.048,12626.0,6183.0380000000005,12168.745,16838.912000000004,7564.355,21640.633,15391.818,10261.212,26047.692000000003,2631.08,3354.6269999999995,11214.125999999998,23072.742,16804.7959392621,5027.022,10044.0,15016.617,2585.0,2605.0,115.0,65746.0,27641.0,366.2,5099318.053990777,54.0,4926459.0,33113.00840076978,7716.737697261842,1657.3059448641195,212.9482456291644,2.0,1949.4988383544037,450.426740833095,63.76630844480764,8.468700391886147,0.0155998017663013,12440.88,1350958.9066840897,320934.6852835912,724209.5379917411,305814.6833646855,1784105.5999424576,474239.9998952316,832640.000010502,108799.99998690088,1084159.9999243526,396799.99997226207,532175.8034353
12700.0,232457,38587.862,68379.0,29057.125,22083.415,49745.798,24872.899,67180.073,46258.943,30916.781000000003,59741.44899999999,6973.71,9995.651,31121.944,51798.852,54169.6221889648,14708.316,25302.0,50946.196,11055.0,6522.0,1172.0,76287.0,80962.0,255.9,16956950.481380757,211.0,16850556.0,71681.84476418626,20418.15734271216,5317.105297911133,40.9532750248909,7.0,18164.152097036906,3850.9341280919903,828.3927070439443,6.175499111550675,2.074437082165407,25556.6975,2117471.2283844943,78302.84267065207,228204.65306370743,1810963.7326014345,7590415.999871611,100480.00000894688,1606399.999977853,266239.99999975244,8041599.999732902,888959.9999557717,252293.8045347
12740.0,60048,12309.84,12167.0,6064.847999999999,8706.960000000001,15852.672,4923.936,16152.912,10448.352,6665.3279999999995,15972.768,1921.536,2582.064,9274.152,15865.216,14518.3713380096,4141.288,9648.0,10965.664,1596.0,3385.0,335.0,70061.0,22635.0,289.3,4651748.403617104,41.0,4554193.0,24743.207498807136,6164.202012039645,1320.1018778006917,31.0,4.0,2369.342982965294,452.0118507296911,74.99326250810101,4.0940804532499016,0.2829516288265823,16325.06766,1013323.3164532682,41224.290640981846,345792.49233880464,626306.5334324023,1626961.919955602,24959.999983306443,908159.9999360637,53759.999996617385,1257599.9999660582,128639.99997746976,439697.6864792
12780.0,53242,6814.9760000000015,10403.0,4578.812,10541.916,14535.066,7879.816000000001,23373.238,18368.49,11553.514,21988.945999999996,2768.5840000000003,3833.424,9713.292,19792.138,7862.958414349,5222.200000000001,6957.0,17807.702,1311.0,2572.0,165.0,48144.0,17948.0,353.2,3967796.920934824,32.0,3654082.0,12242.479801873951,4111.646724221138,1128.0677282211884,0.0,0.0,1967.817545170854,525.922260611724,40.06112961943225,0.0,0.0,313.0707392,752319.2808511036,67617.49295967986,361278.793777161,323422.9940908447,1706183.0400826286,103680.00003226458,657280.0000633982,149759.99994993952,1091839.9999560062,389760.0000016701,265929.405238
12860.0,57535,10874.115,11261.0,5293.22,9493.275,12715.235,6501.455,18238.595,15591.985,8802.855,20309.855,2301.4,3106.89,10885.854,19035.996000000003,12466.4080401756,4901.4839999999995,8825.0,15901.326,2129.0,2128.0,93.0,62641.0,23464.0,263.6,4432841.934247021,35.0,3055937.0,70988.88149035211,22791.627331244505,6276.2583582879,571.8384392259176,73.0,5604.797949693354,1381.971448681386,314.51048253760655,29.023794694090533,3.2896212579238737,450.3894857,755538.1031641293,290908.9641429351,63605.63327012556,401023.5057511393,633004.1600032242,325760.0000355305,137599.9999931975,23040.00000231709,634879.9999928303,94720.0000191199,315473.9213979
12940.0,873060,168754.46399999998,129776.0,60744.136,147395.152,231141.321,114093.053,301443.847,243658.263,135518.22100000002,329457.435,37844.247,53674.172,175184.64800000002,314617.002,201470.726501111,96476.349,144511.0,263538.218,31785.0,68254.0,2578.0,560363.0,330452.0,6174.7,65126412.45963738,-9282.0,64680975.0,273458.9715465473,68286.83935094265,14093.53862063746,1420.7015874504339,229.99999997796107,61476.740613464994,14950.32487577751,3180.2877169072262,288.1013516834717,29.930311301848896,7001.38863,6539153.32610741,1013629.536585466,3038728.4255677806,2486795.3639421603,11658279.679985236,2158719.9999473323,6728959.99993487,981119.999961265,6830079.999875262,1633279.9999213505,2793937.3958324
12980.0,133289,23192.285999999996,24873.0,11462.854,23592.153,34255.273,16661.125,45851.416,36254.608,20526.506,51982.71,5598.138000000001,7597.473000000001,28051.8,51294.72,27360.684784492,14293.06,18347.0,38738.2,5994.0,9037.0,483.0,52310.0,47612.0,703.6,10050874.2591164,102.0,7897845.0,82217.54339435147,21914.771301310004,5505.631809781396,426.0000000840861,17.00000001490116,14911.264853938415,3508.138905163318,658.2693627746485,67.15330313768774,5.584413555840307,1613.281912,1415196.220582934,272374.36881617294,129728.6515546424,1013093.2001873568,2608446.7199256513,343680.0000150381,437120.0000176779,142080.0000022867,2183039.999939694,718719.9999922422,451996.8910533
13020.0,102821,18404.959,22031.0,10384.921,14703.403,24779.861,11618.773,30229.374,22209.336000000003,13366.73,38352.233,3495.914,4626.945,21808.431,37064.094,20675.371612494,10136.313,16319.0,27746.877,4564.0,5640.0,284.0,55860.0,38835.0,370.4,7818759.289684459,73.0,4538542.0,45415.54608996087,11118.16883145036,2768.6129602942983,105.8376315005589,6.0,9580.769738462124,2146.001636259543,339.0105349213922,19.563275317665692,0.8755806956407289,2657.048097,1030735.2543302558,120644.36570851404,699161.2307286257,210929.6579573481,2165697.9200031534,140800.00000724653,855679.9999744039,382720.0000018577,878079.9999954203,626560.0000116954,283028.106991
13060.0,36125,5743.875,6440.0,2745.5,6827.625,8381.0,6321.875,14666.75,12535.375,7550.125,14775.125,2239.75,3287.375,6573.775,14983.8,6878.4181921325,5251.674999999999,4756.0,13037.375,1737.0,3049.0,15.0,52241.0,13011.0,223.8,2768315.72061135,20.0,2963316.0,39641.42324774762,7089.881433210061,1140.7813613428,216.99999997764823,45.99999999254941,4911.056239776731,637.6118836098317,107.21865547353514,19.617224114916603,12.431897757619844,2603.782842,1182006.5422224773,188379.8179521235,486556.33164213895,507070.39259329863,1616726.3999159366,351999.99999936623,794879.9999884998,148480.0000681593,744320.0000128166,441599.99987535866,699442.1566956
13100.0,21583,3733.859,4625.0,2050.385,3733.859,4014.438000000001,2892.1220000000003,7014.475,6777.062,3561.195,9215.941,906.486,1230.231,3986.166,7736.590999999999,4641.1380188932,1993.083,3065.0,6707.903,434.0,761.0,40.0,61283.0,8762.0,237.1,1668297.434269006,12.0,1385539.0,30041.37497794227,8265.166339124982,809.8741625547414,128.99999994784588,42.999999977648216,639.2655911962773,173.08269863205794,4.9409430750300745,1.06790589093972,0.1740462945651999,229.4914781,1243955.5332399784,129212.883971225,96482.02787646376,1018260.6214751354,1392968.3200145487,186240.00001024187,135039.9999598178,117120.00004812217,849920.0000209955,618879.9999602815,544923.5024263
13140.0,393575,71241.04699999999,61429.0,28556.462,71835.71800000001,89977.99399999999,61344.667,140781.203,127293.861,68428.884,152527.625,19841.214,28114.366,77270.852,155460.835,73955.5151238719,49472.272000000004,57074.0,127404.25300000001,18607.0,29799.0,335.0,179282.0,142846.0,1014.6999999999999,29395570.812049083,281.0,29605473.0,202657.64898453886,60115.92265345197,15852.360705379582,2706.001428753798,227.00000006612387,49714.584302658404,13316.304541405849,2988.071626593477,456.52622847885993,32.61867325515441,117578.1134,3797034.960290927,582236.8420425091,1292499.0973905765,1922299.0206994545,8405324.160093578,1354240.000086363,3019520.0000978895,639360.0000912467,5272960.000071156,2234880.000031897,1344448.000347
13180.0,88282,18627.502000000004,16187.0,7857.098000000001,16950.144,21364.244,10417.276000000002,29839.315999999995,23306.448,13507.146,35930.774000000005,3354.716,4414.1,15807.816,33886.368,23316.5914557192,6899.544,12812.0,21571.992,2484.0,3130.0,104.0,65540.0,37409.0,436.0,6783756.279403033,36.0,4549317.0,67813.91459253474,16447.355913053336,3914.285091247079,291.00000001490116,73.0000000298023,4516.011079412595,1098.031780528907,311.68656521000264,9.294695286048418,1.9392209707916668,31797.56777,1486886.5218131256,320498.63844125276,870629.7136211684,295758.1697155982,1826790.3999347663,487039.9999949235,919039.9999911176,193280.00002260084,1052160.000030274,318720.000020231,560433.9044041
13220.0,112369,15248.789,25330.0,11130.623000000001,25052.417000000005,31001.66,19728.43,48637.723,39939.731,26154.674000000003,44604.401,6635.862999999999,8288.003,30007.36,46416.362,16366.032964665199,15073.846000000001,15964.0,40709.136,4346.0,6276.0,164.0,86490.0,35474.0,612.7,8272303.739420252,74.0,5164197.0,77551.05959908181,20869.621466082564,6679.053841919871,376.4299835821148,39.0000000022701,6022.816401034942,1976.4938117051913,618.6363441030984,42.45857057351488,1.0428871571882277,781.5346041,1903033.158622078,258435.7907355065,1023019.4518732716,621577.9159617125,3408177.919881074,435839.9999660516,2412159.9999212446,184960.0000129908,1961599.9999583615,305919.9999974302,810843.5749137
13260.0,45222,6918.966,9444.0,4341.312,8908.734,11350.722,6240.6359999999995,15872.922,14244.93,7823.406,17953.134000000002,1944.546,2622.8759999999997,10509.576,17106.496,7837.624068375199,4731.584,5979.0,15059.176,1435.0,2352.0,36.0,63904.0,17488.0,264.5,3466928.8695228,20.0,1741168.0,16281.916146300304,5363.882279813579,454.8188070230463,15.0,3.0,1679.0236980714017,526.5215832053345,72.3324011149348,0.7254656223063006,0.0441185570834606,203746.8531,768820.2914474693,61249.13028131605,529318.9224435895,178252.238777905,1355830.3999614709,104959.99998921144,1106560.0000221075,126719.99998710083,464640.00000854663,181119.99999188437,287468.0257239
13300.0,30394,5866.042,4267.0,1671.67,5501.314,6413.134,4771.858,11762.478,10121.202,5379.737999999999,12947.844,1732.4580000000003,2705.0660000000003,6014.905,13720.486,6030.1989721428,5104.541,4656.0,11997.297,974.0,1883.0,14.0,46316.0,8518.0,647.9,2444717.6518022963,15.0,924568.0,17400.51957811981,6170.499940166186,1234.6613817639677,0.0,0.0,1210.732246727076,216.65609146164547,7.790712220485553,0.0,0.0,302.7070963,939893.4730626089,189150.52991375505,399247.7185942612,351495.22449189436,1128284.1600366558,341119.99997407343,574079.9999700312,87039.99991305855,598399.9999691525,259199.99996874284,563340.9249848999
13340.0,46040,7688.68,8684.0,4281.72,9622.36,11832.28,6629.76,16528.36,13904.08,8195.12,18001.64,1933.68,2670.32,10923.566,17087.902000000002,8881.8937148848,4577.926,5689.0,14232.364,1892.0,2048.0,54.0,61797.0,17385.0,300.0,3457177.9805500116,33.0,2480832.0,34730.21404868998,8527.622810172743,1918.0111234451915,165.0,20.0,3272.299412894831,727.9492609816995,129.22752884756952,3.941586406445798,0.3115855688817701,1493.587448,792897.97262692,229203.0322647329,398165.5039103451,165529.43655334256,1275133.4399777032,359039.99997709534,718720.0000178705,142079.9999714146,681599.9999680441,199040.000009137,293439.7737037
13380.0,230677,44289.984,42341.0,19838.222,24913.116,66204.299,22606.346,66896.33,37600.351,29295.979,63205.498,8073.695000000001,11072.496,35807.48,75311.216,42813.892025296795,20098.392,41560.0,44124.056,10724.0,8333.0,1135.0,70463.0,81084.0,385.2,18715950.31666231,129.0,21231134.0,63225.68674210915,16053.374972779877,3130.7721399860534,147.46388102567292,27.270723437890418,22053.818126032507,4936.433898236062,1178.6771366726089,41.55588983687264,11.975228658705973,639955.7282,1575163.8266853874,83624.69559396108,496936.72517899505,994602.4059083116,3406659.2000033073,102400.00039111936,977279.9999914762,255360.00043154284,2680320.0000246796,711680.000288351,1349011.5550631
13420.0,46799,9219.403,7987.0,3977.915,7721.835,12354.936,5381.885,14226.896,9687.393,6130.669000000001,18672.801,1825.161,2293.1510000000003,10200.03,16747.025999999998,10383.9683839704,4554.432,7360.0,10959.102,1559.0,3775.0,175.0,58138.0,15796.0,557.3,3628532.996779368,28.0,2238434.0,28472.241065153383,4894.744835347071,322.9999998945023,41.0,0.0,1893.1557317262825,394.7707823858055,22.662986388237996,0.778060478519897,0.0,1977.004702,1698030.4792333175,353737.8549513554,1131689.1239120187,212603.50028226295,1258720.6401087414,588159.9999822472,1012480.0000019486,139520.0001565481,429439.999836755,157440.00018578957,1602975.8645851
13460.0,258254,47646.16,53408.0,25058.997999999996,31020.881,61419.83,27299.244,69271.519,41742.254,30403.556,73673.543,8084.496,11130.02,40213.862,66981.879,58368.28152667721,20255.66,43459.0,61476.623999999996,9523.0,10371.0,1240.0,198748.0,81689.0,1376.4,20361447.569289718,179.0,16494532.0,166933.89800552663,39549.81034334541,5093.456970491176,403.0000001008156,41.999999985098825,25016.3704402072,5770.845866064325,733.1710109846155,46.184567301641195,3.849488262508962,2341839.357,4449069.514361393,307671.88503078127,912178.3341560516,3229219.2957023596,6273509.760199843,467199.99996042624,1996799.9994011128,478079.9999750523,5092480.000003498,1066880.000110608,1931232.4629713
13540.0,37392,6580.992000000001,8437.0,4187.9039999999995,4711.392,9348.0,3589.632,10095.84,7590.576,4561.824,10469.76,1233.936,1645.2480000000005,6254.826,9081.866,8452.2686574152,2615.0119999999997,4885.0,7350.304,1128.0,1916.0,175.0,65528.0,12437.0,211.4,2746537.926215386,25.0,2080005.0,20789.028108150967,5486.360591702344,111.8768699504435,20.0,4.0,1292.2806339618503,280.3777081166558,4.422672599232748,0.6465049113543945,0.1671138251977494,410033.1742,774216.9510766481,33708.61728165281,583393.0393499504,157115.29440557383,1288895.999972192,26239.999998741852,1189120.0000382864,76160.00008043885,538880.0000264539,60160.000010520336,431988.2520023
13660.0,40720,7044.56,8480.0,3746.24,7533.2,10953.68,4927.12,14170.56,10546.48,6515.2,13193.28,1873.12,2483.92,9835.168,16509.032,9020.6565535155,4478.514,5199.0,11810.983,1675.0,1389.0,63.0,52949.0,14145.0,402.7,3428309.238118005,22.0,1503926.0,26277.57307161304,5172.420125184359,1484.700733715217,1.0,0.0,1589.5062046860687,317.7576540374742,45.95201477702551,0.0176397978203279,0.0,881.3634236,1002179.6370855562,181214.08726100455,643994.0137119296,176971.53614657378,1143891.8399558072,291840.00002623437,863360.0000044553,173439.99996767886,412159.9999692928,119680.00000898444,355273.7078057
13700.0,33672,6364.008,4773.0,2121.336,5858.927999999999,7374.168,4747.752,12155.592,10168.944,5219.16,14108.568,1548.9119999999998,2424.384,6832.98,14396.76,7095.480075054,5079.06,4707.0,12862.08,1093.0,2508.0,58.0,58445.0,11318.0,488.2,2705137.16873022,28.0,12459571.0,53863.835124769714,15653.302582788026,5184.732080251558,644.9359088561613,58.000000104308114,3922.7926444700506,1151.5603025490818,275.0908903351193,41.70043688216638,7.046739372901335,1635.992831,1947364.319673987,195029.7156784816,515792.47917610366,1236542.1246344617,3268278.4004287757,400000.0000205329,1158400.000277665,177280.00006636235,2716800.0001795874,506240.00028721266,576493.9722932
13740.0,190208,41710.272000000004,34309.0,16950.043,31035.588,50823.556000000004,17871.379,60480.955,41845.424,22801.268000000004,64537.564,6115.02,8526.656,32059.747,58461.426,44149.867306144704,13650.183,31528.0,41064.631,5131.0,8439.0,626.0,193883.0,73029.0,868.2,14297435.065937558,-9867.0,13756233.0,195760.72277761315,51213.04683204416,12180.217982011804,760.9999998596613,108.99999993416714,32774.90497099231,5412.038045805893,544.6174327085018,50.77201594253511,5.931671171913574,1664.692233,3927101.119745099,623456.2537854058,603648.5140279243,2699996.3513448914,4380622.720275776,720000.0003120148,909440.0002596284,298879.9998403461,3678720.000116861,1021440.000058409,4145781.0683296
13780.0,244889,41708.587,47842.0,22469.958,34087.343,55022.56800000001,25557.971000000005,71310.471,59842.431,32319.318999999996,78853.798,8720.460000000001,12053.362000000001,44479.788,74373.82800000001,49645.1127667356,21402.672,34254.0,64312.60800000001,8831.0,11131.0,521.0,114910.0,82484.0,628.4,18607656.372232668,172.0,12257866.0,97893.19526870291,31969.116987027468,11519.99473890358,332.6438923255773,32.00000004249159,24925.116005303327,6917.268978771919,2301.886833246327,126.72422286588974,9.829828698809616,3406.612283,2318492.855724002,465825.7059785971,303710.3678999575,1548956.7819194156,3566669.4399431455,691839.9999625473,666880.0000327455,92159.99995862924,3661439.999946886,587519.9999573336,783617.3778579
13820.0,1181196,171654.223,197019.0,96456.50400000002,173043.002,282298.058,160177.559,381613.427,315607.97900000005,180847.49000000002,443724.22599999997,47832.913,64682.234000000004,215571.715,394150.656,189137.9560488472,134433.178,205026.0,346484.864,30064.0,78052.0,1722.0,413541.0,430761.0,3078.2,86710532.9292839,1028.0,81928963.0,633739.400210177,187224.9328794027,41074.18928805712,5627.514397023132,512.000000213303,138351.01139568898,37070.960506851,9073.897954991331,1727.1996321612726,106.99731581387152,16320.91819,10022384.318254083,957160.5899564804,3969122.608456538,5096101.119999458,22773357.439549793,1756800.0000418583,9106559.99973694,1441279.9999718096,17205759.99970014,3781760.000029586,2872592.4135088
13860.0,18718,3369.24,4385.0,1965.39,2414.6220000000003,4099.241999999999,2246.16,5821.298000000001,3930.78,2732.828,5540.528,692.566,992.054,2454.2560000000003,5052.88,3927.5021351006,1660.232,2584.0,3988.166,647.0,950.0,90.0,55981.0,5438.0,443.5,1419473.916458402,18.0,1317709.0,54327.91569614928,16638.042326636896,1821.793475444116,0.0,0.0,672.1827179227352,204.0202133985985,50.25897920268629,0.0,0.0,71.43828448,,,,,,,,,,,
13900.0,134846,29947.557999999997,22529.0,11905.43,18458.414,27545.964,13036.45,36242.972,28902.786,14804.278,51164.514,3927.2259999999997,5479.808,21762.336,43035.667,29495.6525557117,10145.873,27068.0,33773.946,3098.0,6144.0,285.0,210806.0,56987.0,906.6,10352487.035926566,-9913.0,8952832.0,123346.58591723215,30988.678884445737,8664.96986060462,619.9999997953853,136.00000001117587,14204.264127550945,2434.861805275397,642.4773467098723,45.36378883629449,11.469352533860206,1736.474756,4535336.283765387,445822.612158226,3346675.7140605594,742837.9572278659,4807808.000079926,531840.0002206982,2776960.0000210763,834560.0003121743,2087040.000203988,728960.0000980693,2739771.348726
13940.0,49923,7787.987999999999,6980.0,3943.917,7089.066,11881.674,5391.684,16873.974,12930.057,6789.527999999999,20468.43,1847.151,2845.6110000000003,7646.724,16237.488,8083.1086990536,5097.816,6592.0,12319.722,916.0,2745.0,65.0,65658.0,14982.0,222.2,3618328.750959378,22.0,2007306.0,35593.93369280851,12990.35856005631,2667.736826722371,312.21644921943164,15.0,2396.338780485179,624.4437136009691,140.9209483395426,21.524753934155832,0.7513445163648047,136.3887958,1374822.0784248202,113574.00486347594,27342.334827516752,1233905.7388673571,1085779.839762452,117119.99986551049,85760.00017303039,43519.99987392403,933759.9998461526,362239.9996943161,1339998.0518428
13980.0,164693,29437.410999999996,29149.0,14005.851,23149.021,41317.445,18800.638,50977.314,34837.198000000004,21491.198,55252.666000000005,5683.499999999999,7990.836,31241.599,53507.53,30008.2103445463,16214.514000000001,26775.0,45217.166999999994,4491.0,4580.0,298.0,223193.0,59479.0,1108.0,12878734.131432634,131.0,2889970.0,118120.03923596059,36558.29229751299,8152.030518270087,1121.9909789624687,106.99713593069468,12757.354360907262,3916.9256044811514,975.5214437487426,104.61860149194757,10.38184719376781,971.7867808,2064556.0471141364,317733.4243870272,135589.63801502937,1611232.9847188462,3851171.19990914,576640.0000229157,478079.99999840086,92160.00003165436,4235519.999909387,615040.0000523046,687077.7535703
14010.0,171141,35083.905,24364.0,12322.152,23104.035,37137.597,17114.1,46550.352000000006,37308.738000000005,19681.215,58187.94,5305.371,7701.345,27229.704,58398.296,37005.6024179792,15926.808,33787.0,41615.208,5762.0,8224.0,472.0,71919.0,67550.0,661.7,13602428.605276776,139.0,14370269.0,102905.25253904414,31724.010250945277,8154.600709410319,640.9741773810201,71.00000001629815,23349.658443119377,5611.395519106919,1112.1795655011426,285.1790844734497,11.43188773825096,733.9397323,2123123.032621347,691192.5168493061,172529.04016617054,1259401.4755193011,3486349.440101586,705919.999892216,414079.9999235855,193279.99996819175,2954240.0000803214,1046399.9999457008,757262.8868297
14020.0,161227,28010.982,25029.0,11704.677,23623.95,42875.977,15831.685,48087.71400000001,38714.618,18314.311999999998,56192.028000000006,5019.295,7512.999000000001,32800.205,54943.629,30169.5608150753,18192.729,31016.0,46634.472,4333.0,6831.0,432.0,115701.0,58572.0,823.0999999999999,13347391.202855444,120.0,9099941.0,42600.41864938542,13344.349861822388,2591.7716214585507,136.99999998358552,25.000000052503328,13273.278320576177,3632.205058078553,594.2057359694337,27.931036443959787,2.8561858478368225,2425.434089,1529950.5889525125,123005.96788840162,1018398.0970296804,388546.5240090785,3483160.3201193945,221440.00001702,1992320.0001368695,239999.9999368218,2048640.0000453389,547839.9999869112,499072.4505163
14100.0,64926,11556.828,13208.0,5973.192,10647.864,16296.426,7206.786,21815.136,16750.908,9609.048,23373.36,2467.188,3441.078,14330.082,22759.542,12572.7276318,5900.621999999999,8445.0,17896.392,2701.0,2303.0,47.0,56176.0,25098.0,347.9,5077314.109914427,50.0,2877562.0,28916.69293241178,7150.301127381394,2745.116058669064,228.55611109948572,7.0,4577.1646242032675,834.9202606509915,252.59565995848072,23.442424633696778,1.0677931753919376,31386.43865,1334113.4887324243,131809.2736486959,553472.0063681374,648832.2086703143,2206026.879979115,235519.99997301152,1182720.0000113402,260480.0000252936,1217920.000016138,344319.9999989565,392462.4001362
14140.0,98521,14392.318000000001,22907.0,10483.046999999999,18658.227,27605.071000000004,15585.197,38962.117,29801.727,19010.427,40861.147000000004,4670.308,6049.602000000001,24922.156000000003,37521.292,15126.115205068201,11712.569,12498.0,32207.078,3153.0,5949.0,175.0,87309.0,31249.0,481.4,7130437.656553167,62.0,3625477.0,61142.37717295752,16917.75487446398,3561.2468489992175,279.40903079987044,62.99999997019768,4755.625294945144,1219.8592769883294,195.93204458871338,16.69327828848966,4.076976434358171,368.7547143,2182691.8064526063,320768.19227028795,694362.7763782908,1167560.8379802983,3596210.560028512,561920.0000073913,1926399.9999941953,145279.99998413768,2705279.999918221,361599.9999963648,829040.0834267
14180.0,38896,5678.816,6169.0,2839.408,9373.936000000002,10657.504,6845.696000000001,17814.368,15013.856000000002,8907.184,16686.384,2450.448,3306.16,10176.764,16507.192,5595.3524272516,5448.976000000001,4870.0,15745.938,1559.0,4386.0,53.0,47892.0,14599.0,1143.9,2792922.261165556,33.0,4246232.0,46360.6035117055,14441.092400776604,4326.254539976872,490.6526016727729,22.00000001583248,2222.405551533161,544.7808134370717,90.78566092222124,13.01134532445688,2.8779223258562605,201.3854773,1233926.508454589,203986.3073452881,679195.8044263703,350744.3967308844,1596739.8400539283,279679.9999530019,678400.0000074751,119679.99999411992,1061120.0000706676,316800.000072971,576356.1991589
14220.0,45025,7158.975,8718.0,3737.0750000000007,9320.175,12697.05,7969.425,19135.625,14903.275,9635.35,19405.775,2881.6,3647.025,12450.256,17988.789,8536.4793711015,6042.036,4558.0,18629.610999999997,1361.0,4317.0,74.0,38604.0,13317.0,688.4,3250091.538309252,27.0,1324812.0,16799.834864493707,3350.997987958813,28.00000002980232,10.0,3.0,932.3262146469302,129.3725751880351,1.9434028278394024,1.252790692801126,0.2954575971543606,1211.749117,1199951.4187389296,162052.4264629132,753532.8732693333,284366.1189837999,1556824.9600391025,444800.00006777234,1206399.999963848,142720.0000181768,468480.00009572646,296960.00000675104,428532.0509332
14260.0,811336,137266.588,119712.0,65652.872,102072.248,194022.847,76452.636,240883.27700000003,169325.543,94093.894,256249.74699999997,25220.17,38219.199,114166.136,240019.383,158985.3671571986,74172.697,137386.0,186126.647,21224.0,31558.0,2016.0,301229.0,276754.0,2027.0,61663594.1281358,-9485.0,51309858.0,221461.55582394658,49005.15354248857,9139.063224640035,1576.9771912522683,63.000000016298166,74537.27886450426,12400.81130660934,2206.515713154024,296.2913042890498,8.04377646326392,620433.4304,7269749.199181415,491078.3779965679,1130009.8213032505,5648661.000748732,13719293.44179437,835200.0003367569,3151359.9995683497,860160.0004593699,12328960.000062604,2533759.9982730644,7530453.9947745
14300.0,37125,6793.875,6720.0,3155.625,6311.25,8761.5,5049.0,12956.625,10395.0,6199.875,14070.375,1596.375,2264.625,7254.426,12749.115,7495.2024423897,3950.43,4098.0,10486.596,788.0,1226.0,36.0,59746.0,11118.0,236.5,2718758.072990394,12.0,1270513.0,23416.903752181825,5108.1047387943,1318.1533735613332,16.0,4.0,838.3261154812105,155.11462973766135,21.64416181254932,0.675283033771258,0.13523382688527,18110.44989,1208975.7889544629,287146.0792902772,625482.9675078755,296346.74208798783,1156474.2399987811,554879.9999734352,795519.9999613821,82559.99997074921,467199.9999322768,231680.000051314,570121.7265413
14380.0,55089,10852.533,9734.0,3966.408,6445.413,14323.14,5068.188,16967.412,10797.444,6445.413,16416.522,1873.026,2644.2720000000004,10893.113,18286.884,10248.8739445554,5813.423,8709.0,14561.778,1736.0,1229.0,240.0,54004.0,19392.0,334.7,4585743.2867014995,33.0,2814739.0,12191.85571406933,4181.698648958852,242.20187799146527,0.0,0.0,2087.287384115804,690.967616169421,38.02575188461817,0.0,0.0,406.5569066,1025227.1852569024,33827.40550878348,53320.65749288533,938079.1222232282,2224371.200002804,120319.9999952094,277759.9999737762,35199.99999581009,2755840.000002185,165759.9999816369,199957.5394738
14420.0,20215,3759.99,3677.0,1718.275,3113.11,4871.8150000000005,2769.455,6852.885,5417.62,3234.4,7580.625,828.815,1212.9,4011.338,7588.459,4169.9843770801,2439.886,3146.0,6471.901,613.0,1216.0,2.0,62536.0,7399.0,343.9,1521947.875831095,15.0,8931746.0,9259.924642565038,1054.3306830004724,144.9999999547726,19.0,11.0,729.1785441679548,94.61332944552,17.171594044971968,0.7872849819393212,0.0120939744021031,244.0631281,1367966.1392965054,126423.07092955594,271121.1722017143,970421.8961863182,2299978.2396730212,283519.99984117236,599040.0000513702,122239.99988561256,2055679.999981073,407040.00007696263,567936.6543254
14460.0,4900550,909607.914,806488.0,399391.444,514587.90900000004,1121095.754,436898.819,1315284.9000000001,940584.8130000001,513698.903,1308641.159,139373.832,217248.92200000002,637979.062,1196455.2920000001,1122852.6058344282,385822.002,1046095.0,1235140.5829999999,223592.0,208880.0,31638.0,649008.0,1661855.0,3026.4,394746167.2536627,3887.0,575762803.0,887682.866161385,264018.3162093558,68571.67600506791,9531.050650456807,362.971615681221,1178099.0250188115,281417.13759053417,52465.22711054922,9029.077343771218,640.160290558974,219190.7325,16318109.741325248,1063830.3346825703,2540205.424523623,12714073.9820656,60477570.55977124,1414400.0000095682,14465279.999976514,3297279.9999852004,58886399.999370806,8254719.999974659,2231094.2739913
14500.0,327468,67785.876,51081.0,25869.972,32091.864000000005,71060.556,21940.356,69750.68400000001,40933.5,27507.312,58944.24,7859.232,11461.38,36315.981,65107.029,60387.0917590863,20611.773,72741.0,47766.966,11887.0,11817.0,2578.0,88289.0,107901.0,416.6,27028403.60117079,290.0,34985000.0,60951.95116612509,15123.05756494185,2721.354002032973,62.50611013069278,7.999999970197678,40231.83118728643,9228.302263697133,1463.0579987415526,23.592323343707513,4.358706498332105,35406.93791,1749871.5631552066,90924.98969161896,306041.08209651854,1352905.4913498322,5690993.2800841015,176000.00001974002,846079.9999209895,351999.9999441221,5253759.999949213,1270400.0000272836,464871.5690498
14540.0,185682,26849.661,27205.0,14338.275,30459.815,49243.28,23740.569,67063.785,47220.451,29203.904000000002,69124.45300000001,7336.191,10644.897,42130.498,64788.952,26970.6011833552,21192.420000000002,28386.0,58672.641,5318.0,9679.0,415.0,195924.0,65394.0,1234.2,13768923.942534074,129.0,10685678.0,84621.96528118511,30534.86866385393,6784.9653170498805,1181.956861368407,20.0,15427.12816845158,5572.096775536498,932.3279393724943,123.88386377111813,1.7407431929884802,932.3452735,2557654.8901303164,413312.8250625384,1661354.7473282786,482987.31773179927,3474497.9200258236,819200.0000237307,2766079.9999730415,247040.00005699624,1527680.0001068464,363520.00000725547,1033601.3276551
14580.0,124857,31963.392000000003,15560.0,8739.99,14733.126000000002,29091.681,7741.134,28966.824,19103.121000000003,9489.132,28217.682,2996.568,4369.995,14483.944,26748.574,28558.619901673803,7008.36,27581.0,18338.542,3536.0,3344.0,436.0,70029.0,45131.0,386.2,9653453.614371348,108.0,9628476.0,101268.02356486168,28544.261206091214,5676.55204211851,416.00000003352784,48.0000000298023,15294.706033352337,2757.3353512637177,526.1820680939726,33.31567218923098,7.770710911910672,1013.221671,2388031.5562333423,217234.21303605675,1291009.8179342966,879787.5249516763,3924389.120118973,395520.0001031936,1697279.999969856,206720.0002427137,2510080.000166023,911359.999981598,1667173.3311062
14620.0,39866,7136.013999999999,8191.0,3867.001999999999,6378.56,9527.974,4704.188000000001,12836.852000000004,9687.438,6099.4980000000005,14311.894,1594.64,2033.1659999999997,9599.254,14318.215,8040.5970164358,3871.968,4971.0,11615.904,1685.0,1951.0,49.0,52359.0,13846.0,288.0,3101423.206815083,27.0,2322451.0,39975.75698743591,9685.5307408483,945.597692866032,157.00000002825982,21.0,2794.1145781596474,713.4383072036335,84.908780314052,16.82193340217088,0.6431614281446286,73721.42244,967392.5148125578,127822.2170178132,570401.1805555638,269169.1172597566,1030175.3601313956,248320.00002705705,792959.9999637034,55679.999996778206,453120.0000011851,143360.00000325651,626662.3926812999
14660.0,99222,19188.772,23523.0,10611.354,15315.736,22909.482,12203.18,30929.138000000003,22865.156,13644.036,37443.368,3555.7920000000004,4480.064,20202.396,30763.596,23638.5429656028,8040.611999999999,13826.0,21832.908,3638.0,4288.0,239.0,110484.0,33748.0,629.7,7537882.559333887,52.0,4817482.0,87190.03798666084,19243.657336801603,1492.391318123234,190.99999999423738,34.00000004458707,2868.4226404429533,579.8917168881418,43.80612502309846,5.487930411166913,0.8303853811526241,5902.2324,3659839.917207475,499174.8074397737,2412999.398798066,747665.711213707,4192374.4000666863,1005439.999905239,3409279.9997687177,357759.99988315,1553920.0000186989,524160.0000257821,1932654.0287171
14700.0,56821,9205.002,12803.0,5454.816,11534.663,13182.472,7841.298000000001,21989.727000000003,18012.257,11023.274,21819.264,2784.2290000000003,3693.365,12679.504,20309.648,9640.993299892,5554.296,7154.0,18794.84,3393.0,2873.0,46.0,44670.0,19327.0,343.3,4336083.027426696,60.0,3283835.0,22495.076355452435,5968.274353047329,1293.7741184558922,61.0000000247964,22.000000022817396,2104.9555388719978,609.9657184054943,173.8970238896605,7.068102551604273,2.3208613867101175,875.7197337,940666.886656025,150683.49736313702,111252.76759686676,678730.6215069597,1628842.880056329,259200.00000085213,355840.0000843921,55039.99996120939,1692800.000117547,207359.99999484053,404708.2948785
14710.0,45842,7930.666,10327.0,4859.252,5730.25,11918.92,3942.412,12698.234,8251.56,5271.83,11643.868,1421.102,2017.048,7562.7,9579.42,10341.4336311645,2899.0350000000003,5709.0,7814.79,1327.0,2167.0,329.0,59017.0,15083.0,191.8,3311451.7201503753,36.0,2755622.0,26917.194030220653,6768.214357445184,1689.922452606375,27.622600197792053,5.631796181201935,1609.7831904542352,436.9528182047422,126.27927229427804,2.845355006623552,0.5052879102448901,92.700737,,,,,,,,,,,
14720.0,37892,8354.665,5686.0,3048.5280000000002,4387.103,8376.646,2962.9030000000002,8360.735,5721.692000000001,3358.991,9124.43,1001.103,1402.004,5106.795,8606.291000000001,8072.893654313601,2711.1620000000003,9918.0,6676.7080000000005,2597.0,948.0,108.0,152597.0,15466.0,732.9,3555408.261892023,54.0,4094605.0,13345.562086926577,4438.197845376805,883.4068562606221,0.0,0.0,1939.8849880489056,802.5619248078372,333.05858717659993,0.0,0.0,6720.160771,579864.8106780505,70343.42647464611,50784.51934654769,458736.8650436714,1012242.559983904,58879.99993824096,108799.9999276724,31999.999925787848,1098879.999962858,174720.00004151612,389328.4463842
14740.0,277673,49425.794,51531.0,26378.935,25823.589000000004,73583.345,26101.262,71639.634,45816.045,29155.665,87744.668,7774.843999999999,11106.92,40099.689,85109.544,45595.541018972406,22095.747,51966.0,50738.382,9952.0,11411.0,1079.0,76814.0,87516.0,450.5,21861402.23355128,158.0,16019191.0,30917.211777687087,9410.772937677411,2016.6771847610753,0.0,0.0,12171.1839426589,3514.1325748669633,786.9601438044564,0.0,0.0,12847.40497,1364293.246984798,67268.39880332368,254711.6496665461,1042313.1984926432,3744853.119958418,90239.99999037752,965759.99999045,195839.999998279,3513600.0000251275,561279.9999957104,252875.3682186
14780.0,36159,5930.076,8160.0,3326.628,5568.486,7991.139,5351.532000000001,12691.809,10196.838,6363.984,13017.24,1554.8369999999998,2241.858,6367.237999999999,13199.499,7030.532813584799,4077.894,3955.0,10695.529,866.0,1685.0,26.0,62667.0,12507.0,181.1,2827089.8400223292,29.0,3145252.0,33406.67356073289,10800.825613431129,3478.3860376455327,135.8807862997055,21.0,3533.523843393045,893.2167749017682,238.23396501944256,21.6819321972892,2.585338569276384,531.643714,1045831.9623851246,197672.1538476166,421709.3773151479,426450.43127518945,1525983.9999835305,495360.00002222206,1231999.9999568772,81919.99996266748,719999.9999880429,142079.99998331256,386675.6672864
14820.0,33355,5003.25,10900.0,4002.6,3935.89,7404.81,4202.7300000000005,10706.955,7004.55,5003.25,10606.89,1200.78,1601.04,6934.098000000001,11073.858,6665.133980771,3277.31,4036.0,8796.99,868.0,1676.0,96.0,56880.0,11017.0,264.7,2794807.231757082,19.0,1993736.0,10443.87654039621,2459.6792297592174,35.17088837290793,0.0,0.0,917.886612210366,245.81777641737244,6.28066037906829,0.0,0.0,70.30936807,816332.5333550463,24081.46874626096,77216.479678318,715034.5849230966,1517285.1199620948,78080.00001186458,316160.00000945554,19200.000015451897,1779199.9999155644,100479.99998849595,242140.8001033
14940.0,66210,8403.474,8482.0,5324.830000000001,6795.585999999999,16515.288,6360.63,18542.786,13009.66,7164.331999999999,21054.780000000002,2005.1480000000001,2804.38,7000.2429999999995,20870.474000000002,6839.845632889301,5646.924,9335.0,13718.492999999999,1250.0,2027.0,278.0,143283.0,20369.0,238.2,4844639.843284997,43.0,3309623.0,103646.07809986809,32509.25324074562,10516.679441897577,719.0632905950772,63.0,4751.184937938353,1762.9702123638997,406.33565348007147,45.62822439266258,1.8319920460959938,639.4574608,,,,,,,,,,,
15020.0,34717,4686.795,6098.0,2777.36,7082.267999999999,7429.437999999999,5554.72,13852.083,11803.78,6978.117000000001,14963.027,1978.869,2707.926,6956.879999999999,12963.552,4746.2600601024,4072.32,5088.0,13336.848,1069.0,2501.0,41.0,44695.0,11700.0,576.8,2483949.289746624,29.0,1462628.0,33987.112510595216,9318.842398112349,2465.1605654214036,170.92404469854228,30.00000002980232,2095.70552938485,549.4093576175138,130.14773749609523,6.258646380873597,1.2906639962258468,142.8562429,880176.5810414419,126549.41210485398,547918.8184968319,205708.35042078223,813132.8000241201,163840.00004948062,626560.0000017101,64000.0000024179,371839.9999627138,83200.00000154204,375164.4675874
15060.0,23598,3256.5240000000003,8307.0,2855.3579999999997,4224.0419999999995,5805.108,3728.484,9722.376000000002,6489.45,5026.374000000001,7527.762,1274.292,1675.458,4241.51,6944.889999999999,5203.244342602,2027.535,2122.0,6222.435,774.0,667.0,106.0,48377.0,5677.0,104.7,1793781.891669055,14.0,901898.0,16022.184495836796,5389.230076712485,33.00000002607704,0.0,0.0,739.0023964294315,181.80989905200576,1.532673710043651,0.0,0.0,865.2657345,1612203.4065641756,58117.48504829622,225231.08605429291,1328854.835552873,1229988.4800711574,96640.00026933687,584960.0000335594,33919.999973005426,1060480.000097094,98560.00017113295,1042141.3864441
15100.0,35484,8693.58,4581.0,2200.0080000000003,3832.272,7274.22,2519.364,8800.032000000001,6848.412000000001,2661.3,12135.528,816.132,1277.4240000000002,5091.228999999999,11357.357,7881.6759246874,2812.637,6423.0,9577.207,811.0,1127.0,48.0,64542.0,14422.0,410.5,2882560.237261125,26.0,2674595.0,37840.67943040722,11591.748837638766,3137.3462908214965,71.75867815455422,13.0,3157.1388401094514,578.0613675360041,160.92636657939377,4.376787895163527,0.1997777662814201,502.6940807,1103065.9685152732,144017.25648921687,823107.8622145181,135940.8499834034,1002920.9600985586,152319.99995520894,328320.00004458014,284160.00010065833,434559.99998820206,209920.00002684345,507013.8385578
15180.0,425208,62930.78400000001,60281.0,22536.024,69734.112,88443.26400000001,87167.64,191343.6,175185.69600000005,98223.048,197296.512,36142.68,58253.496,68717.16,179003.96,85110.772054214,77624.94,50350.0,160340.04,17219.0,43250.0,301.0,44440.0,133812.0,490.8,33439572.23054144,290.0,14603267.0,110805.38550008002,30165.15525269923,5927.215611898309,548.0000000541331,62.00000010058284,43754.73719737494,12157.00271495071,2024.99170285663,109.28863731710324,6.136576677123799,4381.10742,2166401.1003823476,323353.31612605957,668679.2104310514,1174368.5738580725,5206735.3599390015,704000.0000130566,1438719.999960157,392960.0000091971,4047360.000013394,1154559.9999910693,570638.1709608
15220.0,38373,6676.902,7903.0,3491.943,6139.68,9056.028,5564.085,13737.534,11166.543,6676.902,14543.367,1726.785,2494.245,6849.206,13510.247,7552.3594799094,4403.061000000001,4705.0,11402.799,992.0,1941.0,71.0,48752.0,13598.0,340.7,2801814.078482883,34.0,1748284.0,37032.04238771316,10000.705886483296,1770.4074115098515,185.88029174418983,42.880291715264306,2464.0959456205455,561.0659175718192,84.99846544050479,8.319452521970632,1.2201385274483347,1021.969858,1295074.5673862025,198336.0983243446,639446.8194752822,457291.64957321464,2177444.4799538995,392319.99998087774,981119.9999605988,112000.00005123696,1432320.000126819,455679.99996054725,604436.3129912
15260.0,114442,16208.810000000001,25847.0,11125.752,17025.076,24109.854,16470.615,37973.734,31764.135,18967.698999999997,42054.577000000005,5167.642,7032.253999999999,25525.701,40120.113,20484.4122046858,13914.973,14461.0,39255.036,3322.0,7844.0,143.0,146639.0,41596.0,1629.6999999999998,9140323.346342443,104.0,6047448.0,70272.18306890524,20072.45138600823,4046.9152973108544,288.16166517595406,24.0,8734.5886152047,1879.004113322846,356.28569395948693,24.241026291069566,0.9044447039844319,33050.48949,1962916.725172408,275826.1072546005,1302539.5101381429,384551.1078136663,3539472.639884855,513919.9999073494,2589439.999856227,360320.00007067126,1428479.999907422,499200.0000099345,828225.6499678
15340.0,41522,6934.174,8938.0,4110.678,9467.016,11003.33,6477.432,16608.8,12996.386,8387.444,18228.158,2034.578,2740.452,10789.218,16121.82,7820.0501786858,4547.18,5207.0,12649.428,1749.0,2596.0,56.0,45952.0,15972.0,363.9,3111870.038041292,31.0,1625384.0,58142.52125318623,11289.715026383315,2916.9721508703124,390.8838391536846,67.88383915368468,9542.077853604857,1071.2102489002775,227.9515825502838,45.456257365729975,2.876932557204952,251.3697419,753656.1609448877,201387.98016864347,366996.1897038565,185271.99112886604,1172873.5999729934,320639.999990351,516479.9999929694,137599.99999381325,664320.0000117054,247680.00001063375,257137.1157462
15380.0,1161192,227278.664,214625.0,103028.416,168794.59999999998,261268.2,121711.576,337901.464,298954.896,152639.29600000003,380337.016,41485.24,57741.92800000001,205906.42099999997,357243.721,248348.2357874018,102224.571,206905.0,280365.777,51954.0,64485.0,3511.0,114547.0,432336.0,1047.4,87687793.35116264,917.0,84162605.0,257641.40851123148,61045.66999651262,18081.02148785389,1427.3912377795966,107.99999989452772,142379.17506239435,27836.933095974317,8974.659141398553,862.0238564806513,37.80683848587957,17265.39238,4824691.965079623,703680.9445274384,1269766.757357726,2851244.263212355,14103580.800013335,1111039.9999795014,3607679.9999399423,924159.999974572,12094719.999878677,2705919.999971673,1001628.7703144
15420.0,47849,7411.706,7025.0,3588.675,6925.689,10902.65,5497.1410000000005,17175.153,13506.657000000001,7246.7880000000005,17361.442,2043.663,3207.3109999999997,7469.8240000000005,15698.357,7236.6183383672,5304.3150000000005,5838.0,14166.267,902.0,2204.0,42.0,120613.0,16055.0,836.2,3527159.1904932912,27.0,3233424.0,62036.65921492699,19937.829856973778,5812.790723173937,309.8953836581204,23.0000000223517,2546.9060198478364,666.3865970951199,90.5785073637242,14.668942124765607,1.7853801086335566,104.6975969,2485265.539992874,235605.85392990295,46790.9563104717,2202868.729786331,1804119.68001752,239360.00016506345,112000.00030390352,51199.999999658234,1687040.0001851532,552960.0001415145,2126421.0877962
15460.0,44444,8341.18,10119.0,4300.756,7277.901,8625.513,5731.889,13796.093,12750.061000000002,6414.227999999999,16234.362000000001,1701.174,2164.067,9009.39,16505.152000000002,9978.6249072678,4368.464,6855.0,12369.94,1633.0,3307.0,91.0,113730.0,18124.0,873.0,3509080.9888785905,41.0,2849839.0,79085.9256751735,18693.65478144738,3800.438837479942,502.9999999865542,94.00000005427864,7653.553220005751,1802.1281511002476,435.04158921935016,88.81919448384585,27.27768557508777,610.2280705,1251220.7609992253,200134.18401293087,65274.19321696719,985812.3838092474,1776781.440003382,297600.00000280177,135679.99999088811,61439.99998374868,1568639.999998207,578560.0000296119,508740.7828493
15500.0,176353,29803.657,29790.0,13402.828,28921.891999999996,40208.484,22396.831,59960.02,46204.486,27687.421,65779.669,7935.885,11286.592,33241.124,64940.134,29103.6702282158,19876.136,24534.0,51403.8,5832.0,10193.0,270.0,53220.0,66012.0,602.3,13160119.386906397,128.0,7921983.0,50682.953246794794,14341.175787447795,2021.909767108029,620.376586062681,8.000000023283068,16726.29420322693,4243.682150658404,662.5557965323957,218.39537742669077,6.6785768951278,1114.610698,1154093.7057384783,102734.42600840075,121759.83517735332,929599.4445456148,2728915.8399981395,222719.99997667884,565119.9999817119,168320.00000082926,2502399.9999726503,514559.99999894015,270999.0439913
15540.0,227521,45639.062000000005,36540.0,18593.365999999998,27925.238999999998,60394.897000000004,16865.479,56047.692,39025.012,22661.356,57870.847,6818.141,9710.205,31094.243,55895.059,51513.7567375011,14958.693,43603.0,41443.424999999996,6071.0,7872.0,1278.0,223296.0,86064.0,916.0999999999999,17918989.29783578,-9859.0,17519554.0,78278.36433105504,18681.20526601874,3432.124816955563,122.9999999238644,17.0,18109.59012076617,3154.739070500083,567.9783589495797,17.998255637169226,1.3720435753676412,6455.318154,2140798.795701144,98278.55026516398,704849.8418913077,1337670.403600113,4081101.440002292,66560.00001619247,1900800.0000316473,184959.99997376133,3323519.9999429313,411520.0000176487,801592.8000584
15580.0,36068,8115.3,6891.0,3173.9840000000004,5374.1320000000005,9341.612,3426.46,11469.624000000002,8331.708,4688.84,10603.992,1298.448,1695.196,7071.18,11714.94,8607.082100394,2955.1200000000003,5082.0,7950.68,1142.0,1670.0,207.0,54324.0,12854.0,398.1,2682605.07590402,34.0,1964250.0,28669.116201133624,8334.608544246605,3061.819623004838,36.0,4.0,4227.508120173022,726.8586341596806,236.04109006787695,0.969282151556364,0.030111098161219,4520.449729,737770.5543510846,102921.9980020232,17675.408047257642,617173.1482964165,1379804.160021515,88320.00014308491,102400.00001657908,37759.99982908258,1070079.9999506462,560000.0000194578,459499.3207009
15620.0,49409,8517.331,10054.0,4937.130000000001,9342.204000000002,12481.493999999999,6054.553999999999,16206.285000000002,12755.328,7764.886,18904.664000000004,2139.8,2766.904,11365.67,18966.425000000003,10134.676920015601,4874.348,6265.0,13626.553,2148.0,2275.0,91.0,107580.0,16005.0,588.3,3786077.621171384,30.0,2129288.0,43353.1316921665,9484.694906425599,1481.9252316708444,32.0,7.0,1748.2582260006157,364.3784909668936,54.08391785181497,1.4843795068693053,0.4629726355055876,758.8008563,1780154.995590247,244071.3676545093,1236197.928858444,299885.6991759009,1817418.2400037427,423680.00010066497,1527680.0000047002,298879.9998955617,487039.99990947946,174720.00000229685,723000.3601146
15660.0,58954,9373.686,9178.0,4775.273999999999,11908.708,14148.96,8135.652000000001,21812.98,18570.51,10729.628,23640.554,3242.4700000000003,4480.504,12872.82,21983.72,9948.494556316,7288.72,7132.0,20514.22,1531.0,3327.0,36.0,54915.0,20744.0,388.2,4405204.40207788,39.0,3068130.0,41225.256806026984,10951.987234733904,2406.053808684038,530.7569679525332,48.000000038242405,4018.548262082262,971.5384078285794,181.48195401811415,40.95976328658172,1.67958341772243,301.7110206,716503.6377099375,95896.7982510559,450512.1820667725,170094.65737591317,1035759.360042774,217599.9999906776,922240.0000305682,79999.99997964526,435839.99996576714,49920.000000997316,228118.3527609
15700.0,32726,3959.846,7188.0,3043.5180000000005,5497.968000000001,7428.802,5039.804,11094.114,9817.8,5727.05,13548.563999999998,1636.3,2225.368,6275.041,11626.345,5549.2679232072,3949.772,3798.0,9683.312,1067.0,2673.0,86.0,54846.0,11243.0,676.5,2409053.678034287,24.0,1715375.0,12901.984293641888,2531.493717342539,305.9999999978789,10.0,3.0,863.5144563674795,154.80697803566585,8.993338672595495,0.3694623587808585,0.0916002072735968,132.6300752,598221.4944410718,21368.166083964046,188264.05452622272,388589.27394789446,759984.000016638,24320.000012540484,317440.0000180098,47360.000017931496,594560.0000326037,104320.00001281218,346081.7724009
15740.0,38098,6514.758000000001,7922.0,3657.408,9181.618,11086.518,5867.092000000001,15353.494,12381.85,7733.894,15810.67,1942.998,2552.5660000000003,10160.098,14580.904,7848.4126786767,4537.143,4353.0,12486.838,1588.0,2003.0,89.0,45808.0,14016.0,352.4,2906873.4046281674,36.0,2524695.0,28195.96072263971,9678.273245956758,3736.327988438534,254.79060158327965,0.0,1606.0586592473144,346.242391855317,103.9273596170101,8.728457339553323,0.0,73.54181701,1034710.5776238006,211428.4703653761,684445.9856906069,138836.1215582891,1344736.000031433,366720.0000295682,1173760.0000292193,129920.00000800044,394240.0000158348,168959.9999969532,334235.1648291
15820.0,37772,4943.787,7109.0,3452.6280000000006,8001.98,10350.196,5557.497,15413.648000000001,11538.174,7401.638999999999,14694.978000000001,1862.8609999999999,2527.715,9754.986,13946.76,5660.169789210299,4484.9220000000005,4562.0,13348.688999999998,1051.0,2306.0,84.0,89706.0,12257.0,637.0999999999999,2741833.5083979717,29.0,1220847.0,14820.914579462918,5049.139313155492,76.03434341773387,0.0,0.0,1327.885729643732,428.00739532133133,5.968682281296457,0.0,0.0,92.67599717,864439.8621914156,113157.08161120296,670698.4606794885,80584.31999109243,1012924.8000882596,328959.9999633303,1039360.0000069786,59520.00000532915,295040.0000255592,63359.99999771461,353539.6289522
15900.0,33021,6009.821999999999,7234.0,3136.995,6108.885,7396.703999999999,4457.835,10797.867000000002,8849.628,5547.528,13010.274,1518.966,1948.2390000000005,6872.759999999999,12802.2,7643.753170416,3369.0,4837.0,9567.96,1251.0,1301.0,19.0,48828.0,12510.0,247.5,2558394.15170604,16.0,1088766.0,36838.88901297891,8679.676319881879,883.8734403192061,173.1398625224829,30.0,1374.194409114705,234.82717617742532,20.03673086983447,2.533128595664796,0.522907134496142,3438.033595,,,,,,,,,,,
15940.0,399316,67005.11099999999,81333.0,38094.974,67726.611,94106.988,53855.48000000001,126825.379,98553.92000000001,63758.971999999994,152859.189,15041.282,20711.683,91186.862,143466.479,76559.6155968189,40856.90700000001,58287.0,111659.054,15994.0,23690.0,1170.0,109429.0,155006.0,618.9,30362149.028111536,354.0,23201615.0,129194.88084909478,27161.781818674895,4922.571203634204,405.7719565522856,77.79526487644762,47848.61842464947,8998.242989297587,1643.383430531411,98.95373036220046,21.2125837219415,5520.914625,2898414.8521003546,364682.96254887944,1005224.3973577636,1528507.4922436825,8773575.680038273,697600.000006318,2938880.0000003544,940159.9999458134,5468160.0000396725,2225919.999996578,620736.961117
15980.0,822453,129947.574,233231.0,96227.001,100339.266,163668.147,115143.42,273876.849,194098.908,134059.839,251670.618,33720.573,50169.633,136011.924,238020.867,180912.1487992767,81449.00099999999,87613.0,212716.323,25256.0,34675.0,990.0,66140.0,246433.0,407.0,65124697.57663273,428.0,46230892.0,130991.98815055718,35980.541705179545,9317.173151029514,1669.32713358741,7.0000000251457095,59137.578315966224,13703.17873247575,3484.026409577825,431.29547552686864,1.0524856852043956,23500.6788,4463718.33212459,471688.5562357322,416761.84775672585,3575267.9281215435,13959583.360106569,1011200.000027267,1556480.0000029593,860799.9999731804,13513599.999996642,3047040.000004184,500121.3758991
16020.0,98275,17388.754999999997,17947.0,8404.445000000002,19969.02,23335.560999999998,11744.497,35395.155,27163.551,15927.127,38681.387,4131.3769999999995,5527.461,21119.217999999997,33435.831000000006,18329.8333848738,9545.402,14540.0,29811.123,2571.0,4713.0,263.0,144276.0,35674.0,1597.9,7373021.338236662,-9912.0,5346859.0,81109.41946941745,18543.127945661323,3842.920855837055,408.73084299289656,88.0000000298023,5289.557580884811,1332.8652279451592,254.73217071378014,7.330071301381327,1.5357613121917992,1280.906007,2024851.9525378244,307637.29692018114,1268474.6623747742,448739.9931595228,2670478.0800028634,537600.0000562839,1768319.9999279126,168959.9999984027,1345919.9999800238,424319.9999639005,916357.1812883
16060.0,52617,9418.443,9509.0,3788.424,8681.805,12049.292999999998,6261.423000000001,17258.376,13943.505,7682.081999999999,18994.737,2367.765,3209.6369999999997,11278.325,21989.9,11958.3786341825,6687.65,10112.0,16605.774999999998,2105.0,3764.0,186.0,45608.0,18224.0,1052.0,4380309.591755975,38.0,3070100.0,73702.13712146113,17234.573190023977,2816.562594390247,505.00000013629307,94.0000000149012,6547.465612018969,1653.9137588617525,161.36964439398272,15.731782946763335,2.055375950037467,207.587866,2300185.14294185,436107.625213435,1194610.2289453438,669467.2886679216,4160815.359959589,726399.999988338,1877120.000091465,250239.99996541615,2488959.9998415234,998399.9999838636,862393.2507656
16100.0,60400,10388.8,8548.0,4046.8,10449.2,14677.2,7610.400000000001,22227.2,17636.8,9422.4,23616.4,2778.4,4409.2,9405.298,19978.956,10541.3996446598,6601.234,8777.0,16415.458000000002,2316.0,4058.0,74.0,66199.0,22081.0,663.7,4342718.541361991,39.0,10150676.0,63377.44117016931,19047.343670267222,3783.657595306618,97.99999995529647,17.000000029802326,3456.9416962106434,617.2712954011411,57.69181586917365,2.8838079412301147,0.2232095403449125,12301.47483,4217018.033590775,260897.42778697528,934746.3366668012,3021374.269207098,5478686.71954805,316800.0004362006,1552640.000193186,248959.99993078076,5067519.999092304,814079.9999134833,2672802.3753227
16140.0,20567,4339.637000000001,4238.0,2015.566,3414.1220000000003,3989.998,2488.607,5902.729,5388.554,2653.143,8514.738,699.278,904.948,3624.348,7169.04,4827.6894279894,1712.6039999999998,3128.0,5336.952,417.0,645.0,19.0,61701.0,8864.0,297.5,1586687.379939054,15.0,1758823.0,52481.09600248147,9925.076362359345,1603.6420590323398,267.0997105389834,86.0,3230.633362684208,472.8766049024453,63.04651017023912,11.730342529864425,5.247614554995657,98.93655578,810391.6307978085,112254.30722167784,54027.612385122906,644109.7112505637,874671.3600072376,131840.0000105793,71679.99998718809,60800.00000314189,582400.0000702498,377599.9999810382,364431.7519781
16220.0,79601,15283.392,13153.0,6527.281999999999,14089.377,20935.063,8517.306999999999,25870.325,22208.679,11144.14,30168.779,2865.6360000000004,3980.05,15597.295,25133.465,14973.919510872,6384.385,14873.0,21011.9,3181.0,4275.0,365.0,65901.0,33960.0,614.8,6188058.915866801,51.0,6405089.0,67773.83690969969,24791.49072882359,3874.680672528422,144.8848120570183,21.0,6238.764067885841,1265.219122266715,181.04599475750345,1.8833212350971045,0.4698727070612937,1842.242624,2812576.1209639306,224837.50285716695,1095432.4191077717,1492306.196980954,3057312.000669083,175359.99983747362,1007360.0002006834,168959.99945938258,2288639.999842502,689920.0001964747,3417869.4903045
16260.0,62429,7803.625,7798.0,4682.175,5618.61,15919.395,5868.326,17792.265,10675.359000000002,6555.045,19852.422,1935.299,2684.447,6306.354,18691.806,5598.409006313999,5624.586,8942.0,11590.056,1115.0,2904.0,177.0,52942.0,17650.0,264.4,4505943.448606417,50.0,2744457.0,79336.61299216592,21871.356706508068,6396.5633619381715,563.563362200799,35.00000000181531,9744.988842479488,2440.686228857972,763.4165268191323,48.933493436572135,0.6367905016437128,171.2971163,2612379.8996772226,197625.63511166163,147024.71067454596,2267729.553660528,2607638.3998472365,202879.99978272745,232319.99994338313,75520.00015668084,2522880.0000301003,694399.9999897487,2109609.9225132
16300.0,275592,59176.11699999999,47312.0,23818.64,38632.264,58063.269,31565.79,77634.817,65889.73500000002,29760.502000000004,103280.89099999999,8068.199999999999,10828.982999999998,44301.265,96672.897,65530.3245674551,23125.245000000003,52067.0,67590.212,8789.0,13906.0,570.0,203603.0,115863.0,1106.2,21832386.688078225,179.0,22130706.0,198060.94297173503,52137.56673211638,15587.770893239223,1190.6276093284491,226.00000003352764,28975.78169362468,8287.521822225655,2218.0023615399055,195.1116030202795,30.29956775273883,7678.122141,3579879.149680724,605184.0732520312,749726.349743251,2224968.72688096,6062204.800081114,872320.0000482755,1110399.9999925569,390400.00002336205,5024000.0000179885,1580159.9999184995,1285603.2396523
16340.0,43709,6556.35,6828.0,3540.4289999999996,8042.456,10009.361,5769.588,15560.404000000002,13549.79,7124.567000000001,18226.653,2098.0319999999997,2928.503,10024.56,14951.16,7507.031075964001,5440.68,4921.0,15251.04,1092.0,3291.0,29.0,51040.0,15133.0,624.2,3141080.23790232,33.0,1538041.0,29867.93689766246,6782.199396460776,1172.0944534550647,160.00000007508788,35.00000002945309,3221.842199431988,558.2058654461504,92.01052617498932,17.206370304927,7.405330886919664,111.0725796,582352.991363292,72549.77469185923,364139.9616798437,145663.25500361665,912352.6399593492,129919.99998212664,683519.9999646163,103040.00002784203,374399.9999887798,103680.0000021081,198608.7530139
16380.0,42348,8046.12,7807.0,4065.408,8003.772,10332.912,5632.284000000001,13974.84,11306.916,6775.68,15880.5,1566.8760000000002,2244.444,8956.458,14569.722,9244.7431292484,3962.304,6126.0,11763.089999999998,1265.0,1459.0,43.0,69588.0,18701.0,240.5,3238173.8201461136,32.0,2990730.0,19075.982176673504,2800.6225585064185,239.99999995529643,46.99999995157122,1.999999985098839,963.123287968017,88.6498057517493,11.044589102502536,1.9468285187433905,0.124255139340794,194.8951714,808539.7460413214,176562.6811538003,515599.6804477406,116377.38444968702,1112675.2000110818,350079.99996734364,533759.9999976119,186880.00000782716,531840.0000069318,215040.00000052687,295957.4575588
16460.0,36914,6496.8640000000005,7559.0,3580.658,6939.832000000001,8527.134,4909.562,12107.792,9929.866,6016.982000000001,14101.148,1661.13,2104.0980000000004,8075.81,13743.695,7966.774718009,3852.68,5412.0,10854.185,1591.0,2183.0,137.0,52019.0,13493.0,610.1,2727431.9581188504,23.0,1597000.0,60803.73663879143,17709.177918697977,4084.438351248349,500.9999998328276,75.9999999853317,5069.823210032832,1155.3471495106935,218.6234239539513,28.81750734909982,2.109079053031059,306.5854243,1004644.3692448796,238354.25636562495,557737.7017801743,208552.41113986095,1339292.1600113744,348160.00000260375,521600.0000078621,122879.9999831962,714879.9999580518,391679.9999996966,366416.0914968
16500.0,85370,14086.05,17766.0,8707.74,13232.35,23903.6,10159.03,28172.1,18354.55,12720.13,34574.85,3670.91,4695.35,15272.274,25946.444,13287.0112734165,8046.682000000001,10888.0,17981.871,3284.0,3379.0,389.0,54578.0,24607.0,377.9,6323972.742345784,49.0,5102733.0,76422.2323304091,20110.80966451215,3709.942033049403,508.6497421127133,42.99999999507195,11536.171451285529,2332.413880344258,585.9780311353928,88.78121747282046,7.0475760766698485,99367.54782,2642713.754688799,139563.68491743164,164718.21909059712,2338431.850606261,2284404.4798205206,214400.00012246709,348159.9999235702,74879.99992939946,2305280.0000008633,439680.0000089837,1537747.7066226
16540.0,156902,28556.164,31690.0,14905.69,29026.87,36715.068,18043.73,50836.248,40010.01,22436.986,61034.878,5648.472000000001,7845.1,32372.496,57274.416,29322.593971839,13696.056,19989.0,43578.36,5876.0,6913.0,196.0,57812.0,58824.0,299.9,12273175.977541955,101.0,7607028.0,64918.729797106,18313.903892998773,5045.55868822353,612.8744082199082,57.0,13009.140617393028,2979.201381676022,615.731037471997,68.04546564116609,8.159243560378048,31896.15515,1524844.9058037566,127522.88008746092,1114943.179940814,282378.84584057325,2693740.7999072913,183039.99995925507,2149759.999930513,349440.00000321737,992639.9999797784,248320.0000239001,494260.6702037
16580.0,236514,43282.497,34588.0,16382.682999999999,32593.345999999998,47751.086,22584.820000000003,61507.99800000001,53506.90499999999,25036.19,77790.12,7411.428000000001,11029.069,38844.276,85453.074,48526.787473449804,23666.947,47066.0,60362.686,7848.0,12402.0,695.0,192386.0,82726.0,1348.9,19058175.275089186,200.0,15503774.0,209705.1268097222,55605.322577645304,13506.478455945416,1320.7423878223628,239.99999998509878,39726.23334236164,9084.988686686596,1924.0818837165316,203.30069531507718,19.001553585110813,2616.17554,2643874.8149052844,1323966.2897125648,241222.3494894622,1078686.1759114454,3978626.5600951416,1200640.0000811336,553599.9999642475,273279.99999134376,3166080.0000562477,1224319.999951909,918572.5373265
16620.0,204297,32064.996000000003,44683.0,20534.148,41871.36899999999,56120.547000000006,33029.689,80687.579,65589.14199999999,41211.551,82833.747,9706.057999999999,12783.667000000001,50895.728,82039.504,31706.0346382028,24673.753,29593.0,64105.33099999999,8547.0,12364.0,410.0,133443.0,70725.0,870.7,14877975.730804853,-9805.0,13733240.0,90623.65074536909,27149.74318456594,8035.68200496026,414.64610063197324,28.000000026077032,20943.016873282177,6451.834158464634,1763.310933224993,155.48862658104713,7.625331590277481,1281.325352,4281048.76776879,454573.87920926075,1939336.3747513555,1887138.5138459285,6844055.03991649,839680.0000303611,3744640.0000671474,297600.00007153855,4900479.999780076,780159.9999400049,1693725.9116651
16660.0,46334,8710.792000000001,9138.0,3799.388,7598.776,11027.492,5421.0779999999995,14780.545999999998,11722.502,6764.764,17189.914,1853.36,2548.37,10378.898,18238.646,10941.8379603492,5038.3,8001.0,13704.176,1716.0,2363.0,204.0,46900.0,18331.0,705.2,3916825.765516832,44.0,3087923.0,35444.02029251897,10124.107710805354,2306.36427881431,133.12728727175272,18.000000029802326,3874.3241528759536,901.0176014269254,123.44920696789168,14.826817376615288,1.7014963250149713,268.7630428,1473895.7180194722,343540.18395716895,846117.1392244885,284238.39482622343,2009167.359879153,475519.9999953032,788479.9999921245,264319.9999963226,1113600.0000165843,476159.9999634027,546693.210861
16700.0,830529,166321.141,132157.0,65058.494999999995,102382.194,168168.637,93635.60599999999,211687.785,170224.125,97535.513,271103.855,26552.977,37753.075,140458.94400000002,273996.386,214695.6507023711,85764.252,161864.0,211830.791,23780.0,50622.0,2102.0,205750.0,315078.0,1940.1,64308624.087308235,601.0,57989022.0,306818.5614807943,79002.06295798719,18907.06921592724,2198.3321770742705,324.00000001769513,118061.16965241228,23635.421129692273,5244.440427058827,352.14635824121626,53.84094877403405,8568.514124,5399459.182966152,568860.8891537853,561058.9932646962,4269539.30066325,13137253.120112767,1256320.000025254,2890880.0001029414,651519.9999790186,13028480.00040439,1867519.999994164,1657696.546577
16740.0,2756069,504588.73699999996,383531.0,199192.442,386711.975,598657.374,308285.935,792325.618,593390.733,350310.915,941039.861,98746.769,138659.894,455127.481,858635.1869999999,520127.9460910253,275879.88,517576.0,667577.308,99767.0,158669.0,6735.0,698873.0,990578.0,6681.4,210546012.07570928,1973.0,232869916.0,701332.4169997176,226895.34076011067,41932.27806155432,5321.908955897699,154.99999986270814,254834.75216291833,73942.13617071843,14189.522760150245,1801.2119537347048,36.493393795781785,34197.42238,16109108.796455013,1801073.9202129385,2049075.7021959887,12258959.17392058,41893151.36009756,3685120.000084978,9592959.99997946,2117119.9999774843,41061119.99982945,5989759.999881534,3581869.8510149
16820.0,178452,30355.554,35603.0,17452.591,21483.946,42620.732,20971.691,50840.566,35607.787,22789.849000000002,58616.55,5137.776,7600.14,26756.408000000003,50984.181000000004,35864.5313455035,15239.298999999999,30047.0,42245.695,4667.0,6975.0,245.0,290109.0,60004.0,1286.8,14067275.314658534,96.0,2280750.0,150431.5852747154,40634.74032858746,7183.538942029274,725.1722336075227,113.9999999541325,19159.35529860523,4584.837245638044,936.9779181533983,56.26152671914212,10.059694172739212,3913.41493,2834412.204784091,405336.40408890235,287400.60913839657,2141675.1916060806,4540834.560022866,919679.9999541776,1105919.999940089,156800.00002622962,4757760.000089678,472959.9999725995,1052463.5005892
16860.0,574507,94257.728,106753.0,51508.655,100088.795,161969.281,75808.23300000001,195128.956,157401.063,87390.604,201665.359,20923.129,30584.502,116816.603,196591.168,105523.0604776936,64268.518000000004,96205.0,166536.43000000002,17666.0,30891.0,1025.0,315979.0,210357.0,2419.0,43689250.55277459,471.0,40205292.0,209573.98726257955,56359.09983179499,13619.947044768076,2132.4513179102823,124.00000008570346,48007.454547080066,11948.268331931396,2791.4163269479154,370.5822182734843,14.534154853738304,21321.20782,4618536.503653632,501308.7488504394,1978947.5905873943,2138280.1643282985,9825237.760069553,899200.0000424399,4942719.999951197,511359.9999737105,7090560.000083263,1287679.9999555382,1336933.4788204
16940.0,100723,16317.125999999998,17155.0,8158.562999999999,17122.91,22259.783000000003,9568.685,29713.285,23972.074,11583.145,34245.82,3223.1360000000004,4733.981000000001,16799.365,28870.765,18160.1154662455,8550.575,19482.0,25852.915,2595.0,4241.0,447.0,69450.0,40013.0,363.8,7841789.2325528255,63.0,7756815.0,140327.73401681692,39114.26136849534,10337.795527514854,858.1303640708795,110.1303639495746,29962.28090342083,3370.3265641006124,543.7984971703966,19.699717924311848,3.616186436907185,820.299127,1970941.6452024507,426160.5671782308,313263.3191962267,1231517.7589270442,2449176.9599025086,344319.99983181135,417279.9999433529,168320.00011598895,1833600.000380363,779520.0003136374,1718915.3140665
16980.0,9274140,1786868.756,1435662.0,655293.3589999999,1147832.23,1674939.73,1083133.8800000001,2358392.222,2022793.023,1132794.418,3107589.407,317318.42100000003,457717.93999999994,1345485.172,2839578.736,2073661.9183789098,945354.1599999999,1854353.0,2375085.268,462435.0,527217.0,26800.0,1036442.0,3110172.0,5012.4,731598431.4073659,7988.0,835923598.0,2625822.1241414277,666096.9039105528,130810.55111965032,21865.1625322233,2252.0000008011993,3360100.2352373158,650976.5277685073,105414.91726200521,17765.80769467855,2547.641416823371,264239.4571,34128428.87877613,3267017.2805979485,6631143.577193349,24230268.021167994,138958773.11954218,4597760.000050908,21921279.99993868,10779519.999987544,122238079.99943306,32024959.99967928,4604743.3188157
17020.0,207303,39802.176,39082.0,16998.845999999998,27156.693,51203.841,21974.118,67580.778,47057.780999999995,29229.723,62605.505999999994,8084.817,11608.968,31060.624,67439.848,42812.7278023928,20210.68,36852.0,49569.352000000006,8509.0,9391.0,1647.0,54718.0,69303.0,626.4,16512027.728182392,157.0,10971734.0,105851.3942058091,31480.389931878944,9107.655554519128,732.0000000926623,226.99999995564573,28634.10722558764,8798.176616560493,2911.917081736822,275.7849802945892,68.41153801890181,30390.26657,2655603.0832977877,235172.8134302666,199808.3902947982,2220621.8792860117,4150472.319907294,270719.9999989648,727679.9999868217,207359.99992092315,3969279.999962148,810239.9999327032,1047330.4233474
17060.0,76606,12180.354,13528.0,6741.328,18002.41,21373.074,11873.93,27807.978,23364.83,14172.11,32634.156000000003,3600.482,4826.178,20633.4,32325.66,14420.992669296,8941.140000000001,10297.0,25295.02,2839.0,3680.0,377.0,49543.0,25348.0,353.5,5664591.274237541,54.0,3531122.0,49354.307969189686,13754.425308257074,4136.914741493798,195.8165115006268,53.99999999627471,4728.746655693032,1053.2554329153625,290.85247427401043,17.662010308611976,4.176193697581147,598.6785436,966029.6931740472,300821.5330555649,529478.375560115,135729.78458659074,1019043.8400151808,416640.0000145914,672640.000027146,82559.99999096793,458879.99999586167,181759.99996702216,441070.1935938
17140.0,2258099,430869.44599999994,358448.0,186616.34900000002,391713.554,580241.3690000001,293852.625,755279.959,574654.3350000001,342953.27900000004,843791.894,82589.664,119550.63999999998,458382.559,758177.499,438699.345042267,228719.90399999998,396264.0,612220.021,78642.0,134698.0,6210.0,1003291.0,869472.0,4729.1,171120348.3955639,-28287.0,186550458.0,692574.5017309615,179514.4629350084,41594.392342184474,6364.296483677905,406.00000010858633,293778.0681710617,66274.33018115695,16858.19932453354,2580.012657254723,236.22800621497916,56549.75605,12263285.68815211,1567915.5375712847,5327431.653809525,5367938.4966939045,30811066.239701983,2540800.000095448,12533120.00002098,2450559.9999735225,22585599.99984369,4936319.999935256,2909518.0019143
17220.0,88955,12616.757,18889.0,9074.849,18208.697,25067.399,14023.112,35181.320999999996,28108.220999999998,17144.155,36275.003000000004,4084.192,5158.857,22198.472,33757.504,14006.7435534573,10681.391,12121.0,29285.877999999997,3527.0,4618.0,182.0,156107.0,33497.0,980.6,6963017.481301042,-9930.0,7533325.0,39879.68927913907,9442.856116011586,2189.5774790974992,90.87744462734557,9.00000000745058,4134.629159296027,950.4369636638887,278.52238612437696,16.60865317806482,2.101486997819217,219.1976662,1764612.9983606108,172083.08693309725,1125401.8606596724,467128.0508916949,2989157.1200518515,286719.99998913263,2235519.999991223,179199.99996229383,1395840.000035409,387840.00001057703,581428.3731793
17260.0,20197,2161.079,3507.0,1232.017,4685.704,3938.415,4382.749,9452.196,8583.725,5655.16,9654.166,2039.897,2666.004,5175.36,10544.796,2467.5685997868,4010.904,3317.0,10221.336,1048.0,3789.0,115.0,30047.0,5932.0,1604.6,1478949.102927684,16.0,835163.0,12307.098776068964,2899.8720954227424,118.70314517617226,0.0,0.0,634.1914631952707,32.97652087814244,0.7675045544226144,0.0,0.0,56.64433536,630856.4451390225,127233.3474851056,323085.7658807195,180537.3316768473,744152.9599415762,172160.00002459588,378879.9999780173,58239.99998949331,399999.9999706878,166399.99997043418,353585.0827455
17300.0,336605,55337.780000000006,36640.0,21374.783000000003,63506.583,98984.36399999999,40059.091,118116.34400000001,91258.303,48231.567,139116.179,12513.396999999999,19012.564,66923.059,118911.506,47036.2144639634,39467.534,64351.0,95045.49599999998,9271.0,21588.0,829.0,213009.0,116028.0,2455.6,23477316.117959537,210.0,16535927.0,113139.50823488837,38586.23702087417,7976.710669961874,647.2591792362623,33.99999997270061,19820.92955847879,6079.044876150753,1143.8272639624663,117.52879591846846,3.48831835405678,2069.286144,3802916.309080895,510765.91252657113,1807119.2703611087,1485031.126246442,5953762.560088705,839040.0000256271,3114880.0000430625,302080.0000156534,4092800.000051548,844160.0000689421,1381097.2281912
17340.0,68191,11319.706000000002,15131.0,7091.8640000000005,9001.212,15615.739,8592.066,23798.659,16093.076,11387.897,20593.682,3136.786,4432.415,10639.035,20826.717,11971.4907559551,6770.295,7564.0,17215.893,2700.0,3599.0,259.0,52345.0,16021.0,427.1,4824859.241494983,35.0,2311614.0,30681.634698513193,10967.07388636369,2966.2046039368315,0.0,0.0,2908.262591138586,1003.443643541106,381.18472800802806,0.0,0.0,1455.269155,1920698.0866132996,121600.46433440984,1043117.6450299844,755979.9773048675,2485034.8801492197,184959.9999412448,1452159.9999906097,136959.99995345925,1492480.000046429,384000.0001574874,804149.6848953
17380.0,29370,3583.14,5138.0,1967.79,4787.31,5404.08,5169.120000000001,11454.3,9721.47,6138.33,13275.24,1938.42,2643.3,6751.808,13895.462,3707.8795271406,5214.566,4945.0,13774.894,1006.0,3611.0,24.0,36034.0,8835.0,1230.9,2101722.9842257183,23.0,1296511.0,14827.751237137478,4071.552605931726,135.4606026858092,0.0,0.0,826.4785536079725,136.97804153097246,3.804275054086131,0.0,0.0,127.6210234,1008519.3178398352,148685.13604648024,581786.0360416557,278048.145871724,1097975.0400466172,177280.0000727481,583039.9999923927,131199.99999528166,542079.9999642472,216319.99995478135,561050.8186986
17410.0,2160146,391294.91500000004,417471.0,191100.73200000002,369842.017,524772.692,287177.14200000005,695685.187,535150.53,335787.654,824456.5920000001,83753.607,117649.39700000001,455465.80899999995,786201.7379999999,400604.8614596269,229502.891,361396.0,610011.547,100449.0,141562.0,7247.0,400201.0,812857.0,2548.9,165344148.2532351,1839.0,167866407.0,609307.3432334996,153084.6754443524,39262.080140280064,4198.586284343923,493.9999999660123,359737.7809241153,76000.85430140705,18512.472090877833,2295.129334261608,276.19034178895487,41768.94563,,,,,,,,,,,
17420.0,128479,19089.782000000003,22970.0,11852.356,23045.127,39129.068,17534.282,45379.172,33448.488,20696.779000000002,49835.427,4857.463,7152.222,28095.299,50016.213,17492.9472224642,14932.309000000001,17483.0,40936.285,4012.0,6807.0,128.0,97986.0,46454.0,675.5,9527247.512070969,94.0,6489217.0,42388.17959759224,12841.149500688065,2499.191787485571,277.45781997818267,14.0,8382.497797483631,2286.1892585483993,530.1594739324744,52.66191529902964,2.317738306040578,313.9526645,1536176.9094207366,126145.599135992,964615.188367152,445416.12195081654,2673554.5600229497,245759.9999906392,2009600.000000448,165760.00002729634,1374080.000051578,250880.00000968945,488544.3440824
17500.0,53793,8386.685000000001,10145.0,4023.5899999999997,10134.538,11283.553,8628.333999999999,22138.854000000003,19303.733,10694.445,20718.782,3542.3840000000005,5499.34,12640.711,23263.554,10653.845748825901,8823.821,5733.0,23078.104,1546.0,4440.0,15.0,90980.0,13786.0,874.1,4522815.599690763,-9978.0,2147623.0,35386.08927815117,10344.530073823064,2376.96681236891,21.0,1.0,2124.794217045317,705.4008582211779,136.58697221070133,0.41557401991139703,0.0060108627422219,321.0119816,920685.898718224,121300.81670014837,480421.7448554665,318963.33757293434,1530476.800011759,138880.00006193048,611840.0000264295,190079.99984295524,738559.9999093614,439680.00006721634,739970.4206031
17540.0,46344,9732.24,9480.0,4495.368,7693.104,8805.36,5561.28,13810.512,12744.6,6210.096,18769.32,1761.072,2224.5119999999997,9417.576,16840.296,10957.3289898072,4500.024,6580.0,13685.64,1480.0,3213.0,76.0,56017.0,17256.0,486.8,3589044.1779874805,31.0,2833190.0,79170.0423472652,17796.989887583484,5367.282602049816,617.1816501906133,109.00000000093132,8465.172764348565,1359.44326371464,319.2947274922548,39.773518857807154,11.93557345969886,341.72404,1004138.5893214892,173307.37348215783,57276.71290907268,773554.5030362867,1229800.9600220404,193919.9999654788,109440.00002113442,68480.00001315947,973440.0000416252,439040.0000041477,444735.1822557
17580.0,66466,11556.208,9174.0,4225.226,10416.228,14716.402,7159.0,21601.056,16806.233999999997,9447.442,22200.826,3009.904,4491.09,11866.382,23065.907,11308.7643226242,7941.224,11369.0,20240.907,1715.0,5023.0,354.0,100215.0,24339.0,1870.7,5112853.326581359,39.0,4838709.0,106154.47103158114,22372.732507337576,2826.6427406669923,454.0000000332153,86.9999999954598,9130.6823339073,1308.6765683286976,69.84087916260214,8.686096610565,1.6920297793928316,437.9300798,1709966.0569843356,175798.9211551088,1264822.4226864448,269344.7131488515,1960846.0798546872,237440.0001621433,849279.999838247,456320.00013453065,728960.0000493356,451839.99981689744,899508.6215612
17650.0,30518,4913.398,7346.0,3234.908,4058.894,6591.888000000001,3112.836,8789.184000000001,6774.996,3906.304,9918.35,976.576,1403.828,4516.974,8066.025000000001,6014.0217373173,2023.839,4895.0,6570.144,831.0,1121.0,116.0,63093.0,10848.0,236.3,2361017.377264392,17.0,1896405.0,47742.34709777351,9817.96514988915,751.9877928046026,90.0000000061682,9.0,2761.5559234979128,728.0014688064775,162.01287243689472,18.896237427244856,1.1662808065786188,2438964.606,,,,,,,,,,,
17660.0,183578,31024.681999999997,33680.0,16705.598,23681.562,41121.472,18174.222,57092.758,39102.114,24232.296,63150.832,6058.0740000000005,8444.588,29689.271999999997,52212.168,33683.376246024,14844.636,27574.0,39073.812,5632.0,6381.0,352.0,66959.0,58717.0,348.8,13503947.072343756,124.0,9635323.0,106890.85771399424,23953.727730235067,5595.518276664651,497.6230150516567,54.000000014901175,19703.33752399834,3524.8097082577033,924.8667317665504,80.2685698981084,4.221687296853751,2350644.932,2578022.2554836124,168154.004320272,172407.8476310445,2237460.403909063,3920780.159977619,196480.00013949553,518399.99998575554,205439.9999890498,3742080.000050776,873600.0000702437,792161.5438476
17740.0,44531,7614.801000000001,8299.0,4141.383000000001,8683.545,11088.219,5610.906,15051.478,12691.335,7258.553000000001,17723.338,2003.895,2627.329,10030.944,16501.12,8923.833656713601,4429.248,5259.0,12896.928,1591.0,2083.0,67.0,51757.0,14768.0,257.4,3319223.261814592,23.0,1760750.0,28600.963128623924,6201.793772030238,1609.923178481636,19.0,0.0,1927.0659290221397,402.855987302229,48.462288778427464,0.726200405972113,0.0,237.1336967,875905.7298965972,178376.39278226296,559675.4073596265,137853.929685051,1043601.2800132188,304640.0000295401,766720.0000340218,118399.99997859716,437120.00002028304,122240.00002154308,324097.7227721
17780.0,277824,51616.494,30607.0,15531.308,35344.608,66650.815,29046.069,82261.372,64210.941000000006,33165.137,93030.218,9931.707,15506.844,44700.729999999996,92198.45700000001,48062.553494305095,33593.929000000004,47651.0,76823.88699999999,7222.0,15897.0,268.0,173624.0,96211.0,1147.4,21326067.907401867,223.0,18443492.0,205199.93994969322,53210.45076170411,15197.047273510674,1496.5238832241644,233.8225540007624,46318.46193011552,10753.141115996985,2119.14499760011,178.17718120041306,11.257036250840258,32805.58177,3520581.3716772073,616053.6432281632,774207.1552489367,2130320.573224644,5472556.159938253,1376640.0000029618,1892480.0000006168,319360.00015078485,4255999.999836484,1052160.0000844828,1344149.655284
17820.0,765424,127284.09700000002,104891.0,60498.49599999999,99231.693,186142.031,63927.90400000001,206515.338,139898.593,78470.96,211997.59100000001,22247.01,32888.375,107096.19600000001,185367.807,133467.3163274858,54877.073,157520.0,147612.768,26004.0,38883.0,2811.0,135304.0,274194.0,703.3,58957473.8807944,515.0,48374609.0,198648.80055053814,48278.46354551077,12184.327616031038,1950.265215961575,105.99999997019768,97538.04401512245,19632.063995312335,4424.1287072627065,356.72436313335436,14.173028741603009,2660735.546,6234851.445453507,508871.3243031717,1427815.5823166675,4298164.538809026,19469980.80017323,798080.0001092865,4160640.000068735,969600.000066337,18581760.00011842,3331200.000007958,1717652.9656659
17860.0,214630,44854.11,29620.0,15385.378,29401.104,51239.126000000004,19850.152000000002,60428.056000000004,44043.95199999999,24481.02,68388.654,6188.942000000001,8808.214,38938.144,71024.19200000001,39920.2625431814,19568.745,42769.0,62461.941999999995,4671.0,8709.0,739.0,167084.0,81511.0,1304.2,16573815.552752618,-9837.0,12608542.0,92178.71988811244,24852.51051394591,8186.543688345924,696.1868216688781,39.0,14822.18909522759,4144.851492799895,1084.247078086886,92.1193198877182,2.6145068719887368,3241.084833,2716773.4499660907,442422.4219085925,1199263.7158174927,1075087.3123838273,4264502.399942562,708480.0000602859,1734399.9999638358,209920.0000325207,3292799.9999294505,701440.0000520828,1097002.835501
17900.0,847686,149286.82,134167.0,62696.36200000001,124073.02999999998,170894.713,104953.70000000001,256497.432,206622.362,115029.355,303995.465,32605.475000000006,46278.363,149100.41,282979.56299999997,187961.74188794158,95395.78300000001,147532.0,226967.783,21313.0,58350.0,2133.0,323070.0,317738.0,3803.6,65261738.08624928,630.0,54043297.0,309213.48292209435,77924.46067599271,19397.432769553652,1511.5352313871967,117.00000002381043,70612.58739037222,19371.398494113328,5000.496439466242,344.7172218856822,20.331439943104918,3075.765014,7673715.850030141,1005628.9790108708,706766.4844605891,5961320.386580885,14685388.159989042,1928960.0000716276,2988800.0000446136,687999.9999719895,14775679.999933114,2148479.9999472974,2370084.1568873
17980.0,324110,46193.616,48432.0,22266.991,56497.412,70810.52900000001,49867.321,116738.487,100222.338,55984.18000000001,134712.47799999997,16884.540999999997,23327.234,66765.226,120678.25099999999,53013.336906564306,43800.964,57696.0,107455.581,8641.0,29424.0,685.0,350197.0,109974.0,4638.9,24003163.533391852,-19693.0,17284385.0,142480.26917450828,37202.21227210993,6754.163896041575,352.8041758181936,57.00000002980236,26686.327483964287,6466.685866851348,1702.9818239526733,41.05854466065486,3.226912584525973,7047.255179,3924561.943172867,727281.6553443059,1929339.5686846424,1267940.7190441608,6379001.600004745,1073279.999849623,3589119.999913376,565760.0000587709,3815679.999982238,874240.0001139364,1783227.6989833
18020.0,83540,12781.62,14254.0,7100.900000000001,13199.32,19047.12,9857.72,25062.0,21720.4,11444.98,28570.680000000004,2923.9,3926.38,16213.824,30400.92,14245.4942757072,8698.041,14768.0,24405.182999999997,2827.0,4306.0,138.0,70545.0,32281.0,337.8,6584912.520061095,67.0,7875528.0,50658.01195291862,14869.463283086,3121.3284146007622,440.3403247146347,9.0,11210.588734658077,2934.9411990239414,668.8526415094619,106.26238531240604,0.4640040155940231,1350.293593,872954.4895252463,95732.82790326004,528519.2268613862,248702.4348125145,1936898.559995941,165119.99998818195,908800.0000362962,204159.99998608677,1146880.0000359,361599.99997926934,260445.7771027
18060.0,67593,9233.25,11523.0,4786.776,12120.822,13188.288,10876.515,25545.891000000003,22960.356,12988.899000000001,29760.258,3774.576,5419.125,13837.131,28422.958000000002,9109.8346285799,9213.908000000001,10188.0,27561.665999999997,2514.0,7653.0,157.0,83740.0,24649.0,1982.3,5018155.065123695,54.0,3993287.0,82939.85993355315,19661.597034352937,4515.496150427747,702.9999999983697,195.0000000207215,4373.217580780499,893.6424713350391,193.0916226934164,12.399000015959928,3.69209712739374,937.1831327,911733.668298278,128504.86957411194,473377.66475201846,309851.1340243075,1560497.9200364177,179840.00000713137,1024000.0000068772,111359.9999541557,789760.0000286509,239360.00002563212,323476.7619447
18100.0,44740,8715.268,7475.0,3646.24,6886.996000000001,7195.66,5274.9439999999995,13052.364000000001,13061.255999999998,6022.116,16367.5,1670.34,2535.36,6739.264999999999,16259.297999999999,8816.5589487702,4492.955,5745.0,13489.452,814.0,2019.0,74.0,126200.0,17426.0,641.0,3510120.307263245,32.0,4326823.0,96096.1179732352,22570.599784776492,4514.18430041789,639.1145057717804,119.0,11698.41642198846,1764.8895071631912,321.0989362030788,75.00097258586189,29.28545613371892,385.6417647,1096944.135187892,117203.64071937752,58845.11118040776,920895.3832070826,1734956.799984472,179839.999993252,148479.99997508028,75519.99992948335,1521919.9999917974,545279.9999874505,431414.4983967
18140.0,2161511,405793.33200000005,299642.0,160915.27599999998,346639.516,529920.4859999999,258284.85600000003,645468.474,512195.14400000003,290178.126,792335.704,70868.488,105010.28300000001,434829.762,762288.23,414883.8174936121,226236.03100000002,434657.0,592618.651,77849.0,125314.0,5874.0,728524.0,840036.0,3737.5,165348945.82708684,1784.0,170396036.0,549372.3202381551,139755.89376610747,40134.64758222309,5807.017897808132,360.1161606017267,270305.95320108836,60707.9446211189,17952.316001686275,3764.190707377416,145.36377482730208,41096.83534,11934003.628207838,2115990.15144124,4637709.180159685,5180304.296638726,32607863.679893263,3026560.00009985,9757440.000072986,2572799.999967535,26953599.99997968,5548800.00005229,3069743.5538369
18180.0,156020,27303.5,29474.0,14665.88,18254.34,39317.04,15133.94,43061.52,30891.96,17162.2,47898.14,4524.58,6396.82,24266.898,45939.222,31206.7900098774,10683.54,25297.0,32203.242,4800.0,5194.0,691.0,81132.0,63029.0,218.6,12129269.84639964,102.0,12157411.0,46952.96850278693,16653.27621167923,4510.671840616944,22.68262760341168,4.0,6516.679935097352,2331.3916532771555,628.5298205185071,2.53398716274154,0.1876794087844312,6491.92218,1659068.2277871885,150835.22089014307,353326.94229663163,1154906.06463745,2853479.040001163,153600.00001798142,916480.000022176,124160.00004342909,2720640.0000263136,303360.0000125135,597031.4208856
18220.0,23349,3572.3970000000004,4812.0,2124.759,5860.599,5837.25,3619.095,9269.553,8312.244,4763.196,9573.09,1307.544,1681.1280000000002,5974.812,8744.744,3887.9169641584,2632.58,2645.0,8218.228,843.0,1862.0,21.0,53616.0,8644.0,342.0,1656127.072966104,19.0,658669.0,8607.515283080735,2273.6234788036427,172.99999998696154,28.99999991059303,2.0,1578.6580743491788,296.5645686709572,11.252017633744597,2.579228062588708,0.020722773714183,104.7622999,337398.8551266284,20446.370482345817,249096.04173981072,67856.44287071942,519852.1600145399,37120.00000185186,245760.00002021177,57599.99997741938,270720.00002800213,117760.0000042746,137610.3742481
18260.0,145479,22183.304000000004,27236.0,13205.868,30122.563000000002,47029.794,19699.216,54800.167,43114.705,25397.683,54578.7,6380.263,8952.47,35299.087999999996,53370.496,21323.9495383573,17002.908,17170.0,48431.896,4157.0,7666.0,211.0,179877.0,50925.0,1487.4,10731793.233357228,95.0,6519199.0,61138.04998650216,18032.72557518872,4216.047507979363,387.7078386724898,2.00000002980232,5871.152619279422,1712.4585929669013,358.7628046690542,31.735290519861547,0.238805397386871,715.9296397,2081413.571880581,176515.1037223917,1502626.7780956351,402271.689998359,3093593.5999359805,382719.999996085,2669439.999998884,154239.9999347505,1311359.9999955422,284159.9999794554,731644.2257559
18300.0,64990,10333.41,17779.0,7278.88,9293.57,16052.53,8643.67,21381.71,14102.83,10333.41,19951.93,2794.57,3704.43,13201.044,21937.029,13438.9578482756,6147.545,7720.0,17989.658000000003,2290.0,2338.0,303.0,50848.0,19494.0,195.4,5012287.356788902,38.0,3002596.0,94126.39631949084,15209.593644760414,2330.1552614252505,303.99999997218424,41.00000001117587,12786.887040740005,3996.8940979277327,1193.0986339154942,65.9148211216948,7.0149833111137445,2032.684119,2345649.960200837,96097.45333477428,199125.57528701963,2050426.931504709,2578709.7598416745,255359.9999626739,477440.0001407603,61439.99997166315,2531839.999929072,510079.9999659708,1021462.9439138
18340.0,149462,19185.983,25032.0,13079.579000000002,33692.037,43106.223,22348.251000000004,63323.693,46602.406,30735.267,62097.576,8483.821,11170.834,42815.086,55535.915,20618.9794046586,19653.092,18110.0,57805.042,3977.0,9494.0,669.0,143736.0,42133.0,1545.3,10758769.561541852,105.0,5071662.0,85656.24274791498,30933.779974919365,5955.119013600737,580.7620748483607,17.99999999068677,7814.827863513345,2798.521286586482,681.0120299275422,61.33439438857958,1.07875327022197,182.5548229,,,,,,,,,,,
18380.0,19708,2542.3320000000003,4444.0,1655.4720000000002,3547.44,4158.388000000001,3212.4040000000005,7567.871999999999,6326.268000000001,3843.06,8730.643999999998,1162.7720000000002,1556.9320000000002,5662.738,9540.722,3141.1715151054,3459.338,2443.0,8681.396,748.0,3312.0,11.0,36871.0,6834.0,670.5,1609860.690493666,23.0,1247959.0,43571.95056469189,10808.32523536399,2588.405816182496,318.1563173066828,17.99999998509884,4903.479667811594,806.2385891605664,143.72078129862587,14.63755300967113,1.4427717923411083,132.5160464,516778.62359711097,114158.5189181145,307236.8005810837,95383.30412123248,694808.9600444846,183039.9999950304,368000.0000399603,122240.0000179166,218880.00001524537,181119.9999975748,174511.1162586
18420.0,34204,5062.192,7043.0,3009.952,6225.128,7661.696,5062.192,13407.968,11560.952,6772.392000000001,14502.496,1778.6080000000002,2462.688,8115.58,14903.156,5629.100434848499,4168.457,4865.0,14755.6,961.0,2544.0,104.0,46368.0,12659.0,395.1,2709963.4558501663,31.0,1524511.0,31943.235346232577,8318.6452457881,2011.6813408956064,223.000000042608,38.99999993667006,2787.3452158212954,570.974128560043,132.67326473098154,18.452252527351128,2.789979438113696,55.4954353,666513.015791549,119639.19203990063,330197.08296661923,216676.7407752931,938377.6000177518,206720.00002970448,611199.9999921835,65920.00004883997,441599.9999990666,170240.0000005053,256022.8810767
18460.0,47475,6978.825,8675.0,4272.75,8023.274999999999,11441.475,6124.275000000001,16711.200000000004,14384.925,7643.475000000001,17138.475,2136.375,3133.35,9439.635,14919.228,8704.3169818599,5111.217,4636.0,15655.98,1016.0,1649.0,20.0,61071.0,15386.0,302.2,3537892.066173657,30.0,1780329.0,16736.36043433289,4343.809583223397,480.99834338404173,24.61846768786199,6.0,1786.5738736108085,426.0005194585143,40.105874543687186,3.2192695943302905,0.8618007035563491,129.4630076,734345.1340623042,81375.44621495267,495445.1856768135,157524.50212283363,1381946.2399338232,242559.9999740021,1339520.000020953,103040.00001457988,499200.0000061922,52480.00000589741,177165.81235300002
18500.0,92599,17038.216,19364.0,9074.702,13797.251000000002,21297.77,10093.291,27131.507,22964.552000000003,12871.261,33428.239,3426.163,4629.95,20067.284,31142.153,18927.7420559606,8613.787,14116.0,26598.617,3430.0,4835.0,199.0,54794.0,33925.0,316.6,7402554.577097504,54.0,5426925.0,68299.82596076775,21974.07051599078,9614.482905307215,184.00000004377225,14.0,5989.522360863587,1769.9663319315796,620.6762587238799,20.25646969704367,0.8138439834300205,5154.900545,2356412.9383678604,458972.6737141452,88041.57321151742,1809398.691283926,2481859.2000215794,641279.9999062713,276480.0000586653,45439.999925488,2741119.99999339,423680.0000053651,889935.663908
18580.0,446572,86348.172,72727.0,29651.296,72174.38,108128.482,73249.46800000001,177594.442,152552.78,82140.22200000001,193332.918,23598.362,39282.632,74119.004,184670.30399999997,97495.2888860051,64980.383,67718.0,149003.388,18453.0,38007.0,514.0,164132.0,165064.0,1555.8,34962351.3148093,373.0,30313827.0,167310.79815666162,48381.34783564598,13168.505499367438,717.6782597109977,76.99999998207198,50147.25348387436,16563.99700454001,3283.7243593751245,251.5743625742876,6.639913725852573,9431.232178,3395988.7353342585,740822.7454344253,645905.384955597,2009260.6050654575,7459065.600013171,1400960.0001236182,1507199.999953059,503039.99999686977,6409600.000018665,1675519.9999425192,980287.1614525
18620.0,54636,9233.484,8702.0,4261.608,9452.028,12948.732,8577.851999999999,20870.952,17101.068,10380.84,22892.484,2950.3440000000005,4261.608,10290.882,19922.742,9165.782228211,6742.302000000001,6471.0,17337.348,1442.0,3495.0,33.0,50778.0,17769.0,455.0,3814206.909687384,34.0,2003348.0,64422.26143108874,17483.72037403191,5452.174333679172,960.1715489534168,62.99999989569185,5576.734064008644,1122.7414437460295,208.72695538097935,26.465024587429248,3.1536212846918734,11414.51354,1468911.0471712742,318350.9100060599,623959.7669160618,526600.3702676664,1715591.6800753672,519040.00009068224,881279.9999767508,110079.99997048348,933760.0000598696,394879.9999300424,646160.473036
18660.0,46126,9594.208,8144.0,3690.08,6780.522,11346.996,4566.474,13284.288,11393.122,6042.506,14621.942,1614.41,2214.048,9245.908,14906.668,10095.3740851201,4151.224,6583.0,13019.748,1785.0,1808.0,177.0,60165.0,17583.0,485.5,3684550.8216765295,38.0,2201663.0,28643.896259423665,8917.583462792427,3998.287910513889,42.00000000372529,11.00000000372529,3952.7032063691495,881.3370829021711,293.03327609787993,0.7990197340419849,0.1728595833831346,191.1561556,720063.59833097,256979.11074348507,29998.444609275724,433086.0430048598,633005.4400144056,301440.0000074958,105600.0000131499,23679.99999032247,670720.000051657,91520.00001463771,319207.6785025
18700.0,97630,19721.26,16209.0,7517.51,10348.78,24895.65,8493.81,26848.25,15523.17,9958.259999999998,23528.83,2733.64,4100.46,12866.982000000002,26200.159000000003,19981.1265856767,7272.642,18230.0,20699.058,2612.0,2575.0,1084.0,66378.0,28473.0,587.8,7747092.530708595,69.0,5577799.0,36224.667178140815,6196.005135696191,312.81569761058745,39.99999998882413,8.0,10353.081551173214,1921.146247038591,106.12915717227088,6.595090718214983,0.7031576467717148,1772.733421,1096108.506837278,79847.6098723626,328293.9942727049,687966.9026336716,1659939.2000182215,145920.00003706804,628479.9999578221,88959.99999149438,1269120.0000556393,305279.9999954743,432106.8708488
18740.0,36571,6034.215,7364.0,3547.3869999999997,7570.197,9764.457,5595.363,13750.696000000002,10751.874,6985.0610000000015,14738.112999999998,1791.9790000000005,2340.5440000000003,9950.577,14032.865,7021.906192126,4082.288,4306.0,12210.415,1258.0,2109.0,36.0,47794.0,11713.0,303.3,2748985.1825167337,24.0,1562321.0,22511.851716544257,4705.178064112801,607.446398256914,82.00000002724114,16.99999997019768,2180.82588806295,364.7742036065376,63.07626584289403,2.738063932359747,0.834312708815282,221.6581332,938647.4989832252,156863.4103276691,676102.7868240834,105681.3017607912,1131303.0400194735,282240.0000472838,830720.0000249388,113919.9999892286,438400.00003517914,170880.00002443735,360926.0397517
18820.0,38273,6315.045,7224.0,3406.297,7845.965,9606.523,5205.128,13319.004,11826.357,6774.321,16151.206000000002,1722.285,2219.834,8632.125,13466.115,7104.2150695175005,4066.69,5272.0,13120.830000000002,958.0,1802.0,39.0,58867.0,14762.0,271.3,2962014.6215469646,31.0,2225311.0,31949.865635150225,8855.696598749693,2044.6463972103145,121.28355747368192,15.0,2551.4384372274144,702.4561223726283,135.06451182023966,4.6014993686346815,0.2426314582043426,115.4972102,830572.8230557663,125833.15454145915,534695.8490000245,170043.81951479387,1150520.3199797545,192000.0000004298,785280.0000399407,103040.00000387029,535680.0000074281,166400.00000503295,322967.1757626
18860.0,27082,4874.76,5323.0,2383.216,5226.826,6716.336,3656.07,10670.308,7582.96,5280.99,9180.798,1543.674,2112.396,4922.3679999999995,9341.312,5551.4093798208005,3048.512,3182.0,7635.264,884.0,1765.0,131.0,47442.0,6592.0,226.5,2133628.4376752637,9.0,974118.0,19113.80022187723,7230.419192570994,803.9999998629954,0.0,0.0,1575.089515600371,312.18777101805756,57.6644970673571,0.0,0.0,18453.90366,1408243.637933012,58395.12333935218,1062818.0345747229,287030.48001216014,1360519.6801208477,104320.00001687692,1199359.9999616807,206719.99999446364,359680.0000898768,113919.99986149852,643971.7533402
18880.0,299786,55809.528000000006,50890.0,28097.122000000003,44901.581999999995,63970.61,33426.41,91901.124,64254.494000000006,38406.58,98545.74799999999,9709.886000000002,14556.336,54173.736,83248.55600000001,61753.1214015228,27652.756,50416.0,76266.25600000001,7168.0,13912.0,431.0,140085.0,104750.0,840.7,22489001.079791546,248.0,21912571.0,107273.18928606139,37059.779760434314,8574.754578220305,165.52065801620483,14.0,18383.635366172628,5537.076403401254,1080.3238294728953,26.535029977235823,1.8760247758622723,16147.06037,3585848.6951136296,407979.0321197716,2437224.7118047616,740644.9512814587,6837839.359879054,735359.999967356,4855679.999608586,931199.9998159828,3062399.9998361967,625280.0001235214,1259471.7172752
18900.0,63522,7876.728000000001,19915.0,7622.64,12577.356000000002,18738.99,11497.482000000002,26615.717999999997,21089.304000000004,14546.538,23566.662000000004,3176.1,4383.018000000001,15031.132,20637.005,9446.8058381879,6899.536,5052.0,19774.563,1745.0,2363.0,22.0,52529.0,17463.0,309.0,4709559.143460131,33.0,2198987.0,29656.738044647213,10618.46749882481,2964.735732069666,298.0763418775082,2.0,1561.4453136572242,505.76634323499354,115.26154631192958,9.63698329682122,0.0403734645213855,1598.378747,1297032.118579927,99435.41646989356,777879.6351870759,419717.0669212409,2363496.3198074885,228479.99999480305,1697279.999797371,120959.99994866304,1431679.9997573516,155520.00000191035,436043.9435507
19060.0,94122,14602.726000000002,20743.0,9089.163,15326.775,24969.444,13270.684,32981.299,26258.743000000002,16228.36,36046.395000000004,4141.368,5459.076,20227.517,37580.579,16993.0817637112,10892.692,12494.0,30088.866,3324.0,4657.0,251.0,103323.0,31586.0,514.9,7305740.1842934685,69.0,4294583.0,40371.64605784055,11684.118459627032,2819.10938684522,97.99026641296217,20.0,7410.924728640287,1734.1330272991845,345.05650924279644,27.880148677867805,5.778935124751001,1860.57605,1477091.640987049,116925.03200936723,466657.4310225564,893509.1779102948,2941321.5999581977,232959.99996637952,1339520.000009658,165760.0000279241,2145279.99999217,451199.9999810282,480025.0190484
19100.0,7943685,1404211.165,912619.0,495003.76800000004,1037505.952,1639911.666,952408.902,2267061.258,1964297.539,1014573.501,2768889.8310000002,277928.786,435946.539,1131970.265,2626224.5670000003,1463639.9189327648,898707.921,1436500.0,2182331.082,279632.0,475449.0,11022.0,874095.0,2898827.0,3529.7,609729024.3207858,6611.0,692794993.0,1944864.9747633054,517496.3206054079,140352.50397913487,27555.515613072483,1290.9999999322122,1398833.2476663066,322688.8066737494,77936.53684014284,17825.883476514307,507.9370240746878,216176.8657,35626966.92134873,5223875.3252018215,7478800.928407519,22924290.667910717,112371721.59986389,10870400.000033012,20927360.000219826,8926080.000055486,100957440.0001207,22148479.99983706,5551256.2335113
19140.0,143604,21963.604,21488.0,10928.284,26239.060000000005,33352.695999999996,20071.896,53123.004,44844.92,24932.244000000002,53269.276000000005,7327.7080000000005,10715.448,30717.877999999997,50123.934,22758.069242868798,18486.551,16308.0,50082.671,4297.0,9777.0,131.0,115010.0,54986.0,841.9,11017716.132833699,115.0,8923528.0,69303.91677282259,19298.375817192245,3635.772444372816,1077.5287616929354,80.99999990733338,12516.104457537884,3084.7616333400215,733.708630316148,219.0467098408218,12.29628839879958,957.2060249,1399030.2425555186,136548.78230997856,893022.2632386435,369459.1969947882,2619573.759975623,350719.9999795125,2403200.00000285,204800.00002905497,958079.9999786768,172800.00000556337,406347.5031289
19180.0,72337,12224.952999999998,15157.0,6582.6669999999995,13310.007999999998,15480.118,10127.18,24666.917,21194.741,12875.986,29224.147999999997,3616.85,4774.241999999999,16243.535,29268.305,15757.431495575,8308.905,9138.0,23279.905,2871.0,6114.0,250.0,49678.0,25879.0,737.9,5580597.55314149,42.0,4001250.0,82928.01488974456,20175.13869107877,4080.753421645491,516.466752843131,86.99999997019772,10152.273799675282,2122.902059396528,278.6884501803235,47.49926401369082,4.629224306676861,474.176401,1408570.9061569662,308812.0300897013,807933.742955445,291825.1332739497,2123112.959894225,413439.9999277249,791680.0000187645,184319.99990194367,1187200.00005951,618879.999979755,574911.4938998
19220.0,55264,7511.176000000001,10634.0,5046.84,10099.504,14917.648,7837.312,21230.112,15018.0,10227.848,21282.464,2527.24,3411.464,14029.756000000001,21227.996,8337.618181795398,6629.754,6768.0,19092.957000000002,1661.0,2991.0,98.0,97122.0,17231.0,670.0,4119065.812052779,37.0,2065450.0,45119.17699907102,14274.810855306865,1611.500805806961,270.6887627560645,64.99999986123291,3987.5717383705514,1035.1270851919758,101.44661877880532,12.062811001049157,4.434552834411667,259.2268188,828923.3538758222,122495.3520098378,535226.6425315568,171201.35928761188,1156968.320038668,294399.99997477914,999679.9999892116,78079.99999597127,465279.99998900265,101759.99999138677,328436.49012760003
19300.0,246435,38690.295,49485.0,24889.935,34500.9,57912.225,32282.985,78366.33,62594.49,36472.38,90688.08,8132.355,11336.01,45628.113000000005,67868.95199999999,49304.798693527795,21552.978,33289.0,63283.21200000001,5425.0,8613.0,228.0,71135.0,80588.0,336.0,17821269.978806797,172.0,11097699.0,141610.48421104017,41652.02162264989,8991.618740794742,949.2711857431856,216.00000002048913,15739.62659767943,4478.028707191573,909.5619963457384,119.9965863540128,30.469504580449467,5739.58152,2527730.404258307,359312.975600225,1313574.6958148752,854842.7329273917,4420501.759895805,735359.9998819265,2691199.9999781465,387199.9999382257,2494079.9999043033,574719.9999750105,1017464.3084644
19340.0,379374,74710.815,72116.0,34277.14,52539.576,74294.41100000001,44733.528999999995,103693.09,90883.7,48132.822,142556.44,13082.153999999999,17174.97,69389.763,130879.315,83223.1597642386,37108.108,63050.0,98217.633,14815.0,23480.0,636.0,251776.0,152423.0,1733.6,29489538.503011018,298.0,26180148.0,214406.6913339514,62644.96421954883,17051.655889393714,1474.5094875435839,162.16406069308866,41761.27369018915,10438.15940548988,1970.2384190080008,147.61869768508765,27.88159646745555,4484.98466,4259030.984393882,951880.5167647718,678528.4134626298,2628622.0539074684,7955039.999975897,1246720.0000835932,1412479.999984205,513280.00001426786,6427520.00013313,2212479.9999998906,1452661.0215308
19430.0,812595,141154.845,150287.0,71769.71100000001,143615.367,216172.63199999998,110696.40599999999,268395.732,225203.31300000002,127829.13,328297.239,31538.940000000002,45474.48299999999,171832.288,298161.418,148057.7079521174,90452.418,140172.0,234192.414,30816.0,50714.0,2362.0,190064.0,305787.0,1422.0,61314082.33393582,735.0,53466512.0,205410.69173052773,54080.03547546949,14152.594666240091,1787.0103155586135,126.99999994388779,93558.99514146513,23998.345645290672,5463.707561939763,673.4224939308931,47.61699288771028,23780.11281,4529002.915067031,658646.8525325928,1395668.7864960972,2474687.276011672,13437299.2000178,956799.999990054,4060799.999981796,1258239.9999490955,10236799.99995333,2642559.9999688594,820241.5010394
19460.0,157425,23050.478000000003,28222.0,13795.617,28164.517000000003,40939.145000000004,24351.737,59897.939,49133.89,29448.485999999997,61720.611000000004,7540.476000000001,10340.912,33107.28999999999,53023.869999999995,23116.998829012402,17860.813000000002,20035.0,48903.445999999996,3337.0,8276.0,236.0,104612.0,56711.0,696.8,11288748.17821256,111.0,8361679.0,61837.217942046955,17794.674019368915,4005.7694189989056,311.9999998714775,13.9999999254942,11467.277729872383,2883.9421787430624,458.3626620225208,45.71994880644296,3.6968147865531424,6986.291182,2146822.5850860695,262735.6645520192,1814002.494364513,70084.42622870897,2876429.4400573615,469760.0000151932,3243519.9998842077,615039.9999822605,124800.00000494636,14719.999988984164,812964.2095869001
19500.0,101483,17353.593,21528.0,9336.436,17455.075999999997,21615.879,13091.307,31561.213000000003,26994.478000000003,15425.416,37041.295,4160.803,5480.082000000001,21118.074999999997,39248.715,21370.922381572494,10816.575,15988.0,30080.379999999997,4665.0,7141.0,166.0,57601.0,38783.0,924.0,7855312.437779071,73.0,8175608.0,69003.02386336408,19740.545331915375,3980.248585826593,399.0000001228181,190.00000010791695,15839.93802186411,3596.2224287795457,433.39546780508414,102.89126904282338,60.32770191360549,1362.273375,1260749.374404369,266608.2602318602,94253.42094085604,899887.6932637689,2464176.6399690104,325119.9999786612,351999.99999734055,129279.99998417364,2097920.0000914135,700799.9999734713,371560.3433313
19540.0,36068,5482.336,5823.0,3065.78,8403.844000000001,9630.156,5193.792,13850.112,12479.528,6888.988,14174.724,1875.536,2524.76,8673.038,13260.43,6644.2486277538,4085.646,3695.0,12866.201,935.0,1534.0,16.0,58602.0,11475.0,164.9,2792473.414630184,18.0,2118520.0,14461.525893958817,4407.820751926225,201.75239758996764,13.000000029802322,2.0,1189.6255225900811,375.38401428497457,19.718113363073797,0.6048388756210676,0.0532565724162888,108.3362824,635218.8732535321,114678.69817932553,385409.3154384683,135130.8596447537,869194.239960994,222079.99997550997,497280.0000006048,157440.00000057317,365439.99996318494,136320.00000344118,216908.2097962
19580.0,38187,6950.034000000001,7431.0,3589.578,6950.034000000001,9852.246,5307.993,12792.645,10386.864,6300.8550000000005,16000.353,1489.293,2138.472,8084.492,14733.42,7366.7210727318,4004.468,5455.0,11408.956,1471.0,2429.0,91.0,61816.0,16150.0,351.8,2922288.453748742,32.0,2103438.0,44205.12934585296,8786.428512647797,2391.59615984775,301.0000000298023,69.0,4258.263031204149,690.8538630081862,198.31175628439232,14.237560064466049,3.04882779031035,396.0099252,711627.1514398571,176688.76319281975,411146.54361234384,123791.8446081555,849349.1199951494,252799.99998697973,403839.9999259212,133759.99997962516,443520.0000306564,150400.0000019555,263322.0882966
19620.0,47606,8235.838,6994.0,2475.512,7093.294000000001,9902.048,7997.808000000001,18566.34,16757.312,8949.928,19423.248,2856.36,4951.024,8334.76,20248.564,8580.2671363724,8236.704,7652.0,19268.004,1794.0,4581.0,26.0,54346.0,17006.0,432.4,3763184.408608491,36.0,2229855.0,65954.31028945197,19764.653204813767,2093.7401001451917,340.0000001976732,66.00000014156103,11922.782786435908,1723.7522630838612,111.16839748787731,14.94709990008511,0.3168137486289865,2228.352982,1462629.2052194406,197165.3032898573,827842.8631662313,437621.0406912452,1610539.5192043,189439.99925897285,664959.9992475731,88959.99948632628,873599.9993586858,495360.000064239,2012595.8121701
19660.0,705897,117015.903,179935.0,78336.528,95169.39,143514.207,90771.225,221380.425,170881.40700000004,104219.562,232493.52300000002,26172.522,39005.373,141310.733,202839.81,161432.5475319942,74289.718,88577.0,187011.87700000004,22528.0,32740.0,952.0,122517.0,219295.0,645.3,52364026.94928647,397.0,29502645.0,176098.296911658,56419.74125933419,14125.659690076793,1524.826355808877,54.999999962747104,67223.69621222468,16967.63137487405,3354.885935231946,458.61821582494633,14.755958543525074,14554.20474,3883176.021575824,516285.48683709314,501625.658808719,2865264.875984282,11417527.679745533,804479.9999813191,1936000.000053632,676480.0001049131,10647039.99990506,2348159.9999289503,1015265.7409304
19700.0,25749,3527.613,5004.0,1905.426,5098.302000000001,5561.784000000001,4531.8240000000005,11484.054000000002,9295.389,6051.015,9733.122,2085.669,3064.1310000000003,4613.665,8486.275,3530.9358373905,3442.3199999999997,1806.0,8271.13,1645.0,1753.0,42.0,39233.0,5972.0,645.3,1791642.97516953,18.0,1064209.0,59942.78202626824,19089.377956417615,5116.835373179598,332.5024210587142,66.0,1431.2893535041228,326.4468462423855,71.35403883752167,5.36406583753709,0.919944723032194,46.67503155,2914365.976636659,195868.29089372352,2290552.6770944768,427945.0089175818,3414120.319613303,237439.9998049805,2270079.999878147,946559.999824386,730879.999769991,465919.99955113034,1897672.8899516
19740.0,2985871,629882.7710000001,410271.0,215921.026,368447.947,686463.396,239881.702,740659.099,529676.591,291253.972,776950.594,85877.415,131203.2,391989.005,738380.719,600993.9378967773,221586.566,683179.0,564794.759,125594.0,140361.0,12032.0,893782.0,1144033.0,3673.4,239930484.53379542,-7745.0,289540923.0,639584.3809167582,144455.13689637062,38164.47695652154,4821.9975836026515,200.1464225532836,400449.6461265097,95427.4210149802,20841.617637364783,3411.7913456541773,103.43773280705715,107047.352,16695498.06647857,1479955.272806767,4702669.21614578,10512873.57776861,50799972.48007979,2049279.9995840888,8591359.999887591,3233920.000027806,45726079.99971973,11336320.000290086,5340672.9694454
19760.0,36570,6984.87,6150.0,2925.6,7533.42,10568.73,4827.24,13786.89,10349.31,6216.900000000001,13457.76,1682.22,2267.34,8561.106,14205.375,8196.6094419168,4053.267,5236.0,12008.277,961.0,1846.0,25.0,53708.0,11958.0,317.4,2849615.630372475,20.0,1561270.0,39040.72245611811,10005.612255910946,1504.6979271427836,340.1408509044552,46.99999993294476,1493.379909692913,306.4499424293483,31.48960066802946,5.267716431229245,1.1743354303642313,48.53385971,1528021.212547104,168092.87171070327,988636.2776860524,371292.06324865745,1464067.2000691444,380800.000073992,1419519.9999758927,170240.00006700534,382079.999967781,92160.00002021968,740695.8956182001
19780.0,729053,164048.94,101780.0,54759.75000000001,119540.879,143676.897,75324.284,194940.024,172776.242,82315.876,279240.701,23339.524,31300.510000000002,118832.715,245154.255,165183.88070551108,61381.903,145359.0,172090.464,20685.0,36170.0,1520.0,446417.0,293046.0,2230.1000000000004,55927191.26974505,496.0,69554400.0,309041.53184541094,93490.93777480928,28496.45046692054,4521.4935796216505,120.99999992735682,79208.92045546843,22535.371482109087,5683.107365557927,1036.0705503956247,16.81298438851916,25576.16004,6861907.737198776,1129089.7481191952,1147150.164641028,4585667.824546277,12081745.919912478,1573760.000050249,1959039.99979389,956799.9999661642,9678720.000041036,3362559.999932424,2311892.0307822
19810.0,35371,6755.861000000001,7542.0,3572.471,5022.682,8489.04,4138.406999999999,9903.88,7675.507,4527.488,13794.69,1202.614,1520.953,6753.376,11749.496,8340.984714048,2963.216,5257.0,8097.16,1173.0,1448.0,77.0,60159.0,12632.0,278.9,2678348.039314808,18.0,1798059.0,55853.94979218588,12965.60788817781,2060.0584475737674,368.0000001310764,116.00000004356842,2970.648165797617,507.9144511807679,96.05278706844832,17.556775781687993,7.346461082139615,13611.35144,,,,,,,,,,,
19820.0,4345761,757719.687,747360.0,360389.346,707379.271,985861.828,498980.116,1302727.722,1035307.072,592354.5179999999,1513496.262,169773.30200000003,232411.376,810608.12,1550116.8510000003,879375.9657734726,434793.976,767967.0,1083155.806,245473.0,266597.0,13304.0,415279.0,1623387.0,2303.7,331466418.4855122,3384.0,307906027.0,868546.4430127481,247623.41269397465,53459.78217634502,8479.318305620744,155.00000003263995,562091.6693468767,159627.05504167418,31571.294386929134,5638.368273110151,73.23409170186135,65953.89217,18131734.462051775,1893578.1888006711,3787061.714912175,12451094.558409937,62281082.23972535,3807999.9999655616,16092160.000032026,4880640.000012546,48274560.000102274,14467840.000004964,2490620.7120599
19860.0,37836,8901.652,5279.0,3029.871,5967.737000000001,7873.005,3628.064,10343.701,9638.797,4429.2970000000005,14605.662999999999,1214.7669999999998,1805.044,7013.388,14195.45,8387.1371520873,3162.8880000000004,6624.0,11087.945,1465.0,1117.0,59.0,216305.0,14378.0,545.5999999999999,2921109.0406678603,-19977.0,5638333.0,84588.96883998133,24689.090369559268,5325.995181219052,322.99999995343376,40.0,3290.856175805769,611.5762058334261,145.7930024794967,7.936085020280206,0.0967249359360322,151.882424,2576545.022794337,202663.66188844235,2115925.128964446,257956.2326668508,2366501.120211013,206079.9999784873,1932159.9997401156,389120.00005111855,611200.0002293938,280960.000271999,1589342.3034936
19940.0,33848,6295.728000000001,6972.0,3181.712,6024.944,7277.32,4501.784000000001,10594.424,8732.784,5347.984,12726.848,1455.464,1861.64,6460.224,12045.626,7526.5780044709,3263.759,5396.0,9219.278,1172.0,1327.0,208.0,64310.0,12477.0,331.4,2636213.097131081,21.0,1944113.0,74509.5022361147,18670.017757494323,5138.7535082050845,372.5001108914149,69.0,3574.356401524939,731.35666433527,97.80798660834478,22.144892722180504,2.1377454816641586,357.5829758,1103925.8397718912,298097.00881838554,626443.7872662685,179385.0436385938,1172222.079944356,335999.9999653452,538879.9999731977,128639.99999909537,607360.000007126,279040.00000438996,463853.4184544
19980.0,33848,5618.768000000001,3922.0,2098.576,5889.552,6532.664000000001,4772.568,12422.216,11406.776000000002,5483.376,12896.088000000002,1658.552,2673.992,5791.45,14230.42,5719.1457290806,4633.160000000001,4159.0,12675.002,584.0,1859.0,36.0,54442.0,13279.0,508.6,2558726.0490137963,20.0,2871909.0,47856.96042491741,14807.308016117428,1633.9874678638512,217.0000000298023,60.0,2707.937893761445,421.19126393537726,40.73818923498085,10.191829109585344,6.670718497810453,278.368558,1341400.5349915812,183011.95085739097,915954.2813452954,242434.30260574396,1525765.1199735743,270080.0000902852,622719.9999006244,268159.9998062474,672639.9998765842,393599.9998412632,702877.9868383
20020.0,152517,20410.148999999998,29581.0,13543.788,27624.11,38123.914000000004,23937.174000000003,56336.248,47505.327000000005,29150.321999999996,57323.14600000001,7900.4039999999995,10366.858,33658.607,58957.564000000006,22737.7659663646,18794.909,20384.0,53622.541,3268.0,10352.0,180.0,145399.0,53482.0,1691.3000000000002,11281836.098693848,147.0,8584731.0,102803.5729024779,23897.6653743421,4187.540504314826,102.00000001071024,27.99999994365496,9422.062173541588,2479.5815743857265,524.1386184399419,14.781432238957715,4.393916142473176,1055.920371,2753589.3999639624,342009.41542716284,1539074.9931747897,872504.9913795019,3776577.280078098,645119.9999268858,2003200.0001322124,297599.9999795434,2288639.9999093036,616319.9999802175,1098271.4918913
20060.0,51355,7621.42,7418.0,3603.033,10484.603,11112.715,7688.296,18977.368,17567.078999999998,9508.012999999999,21283.262000000002,3144.507,4220.705,12771.843,19256.79,8327.269988009,7479.835999999999,5829.0,19756.989,1275.0,4174.0,11.0,84153.0,17571.0,1243.3,3789172.43045488,39.0,2359734.0,46656.41210453361,12632.873794617783,1005.2227687649433,191.0,26.0,3414.418066230975,665.9445022019381,74.59576549500024,13.267793059337073,1.4066668267867861,50.69137483,1426821.6503602385,165892.07277332345,1086408.7397377302,174520.8378430174,1796532.4800688257,368000.00006376463,1564159.999992599,227839.9999553093,513279.999962414,183039.9999928609,598368.8693959
20100.0,186946,27481.062,32951.0,15329.572,27294.116,37389.2,23929.088000000003,53466.556,48419.014,24863.818000000003,72721.99399999999,7103.947999999999,9721.192,34708.527,75660.916,32417.4318976272,21669.874,27411.0,56929.33,6872.0,14061.0,372.0,61538.0,65266.0,783.2,14160073.962652804,114.0,10169601.0,154779.16484304456,27428.006643081244,5228.675073370056,537.0000000996515,21.00000002980232,25734.29896056065,3987.847230387923,587.3526605752004,19.548807160903134,0.6088262683534522,958.1472845,1243512.9594862126,99756.37564873756,479576.9500304073,664179.6337970252,2823696.6400004774,131840.0000102144,894079.9999641313,200960.00001462272,2355839.999916477,455039.9999785703,375070.3046888
20140.0,58902,7311.982,10655.0,4820.721999999999,11465.189999999999,12468.74,9178.362,21874.702,19326.882,11220.34,24406.253999999997,3645.024,4841.548000000001,13965.458,22926.31,8498.2918005463,7929.370000000001,6926.0,21396.259,1490.0,5436.0,108.0,83048.0,17708.0,1546.1999999999998,4192087.503200628,49.0,2415106.0,46484.330408581336,12128.82069693656,2191.1677012819737,24.99999999825377,2.99999999825377,1909.9825272327157,402.6811320005388,38.07307779452077,1.3335241733058538,0.0474222806896436,296.1799606,1930945.312272292,394733.03509459784,1257283.326617329,278928.95070128265,1953809.279988381,639360.0000102515,1469439.9999807156,234879.99998570431,758399.9999987169,232959.99997260387,838242.1316398
20180.0,77904,14100.624000000002,16829.0,7556.687999999999,15580.8,18463.248,10127.52,28746.576,21813.12,14022.72,28980.288000000004,3583.584,4674.24,18631.044,29636.724,14829.852833958,7703.976000000001,9509.0,23976.66,3275.0,2973.0,225.0,48794.0,27277.0,239.7,6071641.1764833005,46.0,3649777.0,61380.39359808194,18698.727382589484,6143.516513133076,361.2346844994464,7.291439056396484,3375.563567759331,706.8345263103488,164.7260080010151,11.334232526385346,1.7700209571818806,196058.7623,2012527.031325534,159672.98288363716,1422874.4033723073,429979.64505261695,3701214.080098896,304640.00000555115,2947200.0000159647,382720.0000925432,1175040.0001047996,568959.9999567225,732580.954925
20220.0,98677,21708.94,18229.0,8782.253,17268.475,19143.338,11150.501000000002,29899.131,28221.622000000003,12235.948,40062.862,3453.695,4637.819,16004.76,32887.83,25302.918335502,8392.74,17207.0,24104.73,3211.0,5046.0,168.0,65986.0,40715.0,452.2,7814004.30933852,73.0,8312224.0,75985.9529803809,22173.865337517633,5722.153144200288,259.0000000502914,51.00000001210719,13914.822821992986,2938.3677828831924,561.4474391361091,17.627885205100274,1.9823071727192887,2682.736825,1051921.1750487688,167594.3986301054,137589.71460986143,746737.0618183622,1996019.8399528067,213759.999999905,312319.9999644044,78720.00001497346,1827199.9999662363,490239.9999849827,389303.0818328
20260.0,280384,60746.956,56348.0,26046.44,43617.796,74031.22799999999,30673.1,83692.936,58450.46800000001,34655.723999999995,104670.712,9688.444,12219.336000000003,53965.55,93958.2,68011.5168430718,23213.717,49070.0,60555.092,10666.0,12000.0,713.0,186565.0,106718.0,1108.0,21765922.19456121,168.0,16582972.0,289792.42234000954,62131.57258641241,10534.409619095411,1447.3561320582014,253.99999995157128,21623.510598845012,4022.2981343653573,639.4525247049228,72.92158476282837,12.805626629303505,20984.49201,8552388.091860877,1212588.0723083245,4999098.231397312,2340701.7879807074,9258751.360147132,1618559.9999004314,4740479.999978338,772480.00066693,4473600.000407643,2340480.0000771475,6734048.302425
20300.0,20996,3653.304,2442.0,1217.768,4052.228,4850.076,3401.3520000000003,8587.364,7600.552000000001,4073.224,8146.447999999999,1280.756,2078.604,3573.142,7765.904,3770.1307497822,2891.5600000000004,2396.0,7249.553999999999,398.0,1439.0,3.0,53341.0,7720.0,405.9,1576165.761407404,15.0,5289920.0,31600.315814670048,8838.899238400903,2770.9461734697225,198.99999999254936,41.00000000000003,2118.474393968751,582.4769182746066,186.8504241851466,5.780775483765112,0.8112181433650425,73.43882928,1383293.6897928226,173839.30972309358,477263.8106960642,732190.5689633857,1438387.1999544126,310400.0001642738,685440.0000232023,115839.9999287708,876159.9999986697,280960.00007260515,575794.1968976
20340.0,43710,5857.14,9022.0,3977.61,7649.25,12107.67,6206.82,18620.46,14730.270000000002,9004.260000000002,18445.620000000003,2098.08,2972.28,9395.8,15731.5,6301.47517355,4525.5,4707.0,16852.100000000002,1437.0,2223.0,52.0,52905.0,14303.0,482.1,3207909.7360854,24.0,3029153.0,88821.98268712727,28205.50706218867,7569.86563483751,419.000000058673,78.0000000400469,3445.8374744888747,904.8917439895944,104.1615133090525,15.075507516055293,4.176874368590872,144.3415402,1141288.464854794,97642.77178646695,499934.35599387315,543711.3371346385,1649368.3200032115,152959.99997337916,628479.99998481,156160.00000113386,916479.9999620308,462720.00007781846,556913.5601747
20460.0,48182,6986.39,8751.0,3854.56,9106.398,14020.962,6793.661999999999,20814.624000000003,14936.42,9732.764,19658.256,2409.1,3420.922,10975.552,18080.262,6898.382655867999,5536.774,6391.0,17198.298,1143.0,2636.0,401.0,45213.0,15931.0,598.0,3670576.523892716,29.0,2336932.0,54671.43330690223,15308.016773790674,3707.753212365312,401.9999998434944,79.00000000651923,4404.423414037494,1074.5521058692525,296.90087945827776,25.791015433765697,2.7296578700935794,154.925749,1235072.020554873,147941.28743250266,649317.9262204309,437812.8069732053,2040812.8000786651,343679.99997352617,1229440.000030172,184959.9999441172,888959.9999300165,442880.0000097476,578702.1784307
20500.0,602407,105833.51900000001,96639.0,43667.94,66883.718,132124.672,64158.170000000006,170197.204,116733.744,70548.19600000001,184578.65300000002,19325.796,28028.628,91637.726,195774.957,101527.4423325379,60590.919,121503.0,148497.19700000001,18532.0,31535.0,3393.0,282089.0,207509.0,2229.2,47542830.76731647,469.0,60585003.0,133534.60186759877,49932.082635697814,9435.98312990716,656.7689193044268,28.000000029802322,44930.87121818386,16272.95378020085,2853.3570130799635,234.45474758376002,6.672944719983161,9491.766414,5199083.390882189,712780.0005151671,540199.4566363395,3946103.933561812,11385857.919849852,1383040.0000637688,2294400.000012975,550399.9999919961,11279359.999954203,1781760.0000375896,1465625.7046863
20540.0,36410,5097.400000000001,6660.0,3131.26,8738.4,11068.64,5497.91,14636.82,12088.12,7027.13,15000.92,1747.68,2475.88,8953.092,14273.577,5422.1954091435,4549.932,4954.0,12915.936,1276.0,2918.0,22.0,50906.0,13938.0,767.0,2651174.217628407,24.0,2189474.0,25733.28532846698,6433.964695748942,1497.815647032578,58.99999997019766,15.0,2009.6234351256792,378.2029525176725,71.9935557337477,4.250987451877066,0.8591825437823893,118.7106299,704721.017207337,124615.13758087032,435755.0171450949,144350.8624906112,880359.0400179102,147200.0000055866,572800.0000220563,52479.99994277667,504320.00000619073,109439.99998127736,327897.7353079
20580.0,57843,9601.938,7075.0,2602.935,9891.153,12609.774,11105.855999999998,25393.076999999997,23657.786999999997,12667.617,25624.449,4453.911,7461.747000000001,10624.796,24226.87,8916.851000247801,10858.308,7663.0,24693.894,3673.0,5680.0,17.0,41324.0,17737.0,424.0,4423458.664662806,35.0,2257819.0,30112.83075915891,9224.727212754964,1066.8731383273628,88.99999988247868,19.000000046100418,7481.895345575569,1435.5979663747587,161.28708763619795,21.595256895727687,3.255175931021415,287.4185736,1189519.6611840306,97962.73207614606,329483.3809474265,762073.5478943489,1459527.6801846516,140159.99989703394,329599.9997345183,49280.0002373471,1293439.9999704142,327680.00013620604,818844.3609151
20660.0,37932,5651.868,11265.0,4741.5,4400.112,7282.944,4969.092000000001,11607.192,7965.72,5765.664000000001,11910.648,1403.484,1934.532,5323.968,11904.984,6999.3910336896,3290.508,4660.0,8614.476,1069.0,1702.0,180.0,69311.0,13240.0,320.1,2931990.461688132,35.0,2441596.0,31203.339381639205,8602.663062097812,1904.2410775383885,105.0,0.0,2835.4839917560644,657.6643024652697,85.68530496768318,4.24172333369094,0.0,371.1020019,580163.2342784376,32920.8104633947,119634.60646607688,427607.8173450156,1028259.8400248068,30720.00000614736,330880.0000295335,58880.00001334928,928640.000014964,129280.00001643698,171873.2775341
20700.0,167198,29928.442,31513.0,14044.632,26417.284,35947.57,21066.948,51329.786,42133.896,24745.304,62699.25,6520.722,9363.088,33180.03,60744.978,32800.5842999364,17355.708,22305.0,48153.581999999995,9390.0,8056.0,218.0,71686.0,60861.0,416.4,13308184.396188345,111.0,8576529.0,47867.382961109804,16946.506589984307,6184.540196816544,91.99999990422278,3.0,7845.222065823092,2316.468986010893,770.2216076319122,14.87785646707714,0.2393479050764453,109930.1785,1840768.3013640295,132396.093823433,205323.44680563945,1503048.7607950282,4330559.359941628,238720.0000110729,874879.9999628962,122879.99998889888,4563199.999997344,580479.9999767028,389276.2633293
20740.0,173644,39136.977999999996,29542.0,14693.204,26006.841,42622.027,16456.421000000002,51292.058000000005,38923.033,21198.362999999998,63287.831000000006,5302.904,7319.825000000001,28972.132,55556.401,44922.8143121748,13324.503,30222.0,39479.328,5283.0,6364.0,435.0,130250.0,70160.0,685.0,13486194.148877064,117.0,10954893.0,87654.02075204579,22770.404634307313,7345.256170935292,409.804818562458,22.99999997019768,13080.093878058486,2946.3990059985545,789.9768258087878,41.67001474877578,1.2466069982329877,4082.444838,2739345.113255463,565928.3781326638,1539890.478127645,633526.2569786817,3911743.360042798,702719.9999161164,1598079.9999320034,301439.99995775404,2431999.9999155495,922239.9999356724,1053594.8046609
20780.0,55285,11775.705,7258.0,4312.2300000000005,6523.63,12052.13,4312.2300000000005,13047.26,8735.03,5030.935,12826.12,1492.695,2321.9700000000003,6646.409,12413.954,10998.1059141499,3954.888,12784.0,9337.93,3389.0,2805.0,117.0,94309.0,23672.0,317.4,5018349.226353358,51.0,5858559.0,50141.45240099839,13238.08089752463,4610.100588505578,190.0000000263103,23.0,4804.842263141899,1449.5093625175814,460.46581225807887,24.903682876234097,1.526320264862754,6421.219314,1300002.8256727783,103976.34299646356,138114.3362186799,1057912.146015044,1369109.7601129194,50559.999961395515,247679.99989142336,34560.0000157592,1481599.999960187,181119.99990953636,1078037.4608233
20820.0,44649,8647.964,8532.0,4269.274,6196.417,9568.828000000001,4932.303,11983.757000000001,9479.795,5585.008,15964.224,1401.414,1858.228,8719.289,15249.651000000002,10888.9137555046,4009.375,7510.0,11738.543000000001,1615.0,1689.0,79.0,133855.0,18713.0,493.7,3495806.911937682,42.0,3893519.0,89160.74861183582,28909.621458376885,8238.554477714799,1079.933106175565,145.9999999627471,5434.62528923105,1423.6341443554493,348.6352883228945,46.058568337132,4.292297379314991,115.9775755,876852.4993784353,217186.36023864773,502853.732698135,156812.40647718302,1039921.92001052,312960.00004960597,599680.0000360751,133120.00001599127,446080.0000528455,209279.99996225347,306405.8698142
20900.0,41824,7068.256,7435.0,3220.448,6900.96,9368.576,6566.3679999999995,15725.824000000002,13090.912,7444.672,17022.368000000002,2091.2,3178.624,7503.299999999999,16382.205,6996.796052946,5960.955,5221.0,14756.49,1448.0,2786.0,21.0,55887.0,15516.0,370.6,3186089.21203104,35.0,2353354.0,46083.42694838746,12189.536024099332,3868.9242420443143,267.95056108767596,23.99999999254942,2432.035473358014,558.0421364866367,154.4133727869559,15.201129749669088,0.7042004231219058,308.1613514,1780327.7169542809,224126.06523079323,793143.2376618034,763058.4140986473,2531350.3999598664,572160.0001086784,1748480.000087046,186239.99995318055,1262720.000019111,336640.0000301734,695121.2872979
20940.0,178713,31989.626999999997,24546.0,9650.502,24304.967999999997,36814.878,27521.802000000003,69876.783,58081.725,33240.618,67910.94,11258.919,18407.439,23975.511,64715.853,33148.3847484168,26318.982,26025.0,60028.911,15653.0,16118.0,319.0,47599.0,46640.0,603.2,14243696.359229894,110.0,11668788.0,146163.3885052075,50667.22556433918,15512.412761442858,430.99999999348074,89.99999998509884,20815.93374073037,6544.309551539316,2280.3751174231147,26.39511792632072,6.319471491842723,356.3478647,3462488.988668913,636588.3054492483,687818.964443301,2138081.718726713,3962664.9599659834,629119.9997565803,788479.9998440802,360959.99981811334,3046399.999078837,1043840.0002721008,2672286.3292980003
21020.0,40938,6713.831999999999,7225.0,3070.35,6263.514,9006.36,5321.9400000000005,13714.23,10070.748,6181.637999999999,14451.114,1760.334,2456.28,8518.492,15179.872,7258.518033126,4925.384,6121.0,12030.856,1211.0,2865.0,91.0,56654.0,14121.0,723.2,3023358.376042828,38.0,1975336.0,9464.13188421601,3717.4781811404546,758.625767135378,0.0,0.0,1781.4003174499155,676.6525663983211,67.96703993135266,0.0,0.0,81.54249038,770358.5320668203,81532.43649078897,25830.625316556536,662995.4702750972,1500970.8799307274,94080.000025995,145919.9999620714,51199.99998426188,1646719.999975301,254080.0000282443,303385.875625
21060.0,127025,17392.983,19297.0,10313.630000000001,23154.318,33750.603,17421.309,46316.357,33803.534,21529.597999999998,50197.48,5308.445000000001,7259.308999999999,29604.609999999997,46981.453,20093.2017243681,14517.824,22446.0,41912.699,3806.0,7590.0,471.0,107537.0,46585.0,939.1999999999999,9531537.591635535,88.0,6848044.0,76376.39723061895,28819.64682096263,6539.540278342977,736.2909565849328,32.000000033527606,10199.390836582621,3789.6133204667253,736.521583606031,71.91068997224633,5.554957156463175,904.8539316,2103637.8072468797,387699.1388940481,1141271.7096368277,574666.9589077829,2999644.1599232056,764799.9999568466,2076159.9998981515,191359.9999923935,1656320.0000108234,318719.9999861677,761834.6111743
21120.0,22009,3257.3320000000003,3259.0,1628.6660000000002,3851.575,6206.538,2817.152,9199.762,7196.943,3873.584,9331.816,1012.414,1496.612,4358.004,8630.136,3080.2836903924,2404.416,3201.0,8200.776,760.0,943.0,73.0,47625.0,7095.0,553.5,1580720.802138036,23.0,1150536.0,26904.216615951696,7562.375264059786,2961.702248608007,40.00000001490114,3.999999985098839,1006.4369433560732,254.04955671129065,74.73264874466595,0.9064382502823144,0.0778746904598276,334.7161304,1171197.0608726726,195433.67741676528,682343.3943898637,293419.9892538384,1283762.559879287,232960.00016016437,495999.99998715194,264960.0001381934,551680.000133933,319999.9998814047,577062.1255275
21140.0,206890,33723.07,31819.0,16758.09,38895.32,48412.26,27102.59,69308.15,64342.79,32274.84,86893.8,8482.49,12206.51,40819.878,73805.63799999999,28880.6633661168,22883.871,24290.0,65971.52,8339.0,12829.0,314.0,66801.0,73736.0,502.1,16091094.681930518,150.0,21178254.0,125474.73705767152,32291.42017906461,5683.306147029921,576.525896788604,51.00000008847566,43785.39267050753,8464.459932638989,1386.7091856129337,181.29409587122305,13.301843123315292,1568.932431,1397668.403853351,305073.39011940174,324931.25268153154,767663.761086935,4463416.320092254,347520.0000067355,856959.9999847056,262400.0000095322,3152000.000045865,1527040.000049229,296422.1417329
21180.0,27600,4250.4,6498.0,2842.8,5547.6,7452.0,4416.0,11260.8,8970.0,5492.400000000001,11316.0,1297.2,1656.0,7465.781,10446.416,4288.5723609784,3463.214,2639.0,9481.258,1134.0,1404.0,35.0,48306.0,8716.0,254.4,2169562.919064013,13.0,1068014.0,13153.777155377264,3175.1711624575983,253.77843567519423,6.999999973922968,0.0,676.5823693875717,186.52393744231904,8.970527661565805,0.4401358769584155,0.0,920598.363,1052916.0218357255,88599.27562453852,655596.4043512277,308720.3417175082,886974.0800338489,108799.99996566233,796160.0001200375,75520.00003604576,286080.0000531642,89599.99999445473,665393.5613119
21220.0,55909,11903.046999999999,7046.0,4170.800000000001,9696.476,12191.888,5706.424999999999,18567.358000000004,13749.869,7242.050000000001,20002.380999999998,1925.125,2927.7610000000004,10210.85,19286.556,11793.107337621,5121.603,7807.0,14856.78,1563.0,2809.0,44.0,142720.0,17137.0,549.5,4323231.599916551,-9958.0,5019864.0,210413.70788317348,57457.79165499487,14668.843345457706,1111.9999999543647,234.99999997019768,4878.278641839402,1219.6542445353705,280.1584103961221,7.094636061290233,1.2735037805021951,165.3075317,6733719.576903511,619152.8004706419,5630317.821012862,484248.9578993033,3176769.2767500775,314880.00004591426,1989759.998383906,599039.9991963586,1278079.9988277487,398080.0007326411,13663147.7844802
21260.0,45189,8134.02,8402.0,3886.254,5241.924,12924.054000000002,4157.388,13421.133000000002,8902.233,5603.436,13375.944,1581.615,2123.8830000000003,7872.64,15696.076,9217.9337281024,4428.36,7402.0,9840.8,1998.0,1531.0,89.0,64727.0,16737.0,577.9,4000044.542202716,41.0,2363609.0,58712.35191501249,21527.461926854085,7631.675776330954,148.99999993480742,19.0,2512.8409121536847,712.7510519290233,173.1503224211094,5.277809545716715,0.3383407693685915,381867.8905,3133352.5457012914,191780.6920984296,111321.19324510322,2830250.6602675505,2617985.280271785,117120.00024707764,300159.99974861863,58879.99995435311,2775679.999724446,507519.9998333169,1470245.7156142
21300.0,81426,14575.254,16480.0,7409.766,12946.734000000002,18402.276,9689.694,25160.634,23287.836000000003,13109.586,27847.692000000003,3582.744,4804.134,16937.51,26934.772,18077.9058228692,7766.468,12301.0,24208.246,3102.0,4688.0,257.0,54705.0,29703.0,462.5,6308205.29366317,49.0,4309689.0,34845.7834976003,10484.946876002312,3590.2170497991647,125.99999991327785,18.999999998777643,7929.774199734116,1896.4381906940805,534.290381827802,21.910472702219387,1.435545415089626,1395.633863,849930.2233951556,148564.53479991242,76734.85940948593,624630.8292311255,1666318.7199988917,219520.00000644967,266880.0000158773,74880.00001669195,1569280.000007546,366720.000010188,260699.9458878
21340.0,872195,160483.88,108640.0,45309.524000000005,122395.588,184932.796,137830.834,315198.731,270757.97000000003,142291.337,338528.348,45439.94000000001,82978.645,115435.344,290695.208,136453.81678887122,129639.086,155274.0,252876.586,30243.0,68951.0,909.0,89188.0,291042.0,500.0,66107371.4802018,-9357.0,45041559.0,248288.39885714534,79583.62356075272,22913.626337550908,2863.2006152208833,153.9999998882413,142573.50979179173,38040.61644682212,8064.567694747051,925.1038332805856,21.805174814859445,32914.54792,5647160.8313078685,687217.7009880319,1668282.53722392,3291660.592759993,14071696.00002744,862719.9991736892,1703679.9997524065,993280.0010904818,11784319.99995128,4081919.9997621626,3573536.2204183
21380.0,34446,5668.302,6029.0,2652.246,5231.922,6701.682000000001,3990.544,11442.394,9304.194,4914.168000000001,12716.896,1289.7900000000002,1928.976,6055.2570000000005,14522.226,6277.9805353746,3984.927,5337.0,12069.431999999999,871.0,1684.0,119.0,113628.0,14022.0,650.7,2782614.293557314,-9968.0,1911331.0,163765.64527765237,33544.55690339498,10087.771868682423,916.3727689385414,171.99999994784548,17287.102302449526,1952.9230299806877,489.7058558555043,15.352578165873718,1.2238628474283666,248.4473208,1813940.8385313735,239928.39787150416,1254730.4786443715,319281.96160090656,1989966.720181279,287359.99976627366,991360.0000999272,305280.00009948184,908799.9999777374,417280.0000549234,1037122.6160602
21420.0,61920,8544.960000000001,10264.0,4891.68,10526.4,17028.0,7863.84,24953.76,19628.64,10836.0,25882.56,2538.72,4024.8,11565.11,23738.91,8742.051553488,6269.507,8486.0,20938.936,1475.0,4051.0,288.0,61501.0,22090.0,571.6,4564325.588139643,48.0,3538129.0,89793.52065706393,19557.197811445298,4308.96990078001,539.0000000582077,116.00000003166492,11714.134102603375,1662.5337261198567,247.6024681431027,62.2083045875809,16.77318627926491,511.2852433,1706635.6590450793,189421.51523704137,1012743.012069341,504471.1317409469,2440517.1199857476,216959.99997527388,533759.9999566672,528000.00001679,1337600.000040699,664319.9999705425,677429.915174
21460.0,54805,8385.165,9371.0,4548.8150000000005,7891.92,12331.125,7453.48,18085.65,15400.205,8933.215,18743.31,2356.615,3178.69,11018.61,18417.58,8427.814355046,6121.45,8583.0,17725.59,944.0,3705.0,46.0,54203.0,19385.0,638.1,4006544.63533914,49.0,2008726.0,31966.828893726823,7921.838466812909,151.62815003126892,0.0,0.0,2357.5295894939627,696.15060549555,23.35612299718861,0.0,0.0,151.535686,931576.0252282524,154869.82466379527,523254.47743265633,253451.72299129417,1146709.7599644312,282239.9999956288,652159.9999458493,68480.0000069662,757119.9999671928,138240.00000739246,434541.6385756
21500.0,267689,48719.398,51518.0,24092.01,47648.642,62639.225999999995,31051.924,91281.949,72008.341,41224.106,97706.485,10707.56,14455.206000000002,57711.59,94217.526,52227.7941321888,24158.34,41817.0,73011.872,12418.0,17803.0,612.0,55181.0,97382.0,466.8,20824764.118674513,188.0,13248530.0,127776.04515787096,36394.91013457314,10002.03237337024,684.9045789773774,123.90498589584595,43072.48126733602,7515.486484645399,1661.003404506386,157.86688447896904,30.09719231392318,28726.12926,1890893.2427958332,235924.810034076,778400.3074655806,876568.1253011371,3954741.760016945,288639.9999912412,1294079.9999666351,538239.9999878901,2451199.9999763193,918399.999989802,511386.1210269
21540.0,36741,6576.638999999999,9114.0,4151.733,5841.819,9001.545,4482.402,10838.595,8340.207,5290.704000000001,13079.796000000002,1359.417,1726.8270000000002,7620.968,13176.44,7712.06874877,3489.976,4878.0,9330.344,1482.0,1749.0,57.0,49414.0,11722.0,313.0,2732436.6332357996,25.0,1489263.0,39890.869691802414,8848.751045849913,826.3512603575948,100.00000005960462,25.0,3533.238542820116,685.3043496916838,86.37703858410453,6.659210810238308,0.4919631929638106,898718.3443,1575896.8888714504,139788.06896916943,1072556.549545763,363552.2705796705,1923717.759947403,259840.0000246057,1706240.0000452516,203519.99999563172,487040.0000899574,257280.00002405964,749488.3598031
21580.0,40048,5566.6720000000005,8021.0,2923.504,6768.112,8009.6,6647.968000000001,16179.392,11854.208,8570.271999999999,15498.576,2643.168,4044.848,6394.486000000001,12711.93,6814.3458860344,5123.293000000001,4456.0,11325.174,1361.0,3755.0,200.0,47400.0,12103.0,583.2,2795758.222455555,24.0,1304968.0,32330.332306369153,5711.563718234405,215.0075123685711,20.999999973922968,8.999999988824129,532.9495212432727,174.4370172705165,3.380427117956283,0.0151237811437923,0.0081690478652109,1489994.663,6371953.338289275,215769.6541166069,3393796.189906919,2762387.495734722,6227687.039818935,392319.99992272496,4323839.999019932,334079.99978808506,4177279.999494991,223360.00036118756,3750876.7378593
21640.0,26955,3250.2769999999996,5711.0,2192.4170000000004,5572.872,6071.523000000001,5139.475,11563.662,9753.179,6336.7069999999985,11671.515,1940.7600000000002,2531.5210000000006,7439.828,10828.73,3765.0780362829005,4404.648,2751.0,11141.966,657.0,2964.0,6.0,76601.0,7790.0,1765.1,1952005.741840657,-9975.0,970415.0,6257.326133704243,1646.889457984413,167.6427730917931,31.6427730917931,5.0,31.824601965836365,8.403430313735669,0.8858867049574589,0.1614674094363268,0.0262486934412308,770.1260951,970064.7202185869,160044.63124840442,618346.4745351592,191673.61446768433,806740.4799756495,266240.0000378259,637439.9998922844,65280.00000502217,384000.00000285514,60159.99999849104,663182.6004195
21660.0,382353,66529.42199999999,78637.0,34794.123,56970.597,108970.605,39382.359,123500.019,71882.364,51235.302,118529.43,14911.767,20264.709,60894.774,112214.898,84862.7022075156,32170.824,66691.0,94214.556,14103.0,17204.0,3708.0,58818.0,121369.0,505.4,30242808.41469775,298.0,21138143.0,201661.07790611833,56089.707565680226,10867.8918384078,2155.382710911945,515.0000001005827,56675.80593207175,13671.798996882131,2717.402098990574,168.54657275854555,27.30691020712682,2337868.63,6158528.989051064,440345.32194245287,1072099.0508164964,4646084.616004956,6932977.920389319,765439.999952094,2561920.0002338146,398719.999955432,5331840.0000631325,1269119.999975486,2915808.6658315
21700.0,135010,25516.89,25762.0,12150.9,21331.58,35372.62,14446.07,47388.51,29162.16,19981.48,43338.21,5670.42,7830.58,20786.458,37793.560000000005,28026.0686066864,12822.815,24321.0,29020.055,4965.0,6351.0,719.0,56071.0,41335.0,610.8,10420813.15077722,84.0,6910738.0,66204.03932744471,23182.96400443455,5568.316577575122,44.99999994481914,2.0,11565.346578018907,3785.3253517050457,1139.1805527330662,13.773242657416391,0.465567081628925,3270.927808,5060732.45148897,273970.7712686706,3481356.597625132,1305405.0828151023,4298695.6799940625,389760.00003966887,3123839.9997506943,257279.99965897476,2083199.999943785,568320.0002724959,2283556.485136
21740.0,23340,4224.6720000000005,3653.0,1987.152,3941.652,5500.9800000000005,2448.384,7336.020000000001,5902.836,3093.3959999999997,8224.944000000001,832.356,1171.944,4079.9480000000003,6791.545999999999,3956.4844502979004,1896.073,3381.0,6166.566000000001,622.0,678.0,75.0,146777.0,8339.0,267.0,1765035.397976294,25.0,1252078.0,70484.96994783744,19098.646463292,5935.810008994707,387.96095622726705,58.0,1538.8774957969579,387.51546017204527,123.16022968893188,5.2498619996640885,0.4101989526354131,223.3996113,1343993.049555848,161199.11892073284,901854.5029913852,280939.4279056034,953975.0398270544,143360.0000418338,618879.99980969,51839.99961977509,506240.00016235345,151680.00020444603,1332272.2090908
21780.0,269992,45022.727,49067.0,24370.918,41980.319,64532.82800000001,31712.875,81146.596,71189.80900000001,35690.259,105183.285,9032.795,12271.947000000004,56525.687999999995,94385.734,52442.7806226199,28384.945999999996,48123.0,84357.453,8915.0,15761.0,452.0,195736.0,110160.0,1026.7,20676049.456007984,209.0,24054126.0,117469.95161040954,34208.5178774593,8482.38865260681,436.94094621496924,95.99999993751405,30695.745744767257,7163.898923582436,1780.894782364403,95.46354261829215,10.132202599602502,1856.274272,3168305.6936214385,408051.9672616858,1752181.8104131988,1008071.9159125688,6389660.79989914,523519.9999982885,2908800.000008104,560639.9999857185,3833600.000124007,1331839.9999207875,937163.9894568
21860.0,19650,3694.2,4752.0,2122.2,2868.9,4696.35,2416.9500000000003,6268.35,4716.0,2829.6,7388.400000000001,746.7,943.2,3974.736,6858.3679999999995,4336.2406766484,1656.14,2883.0,4422.868,520.0,796.0,21.0,58578.0,7751.0,213.4,1575902.125714352,14.0,1406149.0,21435.142705579008,4707.470868414961,1636.1191207799006,39.999999977648265,4.0,843.9645212582823,125.8210069984178,45.07096118465438,0.4358958752725123,0.0086859932174794,227.1613182,1007354.016848799,190772.26030013492,677761.2533258853,138820.50314544744,825812.4799830671,197760.00002419663,314880.00000040344,180479.99998168292,322559.9999341135,220159.9999579684,455881.7246017
21900.0,55952,8784.464,11145.0,5259.488,10574.927999999998,15554.656,8560.656,22212.944000000003,16449.888,10574.927999999998,22045.088,2517.84,3301.1680000000006,13822.614,22496.724,7414.51506552,6547.554,8155.0,19362.852,2195.0,3097.0,50.0,58878.0,20078.0,315.7,4232586.673661509,44.0,2819424.0,16846.80032646422,3513.3768719066466,1103.4163060215867,45.43432356230919,6.0,2743.2184888255115,426.11604825961865,125.02638436599622,5.299296298354603,1.0791304228957803,186.9458299,721738.0617043672,33798.07821300748,476314.43727293855,211625.5462452612,1586993.9199929943,60159.99999864741,1066239.9999841598,81919.99997176156,875519.9999788504,209919.9999920152,197597.685807
21980.0,25843,4651.74,4924.0,2300.027,4470.839,5788.831999999999,2894.4159999999997,9148.422,6383.221,3824.764,8605.719,982.034,1421.365,4793.607,8648.783000000001,4857.4736083445005,2510.937,3647.0,6518.291,623.0,1265.0,54.0,61650.0,8898.0,353.3,1881415.728032347,17.0,1446556.0,40160.4140187173,14532.961020085091,2262.651285808384,107.0,27.0,521.2674460691634,185.4872693451343,2.9930894551863623,0.0526389754432173,0.0137022258210337,1060.118232,1362925.8316726307,174064.7523629648,1022796.258542789,166064.8231442191,887174.4010465184,132479.9995545729,725119.999672666,95999.99921601312,318079.99995016865,95359.99936594148,3168263.1282190997
22020.0,258663,57620.973,32689.0,18694.718,36395.448000000004,63357.03599999999,20835.004,67977.599,54116.39,23675.244000000002,85566.68299999999,6857.0960000000005,10021.928,40217.704,85591.19200000001,56067.1804069262,20190.638,57521.0,55773.772,6153.0,9624.0,745.0,135604.0,111685.0,954.3,19870914.60637567,185.0,18949096.0,227808.36077342922,53760.20828091438,14927.665873659816,1321.2874508344466,339.4739598370617,45302.20204571036,7426.732739392056,1909.38813948352,65.31266515509242,6.5908699333866245,2628.993647,4541897.481425177,652286.8953313733,2549416.7883130647,1340193.7979287978,5719758.0799285825,832000.0000043466,1519999.9999607897,1221120.0001314024,3194240.0000006105,1354239.9998846308,1798445.6929922
22060.0,67693,13809.372,10994.0,5347.747000000001,9341.634,15907.855,6701.607000000001,18480.189,14147.837,7649.309,22947.926999999996,2166.176,2910.7989999999995,11605.532,21802.3,15840.8602282168,5635.0560000000005,9326.0,14355.976,1951.0,2631.0,123.0,74301.0,23401.0,301.6,5406731.113116184,36.0,3475774.0,29725.82534046074,7776.670390593373,2135.3590282673968,194.0125417858362,27.99999998509884,5409.815488407438,1328.4960337008447,337.12666534343856,67.53298726463461,4.376380566091389,2781.602312,989559.8633349563,150868.33242721282,532163.8316603856,306527.699223206,1963141.1199593444,252800.00001699963,724480.000053621,134400.0000346459,1338879.999982108,452480.0000257092,317329.5665488
22100.0,66969,11920.482,11423.0,5692.365,14934.087,17010.126,8170.218,25247.313,18885.258,11317.761,26787.6,2946.6360000000004,3817.233,17086.645,24798.905,12252.728176279,6847.955,10120.0,24267.025,1852.0,3481.0,185.0,48476.0,21864.0,377.9,4906596.468854875,54.0,2096605.0,21434.408365951796,5138.401845120767,1205.5460349884538,24.544370770454364,4.0,2539.730173145366,701.7745398183982,204.80569648314844,0.885357572443225,0.0665146824533625,8631.497051,932843.3765679658,127569.27825471612,449047.6374969673,356226.4607474078,2022080.640088733,236160.0000216541,1022080.0000799296,123520.0000000756,1219839.9999598146,403200.00002359354,289201.3294542
22140.0,120418,16617.684,19912.0,9031.35,29502.41,28659.484,16617.684,46963.02,33837.458000000006,23963.181999999997,45879.258,7586.334000000001,10717.202,27498.576,43775.759999999995,19707.7585030032,14797.44,19479.0,34650.672000000006,5046.0,9668.0,316.0,44261.0,39684.0,755.9,9129634.358930064,108.0,6673186.0,57244.767139924705,20920.431097482917,1161.3311821079074,0.0,0.0,5366.082188342447,1418.4660117945332,61.47837199188723,0.0,0.0,4318.081666,6246768.558984472,333781.9911621648,3253301.321491165,2659685.2458104566,7114492.159958952,513919.99988389766,4210560.000179021,538880.0001177032,4865919.999732369,521599.9999417138,3530933.3844325
22180.0,390486,67338.93000000001,48612.0,22594.401,58018.932,91359.747,46049.394,128750.685,93377.82,53912.901,147928.551,16723.134,23186.058,77538.59999999999,140843.788,66435.49227479841,51768.224,79706.0,120456.62000000001,13711.0,33195.0,1364.0,102888.0,139129.0,2054.9,29658271.817792725,317.0,23044456.0,93829.52782871739,34798.33200302119,6097.649764981213,363.7474812627405,13.00000000881846,24433.275960215604,9742.91240320926,1432.8079908330335,40.44183084022829,2.536996388498907,1800.282562,4047210.107934918,463805.64250449406,214439.83310688063,3368964.632379152,8999127.679838052,987519.999967878,1233919.999932806,356480.00000291213,9269119.99994699,1637120.000000748,1048110.8471574
22190.0,36004,5184.576,6988.0,3492.388,7056.784000000001,10729.192,5328.592000000001,13609.512,10441.16,6444.716,14581.62,1440.16,2052.228,8289.6,12676.18,5059.856479854,4110.26,3530.0,11018.26,1371.0,1638.0,12.0,56661.0,12864.0,439.4,2543205.2708590003,18.0,1422146.0,17035.26844803931,4211.080368703139,116.98218151822222,19.0,4.0,692.3697449216819,222.6070147397709,2.74882803398286,0.1088807763522901,0.0229222687057453,56.24368419,,,,,,,,,,,
22220.0,576403,105892.29000000001,73270.0,42696.155999999995,87943.38200000001,145425.086,66153.32800000001,184633.106,147707.21600000001,79903.063,192882.41100000002,19631.595999999998,29674.664000000004,96658.24799999999,174763.02000000002,89617.6851967758,55548.342000000004,95296.0,148178.826,12313.0,25307.0,1652.0,181534.0,202160.0,1302.3,43186306.90421554,387.0,38434129.0,175984.74607223,38146.657733565444,9557.040299052223,1080.0000000882449,59.00000000745058,46842.36707518154,10082.817605663666,2075.5330229712827,239.7263486256273,6.866960889696797,43792.65155,5397327.873003367,501298.3964873488,1259110.7403431633,3636918.7362472424,10465287.679986067,1025279.9999837005,2910080.000026925,447359.9999260807,9912959.99995488,1464960.000042097,1679411.1914601
22260.0,60519,11135.496,14714.0,6415.014,11074.977,14524.56,8412.141,20455.422,17611.029000000002,10046.154000000002,22755.144,2783.874,3570.6210000000005,9809.747,20794.314,15314.0679113135,4758.021,8642.0,12981.761,1698.0,2328.0,83.0,67329.0,21691.0,216.2,4700096.650511924,36.0,2993533.0,96987.3080437199,21195.160055507033,4389.167169833098,464.9999998718852,67.00000003277091,3463.4019832982144,585.876956878503,118.6169184143667,10.073904718374171,0.9422114368357656,500.9586269,3093815.5278586587,526749.8405936172,2019675.721559453,547389.9657387015,3326554.880089327,936319.9999642648,3012480.0000101137,309759.9998968121,972159.9999033028,359040.0000530922,1261960.9622085
22300.0,74861,13774.424,13751.0,6812.351,12202.343,19388.999,9582.208,24030.381,18116.362,11229.15,27623.709,2545.274,3518.467,15910.877,24281.054,14362.2272888206,7540.700000000001,13483.0,20284.483,2860.0,3259.0,147.0,61473.0,30925.0,333.8,5846362.93777726,66.0,6729554.0,81857.50496442209,18874.731199645328,5913.444783739516,404.854839173146,84.0,12666.442102640009,2402.862824625292,615.3428177054009,52.105013390016985,8.190126934011074,824.3746922,1078709.9053224,259702.9427372578,597557.0711510709,221449.89145712537,1674567.0399014873,341119.9999712616,666239.9999566751,259839.99998095524,954879.999991371,333440.0000025231,340040.65058
22340.0,17069,2201.9010000000003,3030.0,1399.658,3840.525,3960.008,2952.9370000000004,7254.325,6332.599,3823.456,7151.911,1246.037,1638.624,4037.202,6545.916,2637.4720364694,2409.0299999999997,1727.0,6446.232,377.0,1874.0,6.0,39305.0,5925.0,784.4,1178839.082302128,11.0,727510.0,21680.556153840567,3424.254764563887,444.7860700365271,104.0000000623986,25.0,2607.724824165084,299.5076498170331,41.33733709846409,6.593413010958338,0.5825226862517341,156.3933197,426310.838900912,54129.91771602673,251254.2127241051,120926.70853305954,672017.2799576406,117119.99996917826,397440.0000589751,72959.99995822685,294400.000047648,137599.9999768329,160074.485803
22380.0,144060,28812.0,19744.0,9940.14,17863.44,32413.5,14261.94,43650.18,24922.38,17863.44,36303.12,5186.16,8067.360000000001,25789.061,39324.756,29184.9594089159,13393.214,25277.0,29208.605,7295.0,9220.0,316.0,57146.0,45084.0,784.8,11108566.931720467,133.0,9108700.0,203786.478858944,59481.15856418826,14743.078014492132,1719.1843886477257,182.17534857441197,19365.77153741688,5609.987766196703,1056.3765707015905,119.1431815730458,5.733441542313263,3459990.485,16819945.16118715,657083.6685831231,9255901.674569769,6906959.81828557,15047287.679644847,611840.0013186913,12133120.000064116,1409920.000469961,6529919.999790294,1189119.9993102916,11914481.5194816
22420.0,401983,65523.22900000001,74353.0,35776.487,61905.382000000005,103711.614,50247.875,125418.696,100897.733,57885.552,156773.37,15275.354,20501.133,92697.826,162727.18800000002,75979.0487829958,46956.104,63573.0,121842.994,20074.0,30521.0,1271.0,48721.0,138199.0,718.6,30288285.029817022,277.0,17895523.0,111230.96067063468,29666.63670504981,6872.839780680979,650.2875833670412,32.0,38325.98126325251,10326.551876442343,2432.3088246841808,235.74017065892548,9.616674062489192,6239.702143,2152526.180803517,373327.0522131289,640615.0460490411,1138584.0825293944,5700047.999948335,672640.000014484,1719679.9999932258,513920.0000005782,4024319.9999731863,1354880.0000005069,407629.4393907
22500.0,199119,30313.788,37933.0,15382.636,33603.411,40658.82399999999,29309.040999999997,68425.386,59943.971000000005,34287.015999999996,78892.44499999999,9869.702,13453.844,43298.513,74250.178,40570.402082793196,26385.881999999998,29807.0,67773.914,5723.0,18191.0,424.0,89511.0,72704.0,1871.0,14816918.102432916,149.0,11774382.0,119856.25189140529,27076.42679394311,5765.871240250213,326.1702640699805,53.99999996111728,14953.679602587077,3239.4176675432936,550.891759968559,34.504908624539496,5.078386624019412,1258.065533,2716709.630144521,385020.34912457265,229264.14988330015,2102425.131120815,5137849.600118309,917760.0000014782,1159680.000042959,261119.99999632855,5029120.000032776,748799.9999482142,871092.162118
22520.0,153911,22584.541,30858.0,14351.568,24307.874000000003,38727.539000000004,20649.324,52587.122,42512.279,25211.152000000002,57310.45400000001,6312.882,8429.791000000001,31053.805,50423.885,24964.967360042203,16549.377,19736.0,46500.22,3871.0,8414.0,177.0,106478.0,54966.0,1073.6,11184446.08990854,132.0,6715491.0,98049.84595245015,24952.405132945816,5748.412191181427,361.0000003646133,139.0000004433096,12675.493480545014,2852.720490117565,460.1424576766441,28.74990528639824,15.002079795190914,1912.771401,2122028.2506106207,207131.9776899848,1575155.488083004,339740.7847799127,3693919.3599306266,433279.9998981218,2948479.999935668,540160.0000026618,1049599.9999089572,487039.99992866575,806867.5893705
22540.0,103836,21701.724,20005.0,9552.912,17859.792,24609.132,11421.96,33435.192,25024.476,14952.384000000002,43195.776000000005,3634.26,4672.62,17596.242000000002,35912.797999999995,26151.4663173778,8026.356,15855.0,25725.5,3286.0,4113.0,149.0,69280.0,44011.0,388.8,8174714.633638387,63.0,6191785.0,81492.42939354098,18271.98901523404,3994.820559738696,309.22563689861045,15.0,19927.339716853636,3259.9733761522343,417.1669097408902,74.03941609190693,2.563963135740551,1899.935149,1312987.1148352174,306246.3696628822,692069.1821950786,314671.5628857372,1855782.4000574271,441599.99999920744,804479.9999853004,163839.99999616502,1102719.9999865,419839.9999797954,460512.1619261
22580.0,64963,9874.376,15109.0,6171.485000000001,12667.785,16760.454,9354.672,25660.385,18319.566,12342.97,23971.347,3508.0020000000004,4482.447,15494.556,23543.676,11132.0984566148,7378.36,8266.0,20055.724,2281.0,3878.0,105.0,44004.0,21399.0,414.7,5049759.297678015,34.0,2240837.0,21483.46039760514,7284.611179941316,1121.9922774500103,30.00000007450581,4.0,1919.4230487236928,601.2223373159793,99.5189906395751,1.5565263331020285,0.3462888241479936,21749.04775,1313121.3936165753,91299.80878858328,106156.96133069503,1115664.6234529477,2361166.079877643,214399.99992617368,528000.0000019252,56959.999957653396,2650239.9999336437,184320.0000376525,361872.0386323
22660.0,366778,81057.93800000001,60330.0,31176.13,33010.020000000004,95362.28,25307.682,84358.94,48414.696,28241.906000000003,74822.712,8069.116000000001,12837.23,50099.492000000006,87584.004,72406.5404454328,23067.392,75215.0,56947.624,12841.0,11793.0,1456.0,80344.0,133473.0,381.6,29441651.733209867,286.0,25390152.0,97538.55182327684,25465.713241466347,6282.66178486579,1120.0602032148129,39.00000004073081,33044.91621046108,6724.606566837146,1317.2462933232025,215.40978288145357,17.455239320421843,1907304.698,3231584.0819882816,193212.2164047099,576007.4011928963,2462364.463871384,7002302.08008827,264959.9999919728,1390719.999758176,405759.9998529253,6475519.999993315,1349759.999994316,1661259.4920384
22700.0,36626,7984.468000000001,6874.0,3259.7140000000004,5091.014,6592.68,4248.616,10182.028,9229.752,4395.12,13844.628,1172.0320000000002,1574.918,7294.602000000001,13618.986,8461.316023632,3557.4660000000003,5470.0,9989.652,977.0,1852.0,107.0,58355.0,13613.0,760.4,2744048.511479694,21.0,2660545.0,47192.05571509045,11745.019456652286,3405.9852614548577,161.00000004470346,13.0,2766.035179279741,586.0441476490743,112.10992407895142,3.002984090624569,0.0659890387364801,882.1451227,1094225.3643261583,205328.5572735181,88116.64083920818,800780.1661810642,1485272.9600271666,272000.0000283529,196479.9999740485,72959.99996383436,1222399.9999409325,465920.0000293268,458043.5921423
22780.0,53941,11759.138,4945.0,2912.8140000000003,9062.088000000002,13053.722,4477.103000000001,17584.766,12460.371,5555.923000000001,17962.353,1564.289,2481.2859999999996,10752.636,19396.912,9315.1925001264,5429.027,11736.0,16972.298,822.0,2524.0,118.0,59126.0,17547.0,766.1,3986152.477985332,25.0,2618490.0,40323.49218567322,9796.248253964082,2516.4383574954713,212.26952722936403,9.0,1780.8541269955792,427.480099841067,123.45135496188648,7.4926048557673,0.0931540371722275,132.4036489,927325.2253928264,113839.55049646896,420951.2217089818,392534.453220551,1348193.279847875,224639.9999538343,790399.9999633038,48639.99998270033,909439.9999923625,165760.0000060035,350143.9560341
22800.0,32840,6502.32,7150.0,3119.8,5714.16,6305.28,4433.400000000001,10640.16,10081.88,5221.56,13464.4,1477.8,1871.88,6963.839999999999,12588.48,7168.292932032,3348.0,5122.0,9977.04,1027.0,1526.0,30.0,58619.0,12906.0,329.8,2540522.53188792,20.0,2134734.0,70359.2872629402,17986.971433849543,5279.016514965968,364.0,82.0,4678.573849388399,711.2363451627289,134.87827828058107,12.228853980922356,3.437959841894169,351.3696828,2586969.585990006,469993.4524027816,604286.4918557816,1512689.6414249677,2917153.9200265473,649599.9999499541,992640.0000368212,236800.00003517853,1669120.0000775228,904960.0001081458,1162153.7932898
22820.0,29239,5263.02,4623.0,2309.8810000000003,4122.699,6578.775000000001,2894.6610000000005,8800.939,6286.385,3713.353,9034.851,1140.321,1695.862,4833.147,9550.53,5088.0971509928995,2720.454,3518.0,7148.427,871.0,1604.0,61.0,63297.0,9894.0,485.1,2228965.0009678258,22.0,1805234.0,40449.12803220451,11740.79318735934,3043.5892445640247,159.00136405043304,32.001364005729556,2544.5866331461893,417.4716121851414,98.1696057818332,5.431598467943582,0.5824835400895543,300.7155117,1108771.45955968,202661.66074997257,710016.6962811218,196093.10281193609,1016212.479994503,200960.00008174352,480000.0000609557,136960.0000110089,477439.9999807316,240640.00001420136,819492.6910945
22900.0,229801,33707.100000000006,40644.0,19501.008000000005,44799.326,66382.129,35129.99,93347.25799999999,78898.515,46630.26,86663.642,12045.387999999999,17015.378,50788.847,82154.46,35184.2879654453,27598.906000000003,31865.0,80741.17,5917.0,15147.0,627.0,150349.0,83237.0,1264.9,17547011.05151059,164.0,11432289.0,168470.19702484686,48938.70100925193,13483.823045362878,1281.298090884054,72.99999991431832,36732.93591821313,8602.222001708105,1613.7842488191418,93.3351072170278,4.250948635065962,2907.365994,4084006.209108845,505923.98075279046,2112289.956542644,1465792.2716487988,6838979.199886641,908159.9999017868,3816960.000023979,565759.9998972678,3680639.9999477407,1272320.0000168416,1540611.491073
23060.0,454411,73709.046,70308.0,35192.098,83305.22200000001,108344.996,56950.43499999999,138890.28,125220.156,63377.225000000006,172689.983,16618.029,23658.8,87586.909,166994.416,80066.8691189618,47785.343,74854.0,128516.454,16014.0,29642.0,854.0,189477.0,175447.0,1133.1000000000001,34177789.1990503,323.0,30088080.0,233011.95916916564,61013.67936254754,12558.561871363278,1254.016566632325,213.98558255890373,59256.83557223817,12515.924930159597,2417.1449223008403,326.9506464811463,30.022031696190115,4492.779292,2736276.8297861754,557367.0228840663,1030893.702736506,1148016.1041425772,6189028.479970932,749439.9999680455,1669759.9999645937,573440.0000019696,4775679.999998429,1316479.9999806532,635443.3928658
23140.0,32843,5419.095,5519.0,2791.655,6108.798000000001,7948.006,4203.904,10838.19,9951.429,5057.822,12808.77,1313.72,1773.5220000000002,6795.465999999999,12495.928,5289.835316425801,3768.102,3658.0,10982.246,939.0,1478.0,15.0,59503.0,11761.0,280.9,2442146.151078948,22.0,1784025.0,30172.354228460197,9490.078159847017,1468.7520601301255,236.1163656860587,7.0,3279.1620700430726,668.832227134167,60.60370667011448,5.18210963516393,0.7378393460606374,82.96221442,690479.7396733585,118359.9617534697,471990.1735658501,100129.604307819,864680.3199807081,149760.00000221436,409600.0000029015,122880.00000778698,351360.00001194683,234240.000007496,259237.3575238
23180.0,75831,10603.704,13317.0,6824.79,12895.492,19876.151,10030.757,26957.928,18792.404000000002,12168.772,28654.641,2902.643,4012.725,15963.537,27498.868000000002,12180.5785578959,7986.708,12265.0,22124.303,2346.0,4169.0,93.0,125354.0,27370.0,1067.5,5584472.139396826,58.0,4436897.0,32852.337729298044,12135.14777207579,2628.992194483245,120.49298164751964,7.000000021798769,5886.204591722845,2115.4643172621954,290.91861479072236,14.344353983935115,1.257843814288199,697.7845845,767833.9196689384,163526.38456338466,449194.7837109675,155112.75135849084,1183423.360027045,273920.00000628084,784639.9999891556,92799.99998584334,685439.9999997756,110079.99999863884,262398.7961935
23190.0,19949,2832.758,3175.0,1695.665,3710.514,5306.434,2693.115,7241.487,5306.434,3351.432,8238.937,797.96,1117.144,4584.21,7081.3,2771.8613102655,2198.93,2172.0,6391.805,617.0,731.0,17.0,56107.0,6461.0,210.0,1370429.30555175,20.0,1163336.0,17626.13882134798,6321.263402579752,1519.7720773501253,165.7192648700437,23.0,1397.6083801492475,384.2961457881608,38.51215678574922,5.733815167557415,2.7173246086588505,172.580538,,,,,,,,,,,
23240.0,27477,4286.412,8146.0,3159.855,3764.349,6072.417,4011.642,9534.519,7501.221,4835.952,9067.41,1071.603,1593.6660000000002,4151.84,8923.76,5685.380008688,2749.9199999999996,2372.0,7252.240000000001,635.0,1362.0,26.0,64365.0,8708.0,88.9,2170511.07569672,22.0,1612974.0,18992.97259069463,6120.864708620162,752.6274964785622,1.88418090343475,0.0,513.6620967454091,125.14985156042594,9.775844962276013,0.0147348364882775,0.0,876.9051598,1374166.2730762989,166860.17995528117,981902.8241468852,225403.2687123859,1194095.3600344835,455679.999915983,1047039.9999521,74880.00010510448,439040.0000396633,128000.00002404836,677234.3009977
23300.0,43627,7111.201,10413.0,4493.581,7416.59,9423.432,6064.153,14178.775,11343.02,7198.455,18105.205,1919.588,2443.112,8503.214,16348.963,9980.1871675521,4426.9310000000005,6047.0,12448.004,1546.0,3037.0,104.0,57952.0,16020.0,606.8,3409225.690362259,22.0,2246604.0,34186.096615284674,7746.392498620582,1074.729616198158,101.00000001303847,26.0,3270.4538418716156,589.6369214195947,72.78189615788699,9.682700666854863,1.6390775693184234,256.7317295,898560.1463847194,233798.93350985248,497802.464445106,166958.7484096525,1180133.7600361132,300160.0000025616,359679.99993741384,106880.00004710324,841600.0000029696,271999.99998558057,361109.9797725
23340.0,36997,6844.445,7026.0,3255.7360000000003,5845.526,6474.475,4254.655,10581.142,10470.151,5031.592000000001,14021.863,1368.889,1923.844,6990.8460000000005,14452.578,8379.8007542418,3549.7560000000003,5214.0,11735.928,709.0,1974.0,62.0,62491.0,14703.0,399.3,2782571.879466366,25.0,2835773.0,80355.7859413201,18468.52787908337,3992.746329227665,652.8205506430097,163.00000007740164,16217.609132034931,1862.7993350342635,392.0740589089648,86.48192270616204,13.195710468947388,1006.795865,912435.954210818,95049.03846799998,50266.17146798289,767120.7443438359,1454458.2399486955,114560.00006427952,111999.99993692494,99199.99992274855,1022719.9999043704,598399.9998873251,338593.5644957
23380.0,58667,10677.393999999998,11538.0,5397.364,11792.067000000005,15077.419,8682.716,20709.450999999997,17482.766,10384.059,24698.807,2405.347,3402.6859999999997,12662.167,22348.433,11524.8585356264,6476.961,7929.0,16863.439,2455.0,3027.0,75.0,60455.0,23831.0,389.6,4458138.054541125,44.0,3671251.0,57054.61934745528,15740.915952768308,4654.854830284356,461.26091259950766,38.0,8462.161954552646,1448.3239211327823,354.95096494865595,31.47375876527157,3.0941061036105832,402.3687878,799745.0927527143,180300.21217485992,459159.7943268258,160285.08621989525,1090062.7199918614,221439.9999823271,444800.00002152147,168959.99999080514,623360.0000189679,208639.9999926795,261271.4244462
23420.0,1175446,195123.33000000002,151513.0,71648.552,167340.446,272489.56200000003,154624.45,436197.774,311438.83,187109.11800000002,447792.684,59573.58,95691.894,165375.57499999998,427933.015,184046.56594317357,155159.57700000002,177934.0,343018.04099999997,56909.0,85569.0,4482.0,130145.0,353123.0,1338.5,90560619.4463504,812.0,63798083.0,473843.3952527164,130510.58271495477,37395.70217810831,5978.47877600814,383.00000018173085,325983.6134161277,78208.51996842725,16073.7933109088,3898.9472249661626,177.50547413520326,4951.332426,8028522.620213831,1147127.011899677,2838954.639744089,4042440.968652933,12714674.559786614,1680639.9998249658,3470080.0001083636,1690239.999746397,9993599.999756942,2044159.999928685,3813281.6211301
23460.0,103088,14432.32,20061.0,9381.008,18968.192,27215.231999999996,15875.552,39379.616,32472.72,19999.072,42678.432,5257.487999999999,6803.807999999999,24057.185,35317.994999999995,15722.8192645001,12182.149,14027.0,34703.769,3126.0,7507.0,135.0,47872.0,37095.0,609.2,7425688.419644376,85.0,3527297.0,55035.72130202423,17316.928780408984,4161.618590977289,216.07959493977253,68.99999997549457,7975.166077468716,2303.0869015572453,462.39817213221505,14.664144893011294,5.167474182602211,446.225423,1344056.8535529724,140707.26997474345,353188.7170376626,850160.8664785473,2602175.9999605576,274559.99999731185,833280.0000094721,116480.00000825584,2174720.000038548,479359.99998619966,342448.9519344
23500.0,56121,8923.239,10016.0,4714.164000000001,10326.264,13132.313999999998,7632.456,19922.955,16499.574,9765.054,18183.204,2862.171,3928.47,13583.892,21149.604,11853.8981077132,6877.92,7359.0,19487.44,2039.0,4055.0,34.0,45085.0,19323.0,762.7,4164991.74441084,37.0,2204955.0,31446.953649112147,8445.654159967562,2120.239943191006,189.99999987744377,14.000000029802322,3091.31381772767,816.4672779140981,179.1030457060836,9.61499907176472,1.3080092953039886,22.71392846,918348.0273393724,113328.92499776196,46785.27969839252,758233.8226985096,1525077.7599425593,322559.9999753609,224640.00000347153,72959.99999165397,1568639.9999750368,256000.00001244733,251729.6646029
23540.0,348282,59174.576,55919.0,27482.732,49015.746,77877.306,37582.909999999996,113834.93599999999,84909.686,47229.65,110236.476,13289.43,19925.780000000002,58771.992,109876.942,61519.1661312622,36201.126000000004,60633.0,87446.954,8581.0,18015.0,1854.0,145889.0,109592.0,1949.9,25956616.75484192,247.0,19981395.0,127766.73516193122,37185.21638964176,7873.819390664771,1088.917017609232,21.999999940395348,22444.983732307493,6963.545405354246,1226.4639964105431,415.1696801992051,0.6655064588003321,33057.89084,4729777.95441989,708355.8899874579,1904618.6940870709,2116803.3705142215,7638192.640076593,1448320.0000647723,3119999.9998708526,671360.0000177867,5217920.000076392,1405440.000034413,1499779.2311636
23580.0,212692,34243.412000000004,33031.0,16589.976,36157.64,47004.932,27862.652,76781.812,62318.75600000001,35519.564,74229.508,10209.216,15101.132,37186.38,69827.758,35044.6704399176,24584.329,25247.0,65902.529,4816.0,12154.0,195.0,67735.0,74735.0,374.7,16274607.381524568,143.0,15404898.0,58987.107184547334,15961.374691160776,2857.172437902814,138.57148064033854,30.000000004562985,19106.246889121096,3981.6063040346303,542.7439008045833,31.23006565131838,4.783715758190257,5884.030621,1249998.5673117118,171348.01524214604,788732.4343451286,289918.1177161711,2606343.6799603803,389119.99999853416,2165119.999964133,207360.00000625593,1185919.9999880851,163839.9999918594,251513.8650068
23620.0,43050,7705.949999999999,7967.0,3874.5,6844.95,10159.8,5854.8,14723.100000000002,11967.9,7103.25,15971.55,1765.0499999999995,2539.9500000000003,7533.526,14735.908,8540.258729904,4387.657999999999,5278.0,11838.398,1369.0,2195.0,25.0,66323.0,14864.0,242.4,3186151.3718056222,34.0,2651498.0,53549.265800297464,12392.558060559786,4462.257689416611,414.00243500352315,33.999999985098796,5935.756157201781,1051.5689417890028,324.32132671662697,44.846885305256066,4.8845132253815855,47416.49305,1408463.6612110366,244409.2931172194,122136.64875189507,1041917.719381219,2124168.9599941885,517119.9999169479,282880.00011235545,60800.0000676477,2303999.9998670863,337920.00000698,559871.8161264
23660.0,48640,8512.0,11025.0,4620.8,8463.359999999999,10846.72,6663.68,16878.08,13521.92,8317.44,18434.56,2286.08,3112.96,10203.024,19130.67,10764.3943118058,5346.777,6385.0,14029.158,1825.0,2652.0,92.0,52881.0,16991.0,474.9,3744918.009357867,41.0,2178065.0,89501.57692629925,22519.15273326399,6091.371197866659,817.3627054816073,147.83593953028324,11377.394110481937,2470.6233800546424,602.8757819966746,136.6873948818852,24.98927260180524,470.2825369,1131865.0318608545,221032.12634863815,577878.9295936631,332953.9759096892,1602634.8799565835,241279.99995099567,438399.9999536563,160000.00004994756,1066239.9999426797,439039.9999752491,458476.1883637
23680.0,29068,4650.88,5825.0,2761.46,6278.688000000001,7441.408,4563.6759999999995,11133.044,9679.643999999998,5639.192,11714.404,1424.332,1889.42,7897.530000000001,12367.83,5305.5394588176,3397.4280000000003,4086.0,10281.69,976.0,1459.0,125.0,50642.0,10655.0,227.4,2170316.4756323644,29.0,2412621.0,15870.991334732124,4399.205109006531,974.9215011262426,12.0,9.0,709.5794906593767,207.10965334430065,44.206259801947965,0.5462307505282953,0.459780007233042,71.84624645,,,,,,,,,,,
23700.0,69830,10055.52,9483.0,4399.29,21367.98,17317.84,12010.76,29049.28,22066.28,15711.75,26046.59,5656.2300000000005,8030.45,17422.704,27479.712,10403.7472751472,11048.544,9209.0,21176.376,2478.0,9233.0,123.0,35659.0,16950.0,1010.3,4811839.60129548,54.0,2673919.0,114636.39681896256,32893.3412344209,8322.407629864749,1032.916496705917,133.00000007450586,5512.682363867596,1296.3440424314997,344.7990165505511,47.58360227187219,5.848343459348356,133.0614626,3353701.907101946,307493.2922339147,2281399.8129230393,764808.801801942,2898057.600270907,330880.00007932895,2493439.9998638444,253440.00016646256,1119360.000426062,234879.99981309896,3488358.4384324
23780.0,37650,6287.55,4180.0,2334.3,6362.85,7191.150000000001,5233.35,13742.25,12123.3,5835.75,16151.85,1694.25,2748.4500000000003,6357.308999999999,14294.966,6176.3242139424,4705.127,4903.0,13073.788,712.0,2769.0,43.0,65023.0,14752.0,850.1,2785163.3284065854,27.0,2775189.0,32090.23664854419,8475.439448672729,786.7534586922575,46.99999997764826,14.0,2635.8297930774143,388.87090324565855,29.27039992421228,1.1030958058599836,0.0849503039776634,211.1372475,3018917.1430893163,190858.2811194881,1942002.9086261576,886055.9533586589,3291630.080068333,342400.0003475195,2243200.0002750847,604160.0002954922,1287039.999918954,332800.0000936465,1390395.7494697
23820.0,50818,8568.364000000001,15555.0,6276.442000000001,5903.217999999999,10383.532,5846.45,16835.876000000004,10695.228,7554.032000000001,15237.07,1627.366,2338.8179999999998,8131.296,15699.125,12180.930997973901,4037.821,6518.0,11308.884,1992.0,1863.0,76.0,148859.0,16087.0,671.9,3981535.178830144,41.0,3406953.0,53706.38445975435,14424.949247286047,2326.5136468349974,215.0,3.0,2459.781423923213,485.1678817880384,101.05415150887764,2.1459354694587143,0.0299432856203542,578.5776363,611356.2903066218,47557.656987101,178855.61424515513,384943.0189463147,1138577.280045019,92800.00011530006,378239.9999881878,55039.99995284774,953599.9999483842,195200.000023308,454211.8858218
23900.0,106027,18342.671,22136.0,10178.592,16646.238999999998,25234.426000000003,11556.943,32974.397000000004,25658.534,14525.699,38699.855,3392.8640000000005,4877.241999999999,20856.626,36781.636,19516.2637106836,8835.812,13083.0,28048.566000000003,3742.0,3394.0,103.0,70470.0,40323.0,202.9,8178864.21090482,62.0,4508275.0,33355.464250667865,10991.17117946195,2036.259535943968,50.0000000149012,14.0,4033.1180045660312,904.5276901955756,102.07553208168306,3.306607482277736,0.9435658316040668,32655.90375,1109166.1395332085,70722.68081502288,551742.5785629477,486700.88015206886,1821493.1200079892,106239.9999875808,925440.0000119556,168320.00002124856,1153919.9999568034,266239.9999992306,331953.1726031
23940.0,47058,9364.542,5430.0,3435.234,8988.078000000001,10493.934,4376.394,14305.632,11576.268,5929.307999999999,16705.59,1599.9719999999998,2352.9,9148.496,14982.996,8358.4297430116,3780.756,7985.0,12415.816,1617.0,2163.0,101.0,85022.0,18578.0,412.2,3614767.888462556,30.0,7242684.0,79145.83606967915,19401.697136701223,2814.635572712151,386.48767552140623,90.9999999454012,2813.2032849584457,742.7218523784667,138.98359682328186,4.52317226210542,1.7062639585640496,1093.849555,4947976.066541046,630318.0695305555,2858721.706270105,1458936.29147441,2922135.0400867867,494719.9995321949,1895040.000354519,166400.0003613295,1630079.999698614,404479.99973955814,6434771.8564848
23980.0,55224,7248.087999999999,10045.0,5077.234,10603.752,15152.115999999998,8200.887999999999,22155.690000000002,16274.21,11041.426,22545.384,2781.9400000000005,3720.7479999999996,15526.047999999999,21034.4,7857.5212786540005,7032.298,6369.0,20688.136000000002,1679.0,3470.0,81.0,85291.0,17777.0,633.3,4078006.459615332,36.0,1898809.0,36094.7864395779,13149.566628279543,2646.1552615334717,191.38338034600005,26.0,2416.798999588764,905.1043640305569,161.77405998152685,6.867999660827354,1.0040585614403792,113.6518631,1348705.80244236,244742.1336398114,825386.298943778,278577.36986533226,1387071.3600193427,581760.0000721788,1415040.00006765,85120.00001813372,439039.99999123754,65280.00001646945,497413.0993975
24020.0,126440,23929.453,27518.0,12527.076000000001,20338.821,28509.841,14090.923,38602.263999999996,33165.344,18291.991,44726.454,4748.637000000001,6453.198,22771.602,40002.858,28257.135037362,10366.902,18094.0,33170.004,4547.0,5387.0,351.0,128332.0,48438.0,418.0,9774167.39506683,100.0,8193212.0,66666.42914189358,17874.404833676737,5598.956656354816,169.00000004730833,43.00000000372529,5452.117974077015,1306.3247920968504,430.54887955622115,8.47865345023753,5.163244804494782,70215.65008,2109833.6535130776,397631.477237688,387598.72849909664,1324603.4477433783,2815930.8799098968,688639.9999834686,1175679.999958095,116479.99999714694,2456959.9998800675,276479.99999312684,1086942.4812093
24100.0,52669,9322.413,10928.0,4950.886,10481.131,12008.532,6478.287000000001,17696.784000000003,15590.024,8532.377999999999,19224.185,2422.774,3212.8089999999997,12093.948,17005.464,10949.4032834664,5017.14,7417.0,16054.848,1940.0,3413.0,123.0,55405.0,19998.0,311.0,4092784.210572768,39.0,2211353.0,12351.777370741846,1990.339280502273,2.000133674053359,0.0,0.0,1501.3729183919388,175.50441465576222,0.1157501057078048,0.0,0.0,235.6986223,610971.6412177227,145826.01107572025,105778.20481460018,359367.42527263437,825479.6800059923,271999.99996598344,231680.00003295735,40320.000004245274,687359.9999871209,172159.99999139743,317087.288932
24140.0,117286,18296.616,21361.0,8679.164,18179.33,26975.78,16302.754000000004,42574.818,30846.218000000004,19234.904,45272.39600000001,5629.727999999999,7858.162000000001,26157.037,43512.416999999994,20492.0396084019,15867.776,19086.0,38677.704,3278.0,9441.0,275.0,52906.0,44610.0,753.7,9256919.124315064,94.0,6146368.0,56148.46582018119,15144.065757512371,2780.8130799264227,38.0000001093722,13.000000094471034,6738.362049401395,1958.934381497049,350.7700622909318,8.272191694253864,2.985292965165865,310.1305757,1178506.9728187958,217514.4866418488,83656.54755036731,877335.9386729135,2258551.040048711,367999.9999913396,392319.999973758,116479.99999797482,2140800.0000436553,452480.000010515,354500.3841407
24180.0,66373,12079.886,16415.0,7433.776,7964.76,14203.822,8429.371,19845.527,15995.893,9823.204,22234.955,2123.936,3053.158,10990.170999999998,22488.557999999997,13729.4277518671,6225.646000000001,7159.0,16517.02,1833.0,1804.0,65.0,85449.0,21836.0,241.7,4920345.865723082,50.0,3207314.0,22013.18195740796,5198.320002354895,1117.184256106142,94.00000002980232,30.00000001490116,1564.590594793941,381.7503219290909,59.849465797378,4.02727427123342,0.7697830231481502,380.0204011,925459.9142094136,109268.9743488336,297599.8956803104,518591.0441427708,1665564.7999892605,315519.9999987887,1134719.9999907613,104960.00004441645,999680.0000200064,136960.0000177321,269247.6355115
24220.0,103144,23161.132999999998,15403.0,7896.161999999999,14914.198,24824.851000000002,9627.708,29707.594000000005,23933.652000000002,11433.789,36813.92,3247.975,4465.923,17042.078999999998,35310.717000000004,23989.093269170702,8980.170999999998,20387.0,25133.127,2617.0,4778.0,331.0,115563.0,43557.0,833.9,7876325.894795028,63.0,6643369.0,170579.8639538063,36313.30396439264,6433.233472522214,830.9999999529471,165.99999997764834,10353.99635700885,2040.381329873002,313.59994565771865,31.308281284619795,16.755561969205758,1999.464336,4665929.012798518,718303.0881927474,3214755.5717054764,732870.3528323396,4462938.239937306,877439.9997695873,1811199.9999449097,1070720.0000332468,2043520.0002351217,821119.9998000873,2180623.2002592
24260.0,76333,14208.071,12343.0,6229.767,11313.619999999999,12863.755000000001,9259.3,22099.251000000004,23169.499,10561.941,28934.373000000003,2978.0370000000003,4342.948,11484.734,30294.665,14589.885535694899,7725.9,11121.0,24745.0,2157.0,4993.0,236.0,166838.0,31645.0,634.2,5868928.6390956845,-9945.0,5432830.0,231399.25769887437,46089.85503443712,11622.687234382287,1962.5703994006167,348.99999991931656,30664.32172231438,3048.4865743687674,627.6010482001304,98.48580742688367,18.571104184026083,335.7583563,2411137.15877741,262729.7713385968,107022.370714174,2041385.0165967976,3166930.559865514,367999.99993933016,251519.9999800013,141439.99995189163,2300160.0001512095,1323519.99982941,1024989.3404228
24300.0,158636,28395.844,31773.0,14753.148,23478.128000000004,38707.184,14911.784,46480.348,30458.111999999997,18719.048000000003,47432.164,5393.624000000001,7614.527999999999,27852.937,44969.267,31041.0081007614,12603.843,24493.0,32521.027,5634.0,8539.0,539.0,64141.0,53713.0,477.3,12177280.73042108,107.0,8541839.0,86931.42031874144,22071.95878090808,6693.331672734276,781.0000000521543,131.0,19774.94823029173,2975.848810155378,534.083422442885,31.216670716400017,6.42632237033872,2967196.565,2953544.1830263827,170632.57749007054,421033.9422158829,2361877.662405323,3835943.680401111,151040.000477807,1069439.9996880463,277760.0001299175,3401599.999904922,576000.0003822672,2130458.986921
24330.0,45205,8814.975,11347.0,4836.9349999999995,6780.75,10939.61,5288.985,13877.935,9221.82,6238.29,15550.52,1672.585,2079.43,9415.744,14757.368,11448.2936005964,3847.78,6674.0,9687.352,1860.0,1622.0,135.0,59365.0,15236.0,341.2,3565256.255189856,14.0,2598353.0,36716.3608517032,7404.892725774637,484.00000016432006,82.00000002072198,17.000000016996637,964.3649487237695,207.04477206135223,18.21257052810127,2.284660270651409,0.4274546033217665,411.2342489,2256109.2183443643,391023.8950926481,1468498.462680181,396586.8605234537,1919041.2801039936,609919.9998255933,1574400.000018482,150399.99986962866,669439.9999595479,272000.0001460512,1707048.7610589
24340.0,1157752,225605.209,176583.0,94524.83899999999,173691.799,279897.832,115085.277,313254.521,255801.87099999998,131806.726,398128.456,36078.953,50213.175,202555.381,391949.31,251745.12362797468,108260.807,210301.0,263969.76900000003,45236.0,55397.0,3585.0,322130.0,451203.0,1674.5,91132409.15996031,750.0,78822525.0,312735.0251254609,77349.01466518555,16521.71775286053,1260.9167720527164,23.000000042724423,99207.68679985953,27139.57046432949,5775.094485936182,906.5660234503688,15.403630842511333,25100.90362,7041771.256367187,1240986.9643000234,2669907.113851232,3130877.1782901064,14642790.39997961,2298239.999994304,5082239.999985199,1237120.0000325933,10968959.999983896,2699519.9999618577,1720944.9057656
24420.0,87730,13685.88,23761.0,9738.03,15440.480000000003,22020.23,12019.01,32547.83,20090.17,16493.24,28512.25,4386.5,5614.72,18050.865,28881.384,18388.7484699114,8453.088,11230.0,25095.105,2847.0,3363.0,774.0,47740.0,24325.0,339.5,6728631.309121596,56.0,3531190.0,36497.195220298185,12024.800476774748,2268.624968121626,59.12485542346259,8.000000029802322,6973.728341615381,1616.1731438964327,165.20878782342055,3.13974198800348,0.6217849494123118,293.8780498,2627310.683599058,117818.8880637141,434196.4594724004,2075295.3361765936,2743148.159988274,300160.0001012692,1459200.0000393554,126720.00009012313,2065279.9999594272,265599.9998634355,1048712.3431787
24460.0,25080,4338.84,5238.0,2457.84,3862.32,4790.280000000001,3310.56,7850.04,6445.56,3862.32,10232.64,978.12,1254.0,4798.046,9493.46,4502.6451150118,2822.38,3723.0,8236.218,634.0,1515.0,64.0,51149.0,10893.0,484.9,1972810.357071432,17.0,1460047.0,14823.679888060407,4518.840430106741,36.7695819139481,0.0,0.0,827.3481306690823,248.95324218079563,0.549888274098866,0.0,0.0,212.5848864,1623686.756258969,175452.5923624923,933655.5602709424,514578.60354500415,2253500.7998279487,361599.99987513473,1230079.9998296336,410239.9998587331,872320.0000450849,440959.9998739367,572952.1099979
24500.0,84864,17651.712,15859.0,7468.032000000001,13747.968,21216.0,8062.08,30466.176000000003,21046.272,11626.368,29872.128000000004,3139.968,4243.2,15862.47,26274.758,20404.9505928116,6589.026,13729.0,17733.428,2236.0,4474.0,285.0,53357.0,31294.0,639.1,6271185.531666708,76.0,5028289.0,58804.486850456895,16764.54836389484,3070.286994176054,119.0,19.0,8002.945693633258,1188.2987641363602,76.59815987059707,4.666409088381597,0.9280774166380956,1410.731111,1809464.1740046511,239831.25659946195,57295.943292041295,1512336.974115641,2125469.439992696,200320.00041347268,161919.99999613824,117120.0000738694,1846399.9999097076,668800.0000845587,1726793.5488404
24540.0,350176,67233.792,42529.0,24862.496000000003,44472.352000000006,80540.48,30815.488000000005,91746.112,67934.144,37468.831999999995,109955.264,11205.632,16808.448,49429.484,94183.206,62227.6324708766,27386.606,57056.0,70804.396,11624.0,16353.0,885.0,77937.0,120486.0,464.7,26833438.72148189,181.0,28403684.0,173242.29386097897,50107.49940999107,12254.411768197007,1668.454038744621,82.99999997019768,25301.766786634216,5844.402254167716,1294.3284105911175,187.62400878699057,11.411151992979722,3731.330065,5417022.696682587,724695.1428884004,576484.8432907576,4115842.710620988,8427210.8801811,1278080.0004166798,1220479.9995608032,332800.00034100894,8092160.000090891,1882880.000390148,2550298.9685089
24580.0,330292,68684.952,54617.0,28589.725000000002,54503.91100000001,74097.531,34443.43,94331.57800000001,75711.863,41447.832,122568.20700000001,10716.261,14058.814,51653.421,112132.95,82893.46166451061,26033.0,56013.0,71533.371,10209.0,13907.0,617.0,199963.0,137265.0,884.1,25703927.288401105,208.0,24548193.0,123259.0037910556,31852.025585950956,9096.156622912687,541.9801415330237,86.00000001947046,30874.15171201692,8817.337516727428,2050.3422327946846,129.07137856742418,17.827660334917056,5280.649456,3810558.921663805,623011.6873356248,1996606.6658691284,1190940.5684135037,5909643.520043353,941439.999993527,2686720.000059524,616320.0000047226,3363840.0000671237,1257599.99996812,1196791.6251366
24600.0,37301,6453.073,6481.0,3133.284,6639.578,9362.551,4364.217,11675.213000000002,9884.765,5110.237,14472.788,1305.535,1753.1470000000002,8205.711,12889.336,6991.9399105011,3971.714,4514.0,11915.142,1018.0,1190.0,32.0,66613.0,13114.0,252.8,2912244.3599278177,19.0,1306397.0,33229.01120370051,11541.995342959392,2269.460514363037,277.21167693915754,49.99999989755449,1992.6840300308008,591.3926692556934,49.10640127955446,7.317164354995413,2.1133789678760557,119.1401657,,,,,,,,,,,
24620.0,71405,10068.105,15623.0,7140.5,15637.695,22349.765,11281.99,29061.835,24206.295,14495.215,26848.28,3427.44,4855.54,16905.753,25184.701999999997,10242.5942040056,8487.662,7348.0,24558.563,2397.0,4102.0,63.0,43164.0,23395.0,305.5,5141119.400794431,50.0,2979918.0,35752.54069109143,10960.18941425118,3375.780227541217,436.6553750558812,11.0,2842.7987114639827,699.2208402981087,122.0445007597734,15.216015565660795,0.6965463561436546,68.0412965,1196687.421097814,114058.116207302,883113.0581266705,199516.24679275457,1501465.5999286273,200319.99999199732,1335679.9999698747,85760.00000237362,661119.9999983044,83839.99999924251,398179.346749
24640.0,70894,11413.934,16792.0,7514.764,7302.082000000001,16730.984,6876.718,19141.38,12690.025999999998,7869.234,18361.546,1985.032,2764.866,11453.521,19885.561,16524.976587491,5340.2919999999995,11284.0,18831.556,2936.0,3208.0,620.0,62920.0,26590.0,219.4,5592638.104183702,32.0,3352387.0,44693.664005488085,12271.687696008215,3139.8823877587056,122.00000007078052,32.99999998882413,4970.404525035215,1144.188574172453,370.711303606744,11.68030881582747,3.5140266791947448,5527.688709,,,,,,,,,,,
24660.0,784101,123482.45899999999,132285.0,59846.998999999996,119786.555,181145.05399999997,97273.14400000001,271669.39,196720.41,117266.861,260982.66200000004,34295.782,49009.787000000004,153495.118,273665.25899999996,132301.1725104367,87119.967,128133.0,220537.07200000001,30049.0,52479.0,1955.0,154814.0,288998.0,1893.3,59656260.23021438,604.0,50006362.0,236301.85393556603,76765.13642317477,17809.852496750842,1465.8245222388532,40.00000012759121,70513.25575856402,20867.412391178397,4641.447652837656,322.26140377096107,10.879092174656234,13649.26537,5569794.448772546,774046.0541686738,700530.7562743712,4095217.638279368,12212248.320045987,1384319.999951841,3167360.0000214656,779520.0000149056,11497600.000052491,1651200.0000129228,1276065.4593816
24700.0,26416,4385.0560000000005,4616.0,2403.856,4543.552,6630.416000000001,3090.6719999999996,8321.04,7502.143999999999,3645.408,10989.056,898.144,1215.136,5821.896,9676.576,4765.1268408584,2711.568,4113.0,8001.784,1115.0,760.0,9.0,61561.0,10829.0,252.3,2015575.490360024,20.0,1744952.0,22666.70636420538,7818.641994938438,1852.398163181285,93.2617304985032,4.0,1781.9026401517983,565.5791674554539,124.3458539618088,6.322516674362716,0.1821305362880225,82.81609763,591649.8060421933,121026.82231081702,376958.59677042416,93664.38697397566,654090.8800379871,172159.99999841207,335999.999976147,80000.00001894619,336639.9999983085,125440.00001495134,238438.1892028
24740.0,42514,4974.138,7452.0,2763.41,7950.118,7567.492000000001,8077.66,17855.88,15049.955999999998,10118.332,18918.73,3146.0360000000005,4336.428,10452.228,20476.086,5232.5656334493,7496.474999999999,5651.0,20433.249,1785.0,6775.0,71.0,35344.0,14539.0,1660.3,2944020.3137555043,31.0,1731431.0,29198.466838227974,7125.939518585763,683.0348581552788,61.00000005960471,11.99999999627471,3685.344503720158,666.3559450274494,55.036315498689554,16.189764245405367,9.570083084471854,339.7665967,1005136.4639299482,120581.40770431518,542326.4864422106,342228.56992098526,1507493.1198900142,176640.00004348918,700800.0000004014,157439.99997546826,818559.9998368899,336639.99991686374,464400.8603572
24780.0,173542,29502.14,26036.0,11106.688,21345.666,39220.492000000006,19783.788,53971.562000000005,39741.118,23254.628000000004,61433.868,6941.68,9891.894,35121.408,71340.36,31712.684234604796,22682.576,32714.0,54328.428,5946.0,14452.0,729.0,49955.0,66476.0,1240.4,14184016.152644856,163.0,10952953.0,96087.37954585318,23840.70438260591,3134.311257045272,184.0000000647266,15.000000014901165,29198.763675069586,6348.494120940893,622.2327899839127,20.56728902119163,2.3655979681346486,955.4568641,1330754.9420292072,247897.0181023463,93729.56209814586,989128.361853558,3064650.240086095,450560.0000068228,515200.00001279195,199040.00001260996,3035520.000080798,497280.0000248794,417507.4133956
24820.0,51529,9429.807,10384.0,5204.429,10357.329,12985.308,7523.234,18138.208,14479.649,8862.988,20560.071,2112.689,2885.624,12340.405,19048.26,9681.626113698,5427.73,6258.0,15873.55,1743.0,2356.0,38.0,57932.0,20456.0,234.8,3906718.98836527,27.0,2741627.0,28334.904281478994,4585.578761322319,522.0509063254143,118.0000001778826,24.0000000586733,2101.7674745689683,386.0364672245142,27.84043969873432,8.014988715923776,1.078674250717068,395.5694406,1003027.1084305892,218085.4988117718,633211.3717644548,151730.23786318133,1173280.000045932,357120.0000293498,561920.0000371862,175360.00001688243,558080.0000114733,250880.00000621917,382775.8809787
24860.0,958958,167655.54,161202.0,82080.624,127953.655,219133.886,107545.855,276237.225,223772.55,122719.727,320763.243,33977.632000000005,48282.403,162972.152,320389.13300000003,201770.59491183772,101787.128,153690.0,263076.776,25127.0,49622.0,1903.0,213496.0,344703.0,2354.7,71614142.48326649,753.0,58462587.0,292442.38786414824,69629.63874204578,14380.381761943212,998.1560183408656,55.9999999916181,76757.62008729359,17680.15478324167,3282.630276434585,346.59018785931465,22.770882420805364,5125.857784,8021464.812765964,597024.0096698127,794264.5162856787,6630176.2870109845,19554141.439831052,1302400.0000041644,4108799.99992936,896639.9999665044,20235519.999750774,2419840.0000582403,1734187.1837893
24900.0,36301,4269.302,6672.0,2380.549,8715.964,7497.468,7332.041,17336.901,15224.675,9720.799,16094.037,3326.577,4538.726,9080.712,17332.186,4917.106395649001,6259.416,5332.0,17775.166,1324.0,5300.0,141.0,81632.0,11655.0,2473.1,2627464.353135782,-9979.0,1610010.0,47938.116287729135,11729.285304330198,2499.7372040100163,212.9999999627471,38.99999997019766,4084.8931608158723,751.2207477646523,114.25392485337495,11.944349186949555,2.305674927493805,169.5864632,1412839.943335501,206676.52501468812,856023.7385957288,350139.6797002552,1373527.039943122,321919.9999342718,1034240.0000312524,96640.00000010924,506880.00009168,248960.00004037,782296.1732273
24940.0,93623,14047.251,19379.0,8149.0019999999995,16237.889,21302.683,13607.293000000001,32825.914000000004,26813.486999999997,16949.564,36990.237,5076.197,6712.6990000000005,19874.390000000003,36994.518,19629.0249042378,12219.046,12441.0,31237.158,2682.0,7857.0,257.0,90930.0,32715.0,1169.1,7153774.162360117,72.0,4971721.0,49283.781652357124,9995.410820168325,920.8535787618753,214.00000003831613,7.0,4784.838965157704,1004.4782340204288,76.45533110775182,8.84796498994822,0.052181768702395,45.84452806,928298.154999948,88071.38321403737,62045.08718287684,778181.6845172308,1911391.999933277,215679.99998115344,318720.00000370387,79999.99995751762,2017279.999985275,273280.00000197126,291016.50922330003
24980.0,30618,3829.888,6033.0,2445.384,6559.754000000001,6617.544,5651.551999999999,13399.324,11859.503999999999,7346.49,13837.308,2213.416,3036.0460000000003,6622.909,12507.074999999999,4312.060942080499,4062.111,4356.0,12201.791000000001,983.0,3505.0,15.0,82877.0,10412.0,1903.1,2101368.936684102,32.0,1350522.0,31145.700219376995,9293.656667417814,2388.4797525470103,122.99999997764826,36.0,1580.1215554625596,440.3336311953998,103.24327010218158,8.082990962725884,2.043777138908528,82.5955437,559003.6462363531,76489.98383120132,301925.4475242576,180588.21488803977,764042.2400031671,160640.00001403067,505599.9999787128,52480.0000197796,421120.000001117,93439.99997160332,270152.2317991
25060.0,420782,63896.876,70844.0,34056.882,74039.91,96281.907,58010.646,157417.089,122247.37599999999,73027.905,152628.52300000002,18918.731,27637.603,84436.186,163870.495,67561.2577220671,48536.503,67797.0,151902.384,15944.0,32261.0,731.0,210539.0,152794.0,2404.5,31385388.25688519,300.0,23301160.0,211237.02918501335,55629.27599959329,13767.801647701881,2086.9999995136986,349.9999999376596,42991.11410627056,9293.59502751491,1581.489137267753,149.82578512461927,19.24277681880163,1739.389741,4210803.9928714875,492354.1896590275,1455767.9587408232,2262681.844398274,8779679.359860677,796800.0000936406,2824960.000056409,491520.00007005234,7253120.000087293,1566080.0000367735,1418137.2392004
25100.0,20495,2910.29,2416.0,1270.69,3422.665,5267.215,2971.775,8628.395,7255.23,3914.545000000001,8402.95,1106.7300000000002,1742.075,3519.472,7678.848,2574.5412088828,2719.592,2208.0,8118.782,262.0,1416.0,36.0,61334.0,7973.0,500.4,1500666.908633634,11.0,2267687.0,67703.83170996714,23443.19716900504,6617.044538230541,411.47278650692897,35.00000001117587,3069.136113712074,756.4595062124112,156.85197859121035,19.96292699311728,2.7668415453422064,100.4572708,2494067.123313475,240826.81507895433,1896659.894323391,356580.4137495363,1911279.3601459076,290559.9999878451,964479.9997741514,660479.9999559042,393599.9996801468,344959.9998277305,1306386.4609208
25180.0,302510,47466.78,50250.0,26668.07,49085.37,76068.44,40418.26,100138.31,82418.25,46444.83,125400.66,11288.69,15376.91,59305.238,111642.793,45190.8814372719,32196.477,42848.0,84255.51299999999,9037.0,14383.0,638.0,187832.0,108048.0,840.3,21967512.26421116,202.0,14059926.0,125460.06147874564,33765.75538182224,9446.469472399527,1301.7884209451454,61.05749011051376,28036.051641426537,6831.4013213752905,1999.7535819567775,409.9676322749078,10.174771158183404,24358.1052,2517201.917142582,221890.57088283857,1307781.7658628118,987529.5803718824,4749437.440091125,346240.00003531127,3391999.999961315,400000.00001377735,2360320.000018175,512640.0000539386,645098.5380007001
25200.0,31348,4834.355000000001,5937.0,2923.237,3465.072,6438.068000000001,3337.54,9688.343,6773.078,4103.6720000000005,8759.386999999999,1048.7,1589.4410000000003,4381.15,8852.338000000002,5535.741002959599,2924.1279999999997,3402.0,7444.068,1176.0,2079.0,50.0,194516.0,11256.0,798.1,2405068.7414925415,-19972.0,2675691.0,57881.956246431626,17178.45465979441,1224.2721912733332,194.00000020579319,39.0000000611763,1920.3640639112825,364.60008765165594,25.851509911522932,0.2992107544013918,0.0664125844793106,2038686.298,1650057.880897477,106570.68831900276,47403.423152313946,1496083.7693765203,1270878.719931075,150400.00049052958,85119.99976270918,8320.000098346629,1351039.9995543223,304639.99944580736,2375610.0571056
25220.0,137048,23709.304,20836.0,9867.456,25902.071999999996,39332.776000000005,19186.72,53037.57600000001,39195.728,23846.352,57560.16,6989.447999999999,9456.312000000002,31319.185,51833.935,26417.8654146975,16548.565,18504.0,46636.865000000005,5377.0,11796.0,326.0,47272.0,44116.0,783.6,10207848.385328144,98.0,5688836.0,77447.52381895122,20811.06493908193,6027.445421397602,303.9885146252578,56.9999999366701,14090.756200932346,3379.4903516672966,1005.9078876037996,36.062378805469,3.948981389265981,105.1749613,1393363.5950499724,245266.29204259167,755156.5171919109,392940.78578242386,2116879.359975598,484480.0000687758,1660159.9999761272,180480.0000620842,817919.9999540347,283520.0000181222,506427.2174373
25260.0,152981,30137.257,16579.0,8260.974,24476.96,33808.801,18510.700999999997,55838.065,44364.49,23253.111999999997,48341.99600000001,7802.031,12850.404000000002,21834.956,53900.276,30747.5382166004,19697.268,23542.0,46723.752,6533.0,9716.0,334.0,60319.0,43803.0,780.7,12091650.790547429,103.0,8428438.0,90519.22570300812,26825.17225580062,9876.884833085283,421.47191289089346,31.0,23453.423927049214,4784.189654290793,1230.6952331079278,61.36148808224477,7.1904803778939215,294.7532916,1497074.2777944885,344113.2244054662,798817.2229590099,354143.83013406204,2268286.720004298,341759.9999664384,666239.9999572681,234880.0002242216,1633919.9997526684,499200.00017701613,889778.3876914
25300.0,38858,6839.008000000001,7666.0,3640.278,7963.936,9332.650000000001,4917.816,13955.666000000001,10979.664,6661.65,14344.028,1673.7160000000001,2129.592,9102.144,14833.805999999999,6769.1208544044,3828.5299999999997,5300.0,13229.748,938.0,2190.0,88.0,111291.0,14628.0,771.2,2962851.413692439,-9974.0,2195366.0,55512.34187797318,16887.183051120945,4004.196134181765,225.9015152510256,70.99999997019768,3629.2941188886375,871.5398038013948,258.47613220467906,8.49279706487721,2.2097273914913877,587.5838767,1328736.7835605398,205504.80899190376,854872.5157381685,268359.45866646164,1803808.0000360757,312960.0000108016,1331840.0000604596,111359.99993587732,812159.9999013274,262399.99997148605,580281.1088701
25420.0,603493,109286.486,108060.0,51500.81,95462.731,140486.065,67793.42599999999,188693.464,144286.54499999998,83573.23300000001,202760.726,20954.781000000003,30270.083,108022.649,202732.055,117932.4843902865,51705.189,97397.0,153805.239,23098.0,30048.0,1287.0,201802.0,222869.0,1129.0,45957008.781761944,451.0,47954500.0,260903.81595381326,73512.06617950898,23138.160918115052,2926.451207832819,324.9999998686835,97241.56878326426,22582.90521338259,6803.641083754225,989.8480318385936,118.28188955188507,219627.0722,4496243.87280543,418177.8342560373,977998.057799552,3100067.980633341,12382758.39998726,493439.99996285856,3798399.99989054,1001599.999992968,9756799.999795783,2339840.00003425,1037939.6384096
25580.0,40355,7574.862999999999,8049.0,3618.181,5900.3820000000005,7622.400000000001,4690.0380000000005,11738.394,10589.276,5509.236,16370.616,1381.9759999999999,1940.897,6998.813,15336.371000000001,9108.859747505,3989.996,6445.0,12423.239,836.0,2311.0,124.0,169987.0,17067.0,512.3,3188535.52692383,-19969.0,3327346.0,145418.1875741883,28248.685249153506,5343.2313680080215,1105.0000001164153,263.00000013411045,12946.469649494542,1268.2222744855806,202.62299184555948,59.89215217466133,11.029416593279283,319.381215,879833.9141339273,87294.29025916407,39772.20212569044,752767.4217578166,1196239.9999068948,128000.0000293226,85119.99995701852,63359.99999557789,794879.9999908314,545920.000031337,360487.4789993
25620.0,155261,23333.920000000002,22496.0,11229.878,25440.483,34483.201,20387.845,56688.699,45494.703,25553.851000000002,63385.130000000005,7020.14,10272.637,29267.114999999998,61868.926999999996,23259.9953733401,17931.822,27489.0,55532.579,4859.0,11078.0,339.0,151682.0,54095.0,2507.1,11424963.291873883,-9859.0,7224820.0,88024.30168051845,22941.47180607918,6140.274016830962,334.0000001965092,63.99999999068676,9934.41874218681,2564.228723908642,706.3613712913317,64.93512414082154,4.913066435728245,447.9238288,3223474.755726652,453476.29955590825,1751759.0461278032,1018239.4096293747,4599826.559872845,842879.9998971457,3456000.000142276,339840.000077725,2103679.9998561935,551679.9999774595,1295166.9310962
25700.0,28941,5875.023,4778.0,2257.398,3530.8019999999997,5730.318,2749.395,8219.243999999999,5817.141000000001,3386.097,11229.107999999998,810.348,1157.64,4845.399,10292.889,5846.0838152469005,2666.403,5857.0,7798.512000000001,592.0,1099.0,87.0,55505.0,13607.0,518.3,2290221.879217152,35.0,1981660.0,29840.77281752636,8519.562226660564,2375.227136608856,57.99999999946152,11.99999997376289,2071.388768931242,257.8401491392085,58.221565706605624,1.4132342583872826,0.1876172714214058,411.5232657,1536045.2680496376,113946.37380303924,841546.2455933488,580552.6485610943,2380380.800020719,167680.00004153754,1334400.0000721496,403839.9998757318,1248000.000040525,254080.00012472103,575931.3641228
25720.0,79655,11037.309000000001,10516.0,6899.783,5661.9220000000005,16974.815000000002,7022.474,16821.922,12018.837000000001,6992.272000000001,19793.71,1832.065,2548.96,5961.727,19395.881999999998,10425.2161428278,5693.030000000001,13971.0,13054.444,2806.0,2704.0,124.0,202854.0,27482.0,447.9,6518761.519266084,68.0,6924955.0,70891.29610864124,25463.240180325844,7315.192098458059,346.0000000461877,52.0,3704.4630821229707,1338.5731281658564,265.662094814596,5.202806930275014,0.07047822350122081,2139606.469,2130062.167957242,219720.41021842323,108126.67008661976,1802215.087569381,2603105.28012172,182399.9997255029,334080.00002535596,67840.00007189618,2901760.0000883495,376960.00035334646,1950417.4929057
25740.0,94451,19493.195,18285.0,8867.269999999999,11825.32,21820.941000000003,8220.193,26585.244,16884.145,10542.906,29111.078999999998,2833.446,3719.71,14528.034,24852.655,21970.5725308016,6003.875,15013.0,15941.747000000001,2273.0,3832.0,369.0,202376.0,32231.0,769.6,7056294.332832035,-9945.0,5247230.0,124678.30596225391,36291.36333037366,7297.280300858356,304.0302587876501,52.999999931111276,11874.982203541258,2021.9863092062637,261.755363513564,15.162518779481825,1.6234079613993826,7476.322201,2920322.5690239533,425747.3599028378,98681.09833534688,2395894.110042896,3161915.520215171,444159.999476453,355839.99964114866,92799.9996043619,3150719.999761048,730240.0002734843,3273684.5078677
25770.0,60558,10415.976,13462.0,6237.474,8841.467999999999,13080.528,7509.192000000001,18651.864,14352.246,8659.794,20589.72,2119.53,2967.342,10261.176,19513.055999999997,11602.9508230704,5158.624,7617.0,14971.224,2639.0,1550.0,56.0,66614.0,19737.0,173.8,4470733.233656112,24.0,1764785.0,27610.89889873015,9264.397631022635,2652.8939522629316,42.0,11.0,1206.1313511025376,448.4471856969192,166.16568306056072,0.656021032911599,0.1597487235146829,124192.3602,,,,,,,,,,,
25775.0,56772,7620.174000000001,10857.0,5342.436,9991.944000000001,15052.428,7849.242,21491.208,15516.432,9573.966,22593.276,2291.454,3212.532,15155.389,22510.407,9897.9907613584,6972.233,7471.0,20572.683,1625.0,4208.0,63.0,107602.0,21590.0,763.6,4333259.343776632,41.0,2928939.0,55477.795527045906,17344.58488846227,3711.8640795672263,251.19238192681217,56.99999997206032,6392.954791513708,1619.8392642825675,343.214841360576,12.692000026891563,2.016505945370753,869.3640755,,,,,,,,,,,
25780.0,42138,5730.767999999999,8680.0,3160.35,7584.84,9143.946,6826.356,16012.44,12304.295999999998,8048.358000000001,17276.58,2486.1420000000003,3328.902,10866.474,18468.534,6869.4791168904,6573.545999999999,5138.0,15964.326,1731.0,4575.0,96.0,41935.0,14945.0,1129.4,3276158.021194668,29.0,1495781.0,17308.266459247974,6320.967742705317,1126.2509168249542,20.99999997019768,5.0,2455.8436021307407,878.1745017876051,212.23249318544975,4.416517830980878,0.4920314522565855,68.46298858,600465.4678468772,85296.82626280781,36873.487416970296,478295.1541606017,1151845.1200238436,199040.0000206227,186240.0000236196,39039.999990673605,1269120.000044817,142079.99999204947,161532.6162404
25820.0,18377,3032.205,2432.0,1065.866,3601.8920000000003,4392.103,3234.3520000000003,8269.65,7369.177000000001,3914.301,7883.732999999999,1286.39,2150.109,3107.09,7274.246,3226.4651855386996,2778.104,1980.0,6817.321,310.0,1221.0,1.0,51412.0,6704.0,431.4,1393180.7319156372,9.0,1909884.0,63099.93733461092,8943.65580787226,2885.4627279687797,355.9999999780265,73.00000000520957,6505.11824244672,585.6678305881902,94.0465707058906,2.889211439405682,0.4985679783290719,210.6614647,1027438.069870912,191167.21395744727,627873.1189815421,208397.7369689668,591110.4002577186,163839.99994122586,334080.00010552345,89600.00011750648,197119.9997636112,147199.99997914667,957945.0648427
25840.0,92515,17479.98,14704.0,7320.985000000001,15283.16,23868.870000000003,11045.655,33162.625,23214.32,14326.995,34471.195,4236.975,6124.175,16082.108,31121.744,17076.1139473072,9497.76,12571.0,28776.739999999998,2800.0,5183.0,440.0,122516.0,29897.0,814.0999999999999,6967075.700819808,46.0,6210010.0,123052.00063340782,32062.58753668268,8714.981866777272,436.9999999294523,96.99999997578558,7180.49558479186,1699.9137887252393,244.03874701626842,11.452187660645956,0.9465414602383633,14087.91721,5895821.051249403,520619.82368166104,1843296.820693113,3531904.4074658803,4747690.239767861,528000.0002721313,2218240.0000437596,353279.99978271534,3412480.0003469945,638719.9999679673,3357352.8861408997
25850.0,109220,18348.96,24802.0,11249.66,18348.96,26322.02,12669.52,36151.82,25339.04,16710.66,38008.56,4368.8,5788.66,23879.9,36579.665,21095.781187856,9877.595,13474.0,29632.785000000003,4651.0,5423.0,210.0,51743.0,38487.0,395.7,8276300.939677326,78.0,5070137.0,68021.89535026153,20446.864627919735,7864.447820226623,468.52115070191206,32.0,9203.652487470872,1694.4854011534478,390.3638882635215,35.578722131634876,17.08213343261617,22147.70903,,,,,,,,,,,
25860.0,368347,60332.393000000004,74229.0,34512.401,59813.931,87832.436,46002.373999999996,126228.703,90472.44399999999,56308.373999999996,123994.947,15648.769,21173.974000000002,81606.188,131475.532,63787.2354965892,39870.604,48708.0,107188.038,13229.0,18882.0,729.0,205224.0,137738.0,1404.8,28284563.15671008,275.0,18739142.0,105015.36297852745,35611.694397073676,5676.564222646511,215.02919013466823,14.00000002980232,18466.46904804005,5755.153830138746,864.3830837741003,44.726754003740616,3.1784376577112585,1647.678151,4011971.630727767,303518.063123773,457408.05089440633,3251045.5168439816,8255066.240037911,746880.0000418546,2263679.9999447,333439.9999864949,8375040.000079008,825599.9999437383,1049247.972982
25880.0,45762,8054.112000000001,9480.0,4393.152,8832.066,11211.69,5674.488,14689.602,12813.36,7276.158,16748.892,1967.766,2516.91,10729.63,18628.464,9348.0409636824,4520.142,5762.0,13103.846,1827.0,1995.0,75.0,54974.0,15052.0,206.1,3504573.7042598063,22.0,2006915.0,29100.62429004085,4343.241911220685,62.18103299289941,11.99999998509884,2.0,1318.5405127952356,157.2949343513767,4.801497545675618,1.2232800937465425,0.0598408514740916,167.7703191,973167.5453797666,234376.63062710935,621049.8422027355,117741.07257176645,914050.5599895746,352640.00000609923,753920.0000095727,147840.00001977774,277760.0000035109,78080.00001272385,382809.0815742
25940.0,228410,39042.619000000006,63038.0,24780.944999999996,28714.525,42708.533,29768.732,64987.265,50428.966,32798.003,64742.307,8767.422999999999,12321.729000000001,37313.756,66806.452,57194.264635880405,23300.059999999998,28908.0,54888.872,4823.0,11601.0,341.0,125503.0,75304.0,1230.2,18595247.625264585,161.0,13085617.0,80608.27860684707,25086.02679186801,6380.963594808134,511.712922348175,38.99562339787374,9946.886673438581,2725.8392271994103,612.6020555134097,37.00299067505139,0.8522212511820811,16254.17802,2215920.040713167,281847.75750124594,141369.17569938683,1792703.107383564,4966561.91994213,439679.9999915455,709759.9999865195,162559.9999859125,5535999.999844373,638079.9999964124,788022.3754331
25980.0,86378,14566.548000000003,8416.0,4416.002,14038.394,18296.888,10074.892,28578.132,23448.233999999997,11430.968,37652.346,3596.5420000000004,5460.162,18046.484,31026.766,14059.4072029905,11775.49,16094.0,28798.720999999998,1958.0,7636.0,269.0,103629.0,28987.0,1459.9,6377535.279468345,70.0,4863372.0,43651.66801952968,13998.659490529266,2037.5673387617626,207.3386358173361,40.50030091980304,3775.1554839922705,933.3972602096252,91.90326849059397,15.056973555574762,1.869424603931981,95.56477542,1337362.9632969676,136985.3676103697,877401.6451653403,322975.9505990145,1944489.600043917,297600.0000079389,1489920.0000227678,161279.99996315315,938880.0000307988,163200.00000696373,586779.9451396
26020.0,72452,11664.772000000004,8141.0,4057.311999999999,12968.907999999998,15577.18,9056.5,25213.296,21445.792,11157.608,25430.652,3839.956,6158.42,12139.27,26074.29,12510.84321399,8978.75,8887.0,23703.9,3264.0,5209.0,88.0,66780.0,23699.0,591.0,5345945.38521274,56.0,10738558.0,72959.64205212028,21294.821718658543,3151.9637108746483,57.99999998416752,14.0,4472.172178717174,1329.577843689976,52.09146944217304,3.1872551749931803,0.1493923489974148,653.4746417,5358364.547694294,345245.4075316746,2235706.746111897,2777412.3937224178,6679669.759955624,463999.99954112305,3365759.999979396,624639.9992423127,4283519.999786966,952959.9998453776,2810479.51022
26090.0,121210,22302.64,20857.0,11030.11,20242.07,28969.19,13333.1,36120.58,29817.66,16726.98,38544.78,4363.56,5818.08,22833.984,42932.647,25260.6378920382,11179.138,16413.0,33299.560000000005,4543.0,5361.0,113.0,63732.0,45448.0,341.3,9300192.614131546,66.0,5923636.0,75079.71077260349,21381.09156259304,4708.8609944900445,256.78746207093354,17.000000000000004,6016.176824172582,1683.017203139079,385.8328579074682,19.7299384526698,2.278194993647249,470.2998005,1592634.3009029713,287163.77684469486,1089753.4342055412,215717.08986352888,1883581.439907488,497919.9999754032,1564159.999913019,308479.9999981712,540159.9999748395,171519.99997477792,528150.5038997
26140.0,162529,21941.415,56742.0,22916.589,21941.415,32993.387,24704.408,58022.85300000001,43720.301,32343.270999999997,54934.802,7476.333999999999,10564.385,35651.33,48810.19,33859.780604221,16831.1,11249.0,44678.92,3918.0,6603.0,121.0,48574.0,37742.0,257.3,11401896.89862938,69.0,6000883.0,27112.556108771183,9283.184761884822,1142.4997040022067,9.000000007450579,1.0,3570.718156579826,1211.274238259415,180.55916152406516,0.3358267114592207,0.0346382072942938,39146.73421,2043612.4873972184,146736.74246698536,743969.0853870265,1152906.659466729,5446538.880132593,420479.9999838163,2126080.0000517555,505600.00000425,4050559.999920205,821120.0000318144,372414.8628276
26220.0,24048,4424.831999999999,3980.0,2020.032,3102.192,5699.376,2573.136,7022.016,4713.408,2837.664,7382.736,769.5360000000001,1154.304,3538.56,7146.96,4908.6112357679995,2118.48,3573.0,6285.6,885.0,696.0,100.0,81718.0,7787.0,410.6,1890322.36590504,26.0,1492846.0,25321.95456276098,8821.300857236469,2125.652722568626,107.00000002980232,18.0,1575.6243915679672,272.73071648881125,55.01728635739552,2.00347078457566,0.1673536835746521,82549.26604,723433.3651743232,85789.78256973409,267332.2654455214,370311.31707590143,699590.4000474458,117760.00000318418,419199.9999771492,53120.00001864695,432000.0000592754,78720.000020234,334129.4687938
26300.0,100089,15213.527999999998,24664.0,10709.523,16414.595999999998,28425.276,15313.617000000002,40035.6,30126.789000000004,19317.177000000003,37633.46400000001,4303.826999999999,5805.161999999999,20955.69,36123.618,17733.2838936936,10677.423,13914.0,31732.902,3295.0,6424.0,292.0,46459.0,31978.0,476.9,7415894.082671816,86.0,4272659.0,36102.41635019575,8962.75362345084,1202.1463465873803,49.0,26.99999999627471,7710.26260463776,1672.233716032854,281.0246294873431,10.967631064756748,4.261565601899155,5329.99258,1697297.6104212282,104610.56466942144,216111.7824407852,1376575.263286578,3538323.840103258,286080.00004860485,778240.0000222356,99199.99997048492,3633280.0001406223,496640.00004761113,433666.8299918
26340.0,39215,7662.110000000001,7300.0,3407.42,5069.610000000001,9559.715,3753.79,10753.655,7899.655,4485.795,12243.825,1252.6999999999998,1718.92,7913.217,13413.66,8203.321297700099,3694.8340000000003,5278.0,9692.501,1235.0,1094.0,70.0,97289.0,11047.0,173.7,2920825.593767978,-9978.0,1477691.0,29836.672850045463,4016.1233302606133,194.0,26.0,5.0,1664.725986395768,207.30303366181698,1.619465621834864,0.0399205441336164,0.0027456958285392,661.6118034,1497883.4194068504,115464.05336877656,891208.8573311125,491210.50829859736,1629798.4000974211,214400.0000578155,1183360.0000146043,266239.99984018534,531839.9999950494,219519.99996187532,991474.3283454
26380.0,200656,36405.69,32910.0,16148.350000000002,40338.566,56879.312000000005,28466.404000000002,79439.738,63066.19,36055.668,83785.048,9910.182,13521.990000000002,49545.464,81262.061,43622.209383412905,23991.71,27251.0,74805.92199999999,6250.0,12499.0,445.0,112145.0,70011.0,1425.6999999999998,15742995.06072547,149.0,11124662.0,58822.399723150316,15057.672248385923,2094.8828776032533,287.000000074273,26.000000042840874,10678.267674146608,1894.1752971878282,148.8577579308632,22.45552323081661,1.340250400841375,628.4109272,1459744.2582862617,231262.81149909657,494952.0643332115,733529.3822320545,3103162.239910002,549119.9999603895,1592959.9997485892,279680.0001534149,1653759.999921814,657919.9999982525,1470807.9500505
26420.0,7368466,1219694.5489999999,856588.0,430949.731,1104353.995,1511303.133,1012638.751,2380972.96,2022031.367,1077899.604,2631451.899,325098.322,513356.974,1088228.2519999999,2478364.426,1375181.5581564761,904352.7860000001,1321562.0,2000007.5750000002,295144.0,459924.0,8564.0,739354.0,2591034.0,3232.1,570335548.2032956,5300.0,646210794.0,1650899.104488241,431258.5261309063,115032.31444987007,17122.411268658478,1545.9999996218264,1171874.2249931672,258174.60405783233,73658.85616334113,11886.437924874706,398.02230384692876,286789.9252,29672853.78251276,3889034.3295144713,5422318.943926926,20361500.508891005,98180327.03962828,8151040.00000747,16237439.999919211,7211520.000225459,88903679.99910182,20839679.999771833,5291161.2837513
26460.0,61286,10786.336,15161.0,6496.316,8151.038,12502.344,6680.174,16669.792,15137.642,8334.896,20040.522,2083.724,2880.442,10477.984,17800.666,12620.2885033234,4881.7880000000005,8116.0,15597.908,1878.0,2311.0,119.0,66068.0,21429.0,277.5,4784131.135970943,45.0,3133048.0,54337.243074259815,17676.913834601644,3802.1642728142942,286.9999999590218,46.99999997392297,3329.6813079716057,738.7347652398483,142.38140044088203,18.77158246381066,2.4905265818699744,1026.551588,1151391.6426677322,264240.1978017874,230621.86299680785,656529.5818367882,1228922.8799757373,511360.00000351033,574719.9999788518,56319.99999980292,1073919.9999891457,72960.00001011867,406175.7587457
26500.0,43281,7660.737,9675.0,4111.695,8136.828,9911.349,4977.3150000000005,14499.135,11209.779,6362.307,15148.35,1601.3970000000002,2207.3309999999997,10300.29,16141.58,9177.125385428,4146.87,5248.0,12529.79,2063.0,1572.0,51.0,55282.0,14265.0,194.9,3491349.47678062,21.0,1498483.0,45182.15671930197,10155.143365714508,1634.8833534365017,359.38775927899405,75.9764762935229,4659.990764937762,1070.0265435798576,185.66659347117127,25.32739216905347,4.5487534515808505,164678.3134,1281551.6793166592,162980.4178613317,951613.841903368,166957.41965768195,1542175.360003532,437120.00000391377,1490559.9999434885,131840.00000154984,395520.00003695267,152320.00000114818,559764.8710371
26540.0,36834,5967.107999999999,6567.0,3351.894,6445.95,9392.67,4714.752,11418.54,9982.014,5340.93,14254.758000000002,1326.024,1731.1980000000003,7861.32,13211.385,6659.5047821875,3675.895,5178.0,11391.635,1186.0,1685.0,32.0,59252.0,15474.0,268.3,2792432.614885125,29.0,1906513.0,41344.349494155955,13643.668641599072,2884.4093452392567,274.4022435552374,37.01441746903585,4464.06387000436,920.9260793705752,171.53823085654506,31.5992305587483,18.137987350280227,239.9612452,715387.300308093,160968.78193079247,431229.4648811702,123189.05352100958,871525.1199952071,170879.9999740556,371199.99999376375,145919.99997945107,444159.9999960997,181760.0000174945,244890.1117946
26580.0,370413,53544.226,74436.0,36200.853,74375.60100000001,106269.727,56622.344,149279.85,114959.994,71552.811,154832.31199999998,17480.043,23010.177,92898.872,146442.594,56638.510556635396,44019.424,53343.0,121350.109,12694.0,19430.0,1238.0,399546.0,121727.0,2003.9,27061440.889850784,328.0,18418246.0,199664.7852505882,56425.94473357449,10873.145599337618,842.1900017547587,216.62659860111216,40125.44662054048,11160.674429704484,2388.4769130147074,194.06322841127175,49.13502238324663,245845.4937,5123351.877351299,710852.1721127961,3223168.305876623,1189331.3994104906,8952986.88009353,1597440.0000027278,6933760.000077636,575360.0000037545,4026880.000088835,1066880.000004251,1599900.8632788
26620.0,514465,79116.71,75326.0,41197.235,70570.98000000001,118992.35,63026.565,145257.68,116438.435,68029.485,182826.04499999998,17824.51,24108.99,82253.129,157773.06100000002,83191.8325182493,51671.554,88226.0,137178.614,10568.0,25482.0,664.0,138660.0,190923.0,1104.6,37233303.020553075,412.0,38694943.0,187726.1817975132,51886.81847162412,12636.013133150715,1109.0000000381692,93.99999983981249,43687.83061694323,12890.460508353188,2810.1176163576984,266.10256023761326,31.63638399401328,10461.09078,3396498.3237526515,403563.00968665467,2605295.6995630083,387639.6144418145,7383354.879930914,826879.9999948544,7263999.9998998605,1407359.999992417,1360640.0000711542,223359.99998392665,871370.9311851
26660.0,78870,14827.56,10252.0,5047.68,14354.34,18455.58,10805.19,29418.51,23187.78,12698.07,32100.09,3943.5,5678.64,14071.98,27350.156,15511.5360056456,9814.304,9443.0,23453.3,1742.0,2844.0,47.0,43002.0,21278.0,726.3,5634361.34185352,35.0,2782884.0,40369.96421517199,12636.141545991431,3592.033035860034,410.6851081512283,20.0,4441.141013790314,1428.8422972508529,484.4606999734721,56.07363270701322,0.3399481149176729,2354.961635,992870.3840459384,239126.3696186941,30359.48149752029,723384.5328989017,1045330.5599756046,428159.9999698088,99839.99991893678,29440.00002613417,1171840.0000611336,167680.00004413055,501890.961054
26700.0,19376,3216.4160000000006,3321.0,1627.584,3681.44,3371.4239999999995,2363.872,6645.968,5909.68,3235.7920000000004,6742.847999999999,968.8,1356.32,3480.444,6109.29,3986.3293327143,1758.735,2562.0,6646.1669999999995,361.0,555.0,55.0,54033.0,7072.0,292.6,1443164.008058289,11.0,1141528.0,27872.245506991007,8949.309660792629,504.6273182316217,110.9999999813736,22.0000000037253,1461.8438515364428,289.26316597629204,21.177192908864548,3.754650355660871,0.0287657646932772,121.6315957,2116474.98105935,226484.7947068799,1724183.877119362,165806.3094849459,1538039.6800698345,289920.0001552343,593919.9999553452,575999.9998315611,405119.9999676161,295680.0002853449,1142273.6418307
26740.0,61516,9227.4,12705.0,5720.988,10703.784,12672.296000000002,7997.08,20976.956,15502.032,9842.56,22945.467999999997,2399.124,3198.8320000000003,11864.256,24655.407000000003,10722.4603695328,6550.058,9251.0,18846.865,1629.0,2261.0,115.0,57611.0,23674.0,506.5,4788974.447286387,48.0,3086536.0,72898.78819752326,18383.0744003216,2553.14309293803,378.9999999795109,93.9999999795109,9070.86318523768,886.4089063290519,111.37269332781688,23.982305254205468,16.288715494152264,656.8893852,2027992.4274866744,336377.06020577066,1268526.417962368,423088.9492843968,2594612.4799527284,441600.0000709014,872320.0000550341,521600.00004486745,1205120.000047456,687360.0000083452,803379.4227735
26780.0,36714,7783.368,6934.0,3487.83,5323.53,9508.926,4001.826000000001,11271.198,8884.787999999999,4772.82,14759.028,1211.562,1578.7019999999998,6606.35,12712.76,8109.256908098,2963.9300000000003,6085.0,7963.33,1091.0,1055.0,82.0,76095.0,15947.0,309.3,2879206.7118361704,23.0,2197208.0,21299.7038680244,5380.943010685017,203.70037751644844,36.0,11.0,1184.8927234752464,189.5081219155697,7.320435283560133,1.1527935947570649,0.7475296220246717,271.230169,860484.4704316416,138560.55910271648,465151.0296762672,256772.88147659277,1328038.4000335794,285440.00002233667,808959.9999755416,117120.0000519778,586240.0000037416,280319.9999975728,314544.2577932
26820.0,165608,22921.9,21168.0,12607.923999999999,22183.584000000003,38220.488,16588.196,55256.22,39047.784,21804.095999999998,58747.748,5795.371999999999,8414.356,24320.798000000003,48763.623,26092.0389995,14158.829,26692.0,37826.431000000004,2880.0,7379.0,395.0,186181.0,52144.0,436.4,12060951.562354956,-9906.0,11026553.0,81019.53450330354,26190.420159872567,4521.593139397972,138.06412674993044,14.000000028871,11291.907322779589,1446.952755015049,272.5861946112111,12.15432271735556,0.7116444065073525,577.1397614,2723246.711851137,300037.1682827307,180596.09030794213,2242613.4530441975,3123478.3994291523,319360.00041666976,552959.9995837243,207999.99971597415,2842239.999325047,650879.9992455549,3325462.7245683
26860.0,82957,15595.916,17171.0,7632.043999999999,12775.378,20241.508,9042.313,26214.412000000004,18914.196,11696.937,31274.789000000004,2986.452,3981.936,19493.712,27441.792,15900.2313161328,7780.752,10825.0,24346.224,3428.0,2274.0,309.0,53533.0,27947.0,406.8,6491445.096726576,46.0,4294612.0,60600.92707805394,16597.741913621852,2180.880936191191,300.9340530494228,69.00000003073367,5719.478153265358,1114.5948509571035,209.14349090060864,11.093830134906243,2.744153490174696,38723.51862,1654911.9708968266,164762.89381166585,1235544.4848058166,254604.59221412853,2446792.960087616,320640.0000065282,2110720.000069245,263039.99998566683,668160.0000008795,330239.9999538086,529468.6148913
26900.0,2119839,360190.158,298230.0,160788.497,344580.259,488442.417,256020.61000000002,595891.4870000001,553067.426,277193.736,789399.967,76540.339,105745.858,370070.20499999996,674490.292,375411.6479192101,224924.255,383402.0,617748.799,69603.0,129545.0,4514.0,811807.0,809952.0,3948.4,159342436.77224594,1583.0,186382621.0,637601.143656235,187139.69991974358,40036.986945506935,6968.917860060827,215.99999984500755,270456.8435973563,72507.26117562791,16111.692263895718,2482.956131857959,174.75579372424323,17966.87954,12674582.880322147,1291428.7985222945,5517878.269894149,5865275.811924601,35619882.880178474,1909119.9999680417,11497600.000028884,3056640.0000047516,27031039.999880012,6864640.000053525,2756129.3393823
26980.0,178991,44962.421,24070.0,11930.991999999998,20591.850000000002,35414.493,15757.516000000001,41691.794,35099.583,15649.392,53541.964,4677.914,6669.3859999999995,26426.591999999997,52325.784,41346.596884216,15552.384,38702.0,38267.224,4501.0,6510.0,618.0,133851.0,64967.0,1051.3,14432538.59408106,120.0,13161211.0,91517.28171999342,30484.308224414686,9885.647234254886,1322.6685829761889,14.0,20232.46160932788,4970.374096686935,1328.1495900980278,227.5581137112792,1.1833124711119591,36809.16492,2003832.3312608893,336360.49982673256,546613.5672213222,1120858.2641624827,3076041.600011483,454400.0000242162,679679.9999494723,222079.99991579872,2485120.0000241916,743040.0000297971,756337.5173577
27020.0,30562,5487.096,7210.0,3354.6980000000003,4731.522,7334.88,3556.4619999999995,9091.972,7115.358000000001,4265.970000000001,10211.136,1088.242,1393.862,5704.8640000000005,10676.748,6724.9220402428,2574.5099999999998,4441.0,7100.028,1034.0,1204.0,97.0,109828.0,11132.0,514.1,2276223.232745702,-9981.0,1830484.0,22835.662252429192,5068.191403993191,186.99999993515655,25.00000000590808,7.0,1369.740372272336,218.27441987555238,14.41218018082753,2.2433967683247564,0.1562252955765062,431.5639278,1394544.9859774406,134504.9789606323,1022532.1340781392,237507.8730717776,1551455.9999043131,323199.9998655089,1115520.0000146283,149759.99995902966,452479.99994983705,355840.00007532875,799387.674175
27060.0,104777,22212.724,15769.0,7334.39,11525.47,25670.365,8067.829000000001,26403.804,20850.623,9639.484,31013.992,2724.202,4295.857,15360.816,27386.718,19918.7775528444,8589.93,19274.0,24253.92,2962.0,4176.0,418.0,65308.0,28559.0,504.0,8216058.720937092,70.0,7043792.0,29348.34821114142,5921.683586984686,548.0000000186265,53.0,12.0,5637.982512044607,977.4499409546116,70.74475608985006,4.66299135707184,2.3657382791122123,2505.901849,893794.7322291436,186083.12584889092,146261.4827864924,561450.1235890925,1455683.8399654315,330880.0000010165,269439.9999590502,74880.00000466085,1342079.9999631047,305919.9999973568,303763.7263534
27100.0,160066,27691.418000000005,29452.0,14886.138,29612.21,40976.896,18727.722,52501.648,41617.16,23209.57,62905.938,6402.64,8483.498,35777.76,61512.64,34027.390854252,15378.16,23517.0,43623.76,6668.0,10997.0,489.0,57267.0,57347.0,578.5,12008388.35647708,94.0,8027527.0,61907.6779470664,15876.04986483826,3759.3281619812433,403.9999999081117,11.0,10679.662826441478,2344.9504677944697,383.87197447859194,45.42733202197594,0.8892257868641349,663.3796711,1441853.9211505768,321374.5764493042,268957.7984738237,851521.5462049372,2411537.919970101,513919.9999520962,670079.9999639204,134399.99998273677,1943679.9999598772,533759.9999930727,449194.1313796
27140.0,610904,82299.354,97417.0,42525.202000000005,109267.125,123552.61399999999,92492.0,228159.302,196583.112,113131.451,256267.973,33246.64,48490.305,113527.083,243737.562,85577.67472760301,79194.067,109116.0,226433.894,21351.0,56580.0,1359.0,373308.0,228376.0,8148.8,46341583.86362402,580.0,36043852.0,405063.9253802496,103657.89468257593,27313.66712309067,2673.002313131202,369.00000012411334,60194.81556215454,12663.727318657207,2798.7530165531493,279.32050691595794,20.57170964175344,3021.096426,7646408.3392319875,1105643.7525875475,3383844.34072995,3156920.2462540576,11110582.400222655,1625599.9999949208,5556480.000017511,736640.000059617,7790719.999909287,1471359.9999074836,3459323.1091333
27180.0,181579,25224.174,32585.0,15076.909,36710.307,52731.956000000006,27822.694,70225.587,54976.621,33696.787,71001.13500000001,8713.466999999999,12452.728000000001,40530.004,71862.914,25836.7213246322,23194.809999999998,23824.0,60391.325,6084.0,15105.0,310.0,188315.0,62764.0,2572.7,13306163.305259258,133.0,10724069.0,84762.50421452135,22183.07943118865,4035.5632940989976,432.99589137248086,18.000000029802322,9924.183469726022,2469.5933111514446,468.61770710987594,80.35991611671956,3.4132411420509836,1118.888929,2798736.2949866923,409113.1804961088,1625761.587959465,763861.5266032564,3961907.199827546,602879.9999709193,2030719.999998627,188799.9999835499,2730879.999920624,597119.9999684636,1095133.5941846
27220.0,35831,6965.433,5541.0,2911.2529999999997,4122.366,7132.233,3006.2650000000003,8673.029,6098.537,3395.066,9038.606000000002,924.4649999999999,1379.525,4317.794,8429.091,7132.181718678399,2588.385,9063.0,6809.642,1288.0,1180.0,140.0,167423.0,14078.0,455.9,3081086.8259468013,20.0,4794503.0,43012.38296049798,10004.043495816371,581.9999999357387,26.0,0.0,1246.945316210407,223.65777348068852,16.371088665217474,0.529769548193427,0.0,95.90078387,1843271.86730935,93537.04880344387,585130.4018041042,1164604.4167353455,1899664.6398591544,163200.00098473014,692480.000140714,76800.00065559529,1661439.9996149086,252800.00039616055,2845337.7867641
27260.0,1675668,270528.468,264522.0,143183.221,227007.875,349701.44,200256.859,519394.978,409558.083,236697.24399999998,540896.106,62342.254,92186.17400000001,297330.92000000004,507357.995,322710.6415507029,167686.086,277781.0,448593.822,48285.0,96240.0,2946.0,358702.0,574267.0,2311.6,122325213.92826828,1228.0,118218098.0,1544879.868093849,287239.9748153628,56527.89118586141,9591.195814039562,1909.0000000477887,444607.8753861974,68272.87685894886,11918.72677048792,1746.9059910447236,45.23055521721315,202200.8104,9167020.79613581,1265028.8944029305,1784252.2899535552,6117739.611854658,24764610.55965409,2405120.0000492563,5276159.999909038,1319039.9999215542,22315519.99985698,5041919.999937383,2049056.2381796
27300.0,36999,6715.979,7915.0,3538.855,6228.387000000001,8032.252,4623.554,11427.407,9134.79,5608.157,13580.780999999999,1520.4280000000003,1987.0449999999998,7938.449999999999,13671.15,8681.507022905,3766.9500000000003,5292.0,10785.0,1244.0,2114.0,41.0,114049.0,14337.0,806.9,2947669.6205241,-9974.0,2118130.0,63073.39980264832,17517.40164862067,3946.255088856665,400.24713225662697,92.00000002980235,4779.498622884508,878.1923682710327,151.16502851229436,23.899940085597446,6.1068147545231835,204.2973393,1202479.405160542,282295.72328941687,56599.68890080694,863583.9931095388,1543589.1200032013,333440.00002336485,138240.0000115553,48640.00003568261,1509120.000094836,396159.99993493606,524624.4689452
27340.0,207298,43947.176,19897.0,11401.39,27570.634000000005,50995.30800000001,17620.33,60531.016,42703.388000000006,21351.694000000003,60738.314000000006,6426.238,9743.006,39360.999,71787.936,38800.5584966364,22433.73,39773.0,58939.526999999995,4623.0,9932.0,507.0,52885.0,73489.0,1175.6,15543122.705846457,162.0,11013766.0,137406.5143187146,39739.39819152278,5927.569206672411,624.0,133.0,11257.271702264412,4039.406447223193,598.0057606136953,24.207095167474034,5.11863229346251,727.5081283,1279145.376534687,169528.33910006814,108948.2134876347,1000668.82381326,3003428.479876705,283519.9999988186,494719.9999583629,97920.00002268504,3070720.000044594,527359.9999813837,487714.8006881
27380.0,51645,8521.425,9581.0,4183.245,9760.905,12084.93,8108.265,20038.26,16423.11,9915.84,20038.26,2840.475,4028.31,10945.125,19722.375,9949.8028856625,7085.25,5638.0,18559.125,1679.0,3396.0,51.0,45894.0,16150.0,248.8,3982642.6568467496,28.0,1737105.0,47086.61633607867,11193.444939499828,2522.293464820466,141.00000001909208,21.0,2868.2591807674935,482.74211927498834,83.34673384933517,5.91603746231565,0.7555089823385038,3279.108186,1536505.7264845143,286320.70296338806,694346.6881857731,555838.3355473361,1652717.439959766,641279.9999773148,1095679.9999811286,108159.9999495144,896640.0000004692,215680.00005523633,673876.7214647
27420.0,21487,4340.374,4100.0,2019.778,3373.459,4533.7570000000005,2363.57,6209.7429999999995,5758.516,2771.823,8465.877999999999,752.045,1031.376,3956.114,7256.292,4722.937784624,1721.832,3377.0,6641.352,364.0,1040.0,86.0,59948.0,8376.0,376.7,1618116.697469874,9.0,1681201.0,65019.567244393875,18225.055939766477,4657.034836824753,442.0000000028522,98.9999999786378,2688.08065441483,394.20778882857934,91.68962488559504,5.111524847374462,2.1035156200305223,222.0741513,2203085.269993293,307441.0430755501,1689899.426972375,205744.8002176991,1672832.0001309584,350720.0002838877,927999.999994794,366079.9997891364,607999.9998354184,282240.0001953133,1421987.2296635
27460.0,126027,21928.698,26724.0,12098.592,20290.347,28230.048,14871.186000000002,40958.775,35665.641,19534.185,42597.126,5419.161,7435.593000000001,27096.88,42346.752,28227.9203822176,12603.2,17064.0,36423.248,4702.0,6227.0,229.0,50062.0,43590.0,496.4,9801573.298575057,94.0,5652893.0,118511.93441984328,33790.466561022295,10327.131633289006,558.7401756918989,169.00000002537854,15123.925041336926,3260.6934967070893,701.8448859505783,99.28810633752812,19.856959758633124,1141.335897,1884099.635796816,431362.8378185399,100849.90438833638,1351886.8935767133,3078060.7999775857,630400.0000093138,520960.00004124385,117120.00002352,2941440.000001755,651520.000010331,678548.3313276999
27500.0,164060,33140.12,28577.0,14273.219999999998,28218.32,39866.58,17718.480000000003,49218.0,40686.88,22148.1,62506.86,5742.1,7382.7,28539.699999999997,59525.66,39903.0945295044,13862.14,25936.0,41749.504,6027.0,8721.0,325.0,66138.0,65552.0,541.2,12661945.44717636,112.0,9463836.0,80517.47666468658,22371.63510039061,4957.123647300103,635.0000000924674,29.99999998509884,16407.909920481834,4414.079014683294,878.3164464818091,115.75350191297404,3.891013812962813,3483.315558,1490677.941212525,609874.2361511954,276790.1511375463,604013.553895155,2869582.0800357554,624000.0000405894,413440.0000689177,140160.00005343262,2252800.000039493,951040.0000178828,459602.5302316
27540.0,43632,6675.696,7887.0,4101.408,7984.656,10035.36,5454.0,13482.288,11998.8,6064.848000000001,16623.792,1527.12,2094.336,8295.69,14804.615999999998,7639.6180050924,4126.5740000000005,6192.0,12464.806,1026.0,1713.0,51.0,64120.0,19445.0,250.4,3368811.393269636,35.0,3318360.0,33708.42101621477,9036.202703833818,914.6900583446264,115.4881429187953,8.0,2858.225205780156,615.054494686381,36.29897089993867,4.013106922150701,0.3199103187741295,309.0947539,1210839.381626462,114667.72121526368,871402.195844541,224769.46456013908,1652822.3999957438,174719.99998795518,992639.9999572742,189440.0000387313,674559.999953892,351360.00002638873,487392.6364096
27600.0,83936,13261.888,11185.0,6714.88,14185.184,19221.344,9820.512,25936.224,22746.656000000003,11499.232,35169.184,3105.632,4448.608,15468.397,24536.078,14873.06716683,8000.895,10991.0,21869.113,1738.0,3143.0,38.0,70960.0,27112.0,296.0,5839225.25501165,39.0,5576049.0,31255.733034503806,9527.962848248622,2449.896669744625,249.29760197515137,14.871523946523643,2610.9947820809625,785.7282223742897,179.79513946562705,12.91907212559681,0.4515541014890816,647.6524267,817078.2517471762,159612.65807857967,408196.1177015881,249269.47595720668,1185581.4399639778,338560.00001214095,913279.9999935752,83200.00001034266,631039.9999848652,72319.9999846405,217383.1592282
27620.0,150350,27561.23,26361.0,13252.135000000002,26681.428,35203.766,16869.091,49130.215000000004,38367.776,21884.482,57558.182,5367.156,7248.379000000001,30842.355,53720.643000000004,27677.225308689704,13647.145999999999,24198.0,44616.059,3242.0,6686.0,253.0,238571.0,58317.0,1702.2,11635414.268203013,100.0,9888120.0,141179.40653249607,38418.158896065564,10600.934987487792,1211.4064957177034,209.99999997019768,10879.515218518332,2878.0422990464644,778.7574948170842,71.10040068005051,11.457401382446955,1847.585364,3461709.7750188857,470420.62936661096,2295015.312652869,696273.8328554259,4327775.360054298,780799.9998555856,3418879.999845704,271999.99996492185,1987200.000062746,449919.99995912134,1438510.9863221
27700.0,30896,4449.024,4959.0,2471.68,6488.16,7013.392,4510.816,11771.376000000002,10041.2,5839.343999999999,12852.736,1853.76,2440.784,7265.566,10628.142,5234.4396310535,3902.99,3347.0,10748.234,646.0,2009.0,8.0,48885.0,9047.0,621.5,2200866.98492542,22.0,1900593.0,34100.9785963098,9570.15560876876,1225.051614407855,187.55622192594453,29.00000003818423,2234.704745609022,482.259555481922,63.48073698077324,7.052300580205483,0.4406367295276974,117.9801335,965069.8965546802,122762.1553427586,731676.7995588618,110630.94164818284,1113596.7999805782,230399.9999617167,926719.9999635275,131839.99996864787,343680.0000149448,134400.00000495347,410830.5569287
27740.0,210256,31588.31,42433.0,19687.872000000003,44855.588,66044.194,30900.485999999997,83260.73000000001,63953.71799999999,39995.156,79309.26999999999,9876.993999999999,14043.378,47158.363,70052.861,30339.800643319104,23576.261,31461.0,64379.032,6095.0,9706.0,467.0,142509.0,76223.0,1065.3000000000002,15268522.30056265,168.0,9871049.0,59043.19958907741,16114.383208372463,3271.7640600695054,283.10447453322234,17.999999994412065,13338.215431154962,3242.021286092975,667.239835353645,30.529721089769655,4.4435796632044395,1677.788702,1994449.3151975975,142762.3512418941,836687.2219909884,1014999.7418679852,4477346.560053462,220799.99998171505,2299519.999963739,268159.9999445798,3180159.9999891673,554240.0000172135,546428.0192007
27780.0,131441,22344.97,30539.0,13406.982,23790.821,31677.281000000003,16561.566,46530.113999999994,36803.48,22213.529,48107.40600000001,5520.522000000001,7492.137000000001,28179.168,45549.888,25832.1761671968,11837.824,18030.0,35642.144,5363.0,6711.0,278.0,48653.0,45138.0,285.7,9754715.045083135,94.0,5617969.0,82289.3468096383,20440.0240497283,4820.1533723937555,609.4474301798115,146.0000000055879,18957.731507535085,3863.899878394993,1012.8021615329036,136.01641526539353,21.15896648278983,77218.57532,1489489.9449347402,129535.15908684688,880216.8335626862,479737.95229183993,4099931.5200157305,170879.99998755968,2064000.0000280957,339199.99999973236,2050559.99997127,1016319.9999963548,440542.35732
27860.0,135512,21457.512000000002,20201.0,10500.824999999999,27638.486000000004,39184.379,18087.329,53542.689000000006,45889.242,25334.782,50836.243,6705.946999999999,9167.658000000001,30205.368,53482.82399999999,20064.589225674,15272.268,21564.0,45488.409,3517.0,10124.0,521.0,87947.0,49506.0,1399.6999999999998,10186433.551803457,107.0,7313856.0,80447.14490434201,21747.64938813417,4904.124687488111,429.0000004245374,69.00000007543709,15591.781974142745,3292.8390836302824,626.504262432346,57.68512770124684,9.791596575580805,993.5258469,2250989.751857734,317430.46687226684,1227973.43285125,705585.8520304158,3272493.4400594723,491520.00004007615,1454720.000005343,303360.00007012003,2265600.0000762567,487679.99998080754,938005.491219
27900.0,203174,35620.961,34687.0,17876.694,38604.108,47359.948,24488.602,70342.91,55102.242,32221.373,73956.747,8350.528,11077.688999999998,43405.373,75368.674,35540.2634008998,20139.602000000003,28992.0,67707.91699999999,5261.0,9757.0,355.0,152463.0,73841.0,1311.5,15068389.129459718,142.0,10483712.0,163121.13270042161,44483.51136983611,9894.686293156057,1048.9999998084168,138.00000012667448,21673.33375960661,4404.686298667053,890.5455262693836,119.69226420660641,27.983113863162544,2153.322381,2767151.952515238,425662.45398899575,1474351.2395682982,867138.2591076564,5377532.160035379,846720.0000015894,2674559.9999383437,570880.0000591015,2561920.000007187,1313919.9999841377,808469.152213
28020.0,261173,46488.794,42073.0,20371.494,38131.258,70255.537,24811.435,77829.554,60592.136,30296.068,89059.993,8357.536000000002,12013.958,44951.972,97085.62,55963.93688261721,25800.836,51506.0,63571.132,9488.0,13932.0,1170.0,63279.0,105020.0,869.2,20907180.93653568,209.0,18918895.0,88445.34713650748,21756.33926299728,4969.3863801802445,815.2236392078566,30.00000003806781,29764.97208645153,8255.537363930367,1515.3360299596854,294.3764306363257,6.4923937267592455,5204.715931,1494467.062779109,286699.6962650925,329581.44560706074,878185.9208724629,3517900.1600564155,416640.00001137983,934399.9999803052,214400.00000265345,3006079.999989866,675200.0000083429,359659.8931756
28060.0,111814,23480.94,21971.0,10845.958,18002.054,25493.592000000004,9392.376000000002,34103.270000000004,24375.452,13305.866000000002,33656.014,3913.49,5255.258000000001,18206.372,29955.833,26118.210499252,7303.719000000001,16823.0,20429.243,3858.0,3202.0,348.0,58959.0,38285.0,237.9,8377474.190592553,65.0,6157506.0,95863.29815690633,27522.99505411251,3501.837208157711,412.0838615910909,79.00000003352758,7077.671084542351,1933.3270232087984,214.5289234750782,16.767281148599412,3.1229652739660945,2414727.757,3395725.7301515844,161641.9304638661,90338.47715922384,3143745.322546324,3286211.8400811064,393599.99984377174,281599.99988282484,74879.99959510617,3633919.9999339506,599680.0001587949,3255735.486302
28100.0,106074,19623.69,19009.0,8804.142000000002,17183.987999999998,22169.465999999997,13471.398,32352.57,25775.982000000004,15805.026000000002,42111.37800000001,4455.108,6046.218000000001,20198.484,40288.374,23623.205213529,11619.558,15940.0,30732.102,4770.0,8054.0,178.0,57413.0,40141.0,638.1,8323037.654376978,87.0,8472453.0,90789.85295192954,19754.71490868278,4243.395203944043,717.7493043647992,154.00000008661303,21697.677291272885,4532.13825368387,831.6872942323241,143.6037250444571,28.96509459904476,4671.924259,1227463.466942025,587293.1316934689,183831.3512626214,456338.9839649773,1874716.8000483592,561920.000039595,307200.0000315919,126080.00004208856,1443200.000007354,581119.9999592487,432947.520889
28140.0,2209494,408604.237,340738.0,176304.718,318824.927,462631.40499999997,242542.84399999998,647197.261,490940.628,286194.974,806703.457,73183.579,100121.51,388800.027,757580.816,421842.5862148608,206507.259,421742.0,623028.2320000001,70083.0,122124.0,4593.0,947073.0,883176.0,6028.6,170488394.80694035,1457.0,172836235.0,1177015.6149743411,276834.0984609466,77396.81302934351,8593.579447119368,1388.8674636789337,321178.0781816796,66500.15265185447,20267.76612853364,2021.9512728896373,207.6093126289083,70292.21528,17977391.457917087,2453005.3078031335,6550031.8365413295,8974354.313277496,46944828.16031014,3717120.000002001,13113600.000033898,3985920.0000482216,37370879.9998876,9285760.000026189,4644054.0204683
28260.0,57276,11577.264,9364.0,4416.12,9309.228,10819.295999999998,6121.0199999999995,17506.386000000002,15312.761999999999,7458.438000000001,23599.356000000003,2024.73,2985.0420000000004,9560.194000000001,19848.592,12662.1925878608,5032.218,9858.0,15326.372,1210.0,2599.0,200.0,131185.0,25198.0,631.3,4553904.76044393,50.0,4623985.0,183864.55120221642,36926.32907759052,9035.141406753179,1391.4296005130675,244.9999999175561,15291.407259133173,2003.3506899040965,402.6930767036562,64.21313918465476,7.412957101364282,559.323115,2067711.2490617947,242147.26902420455,89872.21251143941,1735691.76732727,2469138.559926333,332159.99993661203,214400.00008889855,129280.00013636566,1761279.9998220396,1022079.9999117904,950035.9147443
28300.0,77350,12453.35,16326.0,7657.650000000001,10983.7,19956.3,8044.400000000001,23050.3,16243.5,9978.15,24055.85,2629.9,3480.75,13416.128,23097.084,14355.6638345728,5945.784,11358.0,16693.932,2444.0,2482.0,271.0,66398.0,29804.0,293.1,6064632.9634249285,45.0,4674913.0,31382.492653269175,7624.252782398342,364.7780275123659,19.426017552614212,0.0,3727.20529891286,700.8995294537133,29.799706878329285,0.8227940195208805,0.0,4030.66921,1274772.8005537016,40657.43714868466,893183.3296154775,340932.03381167556,2339604.480021888,103679.99998891728,2234879.999943956,158080.0000106583,898560.0000569246,91520.00001753186,452283.7474788
28340.0,47367,7483.986,8201.0,4120.929,8573.427000000001,11273.346,5636.673000000001,14731.137,12931.191,6394.545,17146.854000000003,1610.4779999999998,2226.249,10331.712,18415.32,8512.787799583199,5165.856,5326.0,15784.56,1905.0,1884.0,47.0,62173.0,18452.0,360.3,3664262.512318056,30.0,2362765.0,69708.8416454015,16695.22082927397,2504.803291658922,403.0000000186265,46.00000002980233,6800.097886836381,1263.4481889362055,265.562942086122,43.14773216916283,2.595364529307618,493.6988186,795916.2309639226,89306.9182484222,537398.4644158825,169210.8483331256,1352629.119999228,179840.00001704492,1119359.9999676694,160000.00000438263,448000.0000098872,147200.0000031277,262934.4590782
28380.0,27406,4220.524,5478.0,2439.1340000000005,6440.41,6933.718000000001,4083.494,11921.61,9345.446000000002,6166.35,11757.174,1699.1720000000005,2192.48,8345.742,11839.98,4621.4634633924,3725.262,3064.0,11406.81,844.0,2459.0,66.0,42512.0,8797.0,477.2,2046591.433515402,19.0,963408.0,27667.32069253242,7119.390628254584,664.5345634527259,94.00000002235171,20.00000001303852,2495.611919142815,520.775265043643,56.328748477939826,6.487747979288182,1.9367017976358505,109.6294468,875672.447894869,97349.14057436332,573548.6820410293,204774.62515283137,1355728.0000098646,207999.99997408013,563199.9999634085,161919.99997900738,700799.9999335748,350720.0000274971,346295.4281423
28420.0,311469,57112.94,42263.0,24433.497,39303.534999999996,79668.25600000001,32969.409,101421.482,69895.305,41773.784,123782.74100000001,11971.438,17614.818,44881.31999999999,97604.562,49903.7647973986,31441.344,49717.0,73846.685,12294.0,17866.0,759.0,149538.0,101914.0,1244.4,24287364.533162124,172.0,19591568.0,191213.62554630142,52313.03986638103,12709.786807487078,1049.8578501041193,193.0000000169967,40250.64172709962,9185.80307242919,1987.3299034881538,59.194646772151316,10.325522754334454,182126.5381,3084650.7479032534,429300.46863749553,807143.8221678322,1848206.457194655,5060139.520041205,306559.9998579928,1176319.9999177805,318079.9999082235,4202240.000274465,1154559.9999563454,1882642.2743098
28450.0,167817,37423.191,25722.0,13089.726,32053.047,43464.603,19466.772,55883.060999999994,41282.982,23830.014,72161.31,6712.68,9062.118,29522.753999999997,56500.44300000001,40614.3137342181,14761.377,28333.0,41399.724,6299.0,11068.0,221.0,70368.0,71237.0,554.4,13205947.018250704,112.0,9263250.0,67345.25051088062,17326.895969657224,3982.343709502687,942.99524234037,69.00000000745057,21945.59927112229,5556.7686584685225,929.956588952716,190.95928972030376,8.558892427919652,4799.483533,,,,,,,,,,,
28500.0,53741,8383.596,14978.0,5696.546,8007.409000000001,12306.688999999998,8706.042,20314.098,16659.71,10748.2,18218.199,2633.309,3869.352,8670.516,19244.316,10162.2124876164,5974.197,5943.0,15279.141,1271.0,2314.0,168.0,57425.0,16857.0,173.0,4086626.228585994,43.0,2794847.0,40194.68109747961,11343.542332560191,3285.974602060553,111.11581912432348,0.0,2672.9250881209136,625.1853437848782,59.67193142998586,1.9134240195087533,0.0,1202.404965,1445456.9517797471,161311.76118651353,963961.1970057524,320183.99355397385,1855303.0398486312,327039.9999045339,1550720.000157112,97920.0000660106,838400.0000604524,163840.00010075897,706113.8026171
28580.0,81708,14135.484000000002,17485.0,8579.34,11030.58,15442.812,10295.208,24512.4,20018.46,12256.2,24512.4,3023.1960000000004,4575.648,12636.9,22317.8,20244.27363535,7242.200000000001,11420.0,19731.300000000003,3532.0,2672.0,190.0,68584.0,27285.0,277.5,6020966.247024801,67.0,7046945.0,30489.407225389772,10338.616224681744,1642.3577974110185,116.0,8.0,17073.130420926023,3221.4946413278285,413.33692218956674,54.223988171351,3.8270467406709,81602.98494,566396.298114471,68617.12246296246,68662.26069844518,429116.9144207683,1866508.1598092671,168319.99977669618,247040.0001341229,73599.9999953885,1837440.000095399,402559.99981705885,629125.1279077999
28620.0,37956,6983.9039999999995,8723.0,4023.336,4213.116,8350.32,4326.984,10703.592,7363.463999999999,4782.456,11424.756,1138.68,1556.196,6270.349,11451.835,7604.6002758214,3266.589,5609.0,8222.793,1912.0,1353.0,70.0,72962.0,14109.0,181.0,2963468.788105593,68.0,2892815.0,26160.60688224701,10679.450441614708,1760.5084834240922,387.90849667415074,36.9671390652657,4834.222838645393,1895.312384726956,577.9856494097561,87.08407432258205,5.87761672531126,1366.284418,552891.6442898886,56924.06167600556,55804.02510814418,440163.5574976176,1335993.5999155885,42879.99995637387,412799.999937602,102399.99999145846,1168000.0000122786,179200.0000682876,245261.0538752
28660.0,496228,87140.90800000001,55483.0,30247.629,79191.548,127766.611,63868.27,176859.645,139302.584,73578.053,189236.21000000002,19963.045000000002,30119.990999999998,81151.39800000002,181923.636,91373.6076519012,58717.644,91803.0,139507.146,12157.0,34370.0,945.0,181088.0,156821.0,1901.4,36226542.2345077,315.0,24715343.0,335525.8918243723,70858.31464963956,16109.826159212931,3068.8038758586317,318.6760332987759,74710.40089339962,13540.643724485266,3049.544256714904,380.0059990055737,36.8366366567586,44026.55668,4602652.608012893,769636.2138991072,2245947.3691154444,1587069.0249902518,8569329.92021961,1426559.9999193065,3451520.0000917367,472959.9999674887,5978239.999801271,1806719.9999886476,1802475.1947874
28680.0,57013,9521.171,8085.0,4218.962,9920.262,13398.055,6727.534000000001,19099.355,15507.535999999998,8095.846,21265.849,2394.5460000000003,3363.7670000000003,10689.884,19441.188,10411.9357611584,6369.62,8994.0,16561.012,997.0,3936.0,73.0,67525.0,20071.0,420.7,4326137.632313033,44.0,2322207.0,18676.73306480445,5303.085571239472,1969.000000026368,61.99999998509884,1.0,1428.718461582382,328.30276837433104,102.96819165264417,2.2777970347416683,0.0889592937041643,727.8131262,,,,,,,,,,,
28700.0,294297,41995.247,66990.0,31284.739999999998,53076.938,90625.94399999999,44257.971,109511.512,83231.965,53312.766,115402.712,12654.025,17720.984,67354.243,107442.321,45205.9858435758,32139.854000000003,38708.0,93227.121,8757.0,13472.0,360.0,200588.0,100877.0,955.4,21787164.716672964,233.0,13555514.0,145799.57715246672,38763.75145163391,7929.545287637993,905.5042532815314,96.00000002980232,18117.228787728516,4971.797291198122,994.9946980549558,74.52973799026105,6.975975870906036,8111.771909,4070678.229110523,487360.6586452099,1095798.430929653,2487519.1394995577,6924506.239967881,938239.9999944584,2889600.0000062664,313599.9999758287,5829120.0000434,795519.9999016139,1286603.9000365
28740.0,182319,33364.377,37173.0,16591.029,24248.427000000003,37010.757000000005,19690.452,51960.915,41386.413,24430.746000000003,57795.123,6745.803000000001,9845.226,29856.288,54203.38,40431.9245954316,15816.723999999998,27781.0,48161.036,6901.0,7549.0,665.0,66060.0,62798.0,340.7,14171759.171897711,146.0,9176969.0,71211.4708396773,22541.326688254027,5919.886160806712,422.1030086216342,78.00000003725282,15829.299959142329,3499.0371858981057,879.5051217013696,64.114196371659,18.211714071909928,4594.5247,1810193.6347376592,210730.00383519183,494795.2412179328,1104668.3896721194,2815075.839923086,472959.99998711736,1354879.9999379013,120320.00003787268,2272639.9999015965,275199.99994838465,719495.3918514
28780.0,30362,5252.626,4163.0,1518.1,4068.508,6770.726,4432.852,11598.284,9867.65,4857.92,11780.455999999998,1548.4619999999998,2732.58,4732.728,12408.241999999998,5119.077706373399,4823.742,4939.0,10861.004,1125.0,2675.0,16.0,51574.0,10581.0,867.0,2253356.5218117796,26.0,1333847.0,16822.793271238523,5075.215470690129,1603.044264834245,91.9999999850988,6.0,3055.2119949346347,624.9649771450466,186.45832346384012,15.29659793051513,0.39950724369475,955.302275,1095843.0906791962,122110.98929990134,702325.1085451762,271406.9928298087,968417.2794484156,109439.99995395757,462720.0002219409,104319.99985929384,469119.99958106305,242560.00002005647,1497413.1747184
28820.0,54633,7156.923,11650.0,4425.273,9943.206,12183.159,9396.876,22126.365,16608.432,11691.462,21907.833,3605.778,4753.071,13428.52,22510.88,8485.480818472,7800.800000000001,6827.0,19167.679999999997,1708.0,4635.0,84.0,40586.0,18828.0,984.8,4102103.44667284,49.0,3354073.0,324663.73780987784,61321.29787182105,8866.374806597656,1441.0000000138534,340.0000000138534,18531.821337382953,4517.052045368926,358.7260952935154,45.08776989891905,10.460572082091698,149.1807945,775899.7380261103,119603.92439262406,32624.32140790323,623671.4922173667,1581594.8800581477,220799.9999966717,165120.0000047642,73600.000009653,1579520.00003508,344319.9999831985,255409.9784425
28860.0,29167,5337.561,4813.0,2208.078,4616.933,7189.394,3039.066,10171.279,7272.282999999999,4393.907,10800.337000000003,1154.674,1559.01,6806.545,11148.678,5104.788122462,2993.3,3615.0,9584.856,626.0,1142.0,66.0,95366.0,9760.0,501.4,2312930.694217889,-9979.0,1129006.0,29327.555730912227,7791.516962287958,903.5587636828425,166.0,46.0,983.407187201769,158.66905387955822,5.402668492421953,0.908080618464176,0.251636797887663,65.93014946,1151196.2532800222,129882.5421206158,397452.5925612417,623861.1185762062,1299454.7200663614,231039.9999995262,519679.9999200269,82560.00004246963,884479.9999573107,280319.9999842845,559750.3079663999
28880.0,703486,132555.08899999998,111061.0,55628.504,82199.46599999999,134015.171,71863.968,177306.115,157961.338,78167.699,251661.015,22214.007000000005,32171.207000000002,105959.62299999999,220354.863,141551.4879825149,62407.014,103606.0,191716.969,26196.0,27508.0,1898.0,158000.0,237957.0,857.9,54116901.074497126,564.0,42181157.0,211861.1379145941,61018.607809566274,18537.508354204278,1722.0143568427031,117.00000005782022,57305.467652705076,12358.40031683665,3707.984756286887,255.25138703372807,16.651903744381723,51046.06528,,,,,,,,,,,
28900.0,70212,11655.192000000005,15168.0,6740.352,11584.98,18606.18,9057.348,24433.776,17412.576,11374.344,26891.195999999996,3089.3280000000004,4282.932,12854.193,21996.48,13660.7588563116,6736.4220000000005,9013.0,20003.049,2554.0,3847.0,352.0,49675.0,21888.0,490.9,5191280.008493106,51.0,3157158.0,386148.47942542576,69777.1603274193,9595.961703891851,1509.9999999953434,338.9999999916181,20563.107633622927,3068.189769657211,269.1298350066468,39.80110440949195,11.06712783726031,1488.969366,7867988.931140891,393389.8627457067,2154347.2905262127,5320251.777628976,5920251.519963498,645759.9991611745,3325439.9999873163,550399.9997815,3829119.99977149,597760.0003914728,3803274.1970369
28940.0,932245,143336.04400000002,172736.0,84699.548,164003.815,284897.621,124970.722,311334.375,237564.606,147971.44,343359.797,34626.736000000004,50255.026,190369.988,315760.702,150004.6813051643,99669.547,139571.0,271284.667,26580.0,41330.0,2249.0,488972.0,336927.0,2826.4,68091368.26750019,749.0,60661134.0,281038.5859396288,81407.88345275662,18501.807095055272,2738.396969110515,122.9999999627471,65727.36318936781,19619.957724273463,4445.879967084324,737.9485642352336,20.70093071198481,10960.03263,7807614.848787203,583586.5295941408,3363351.321034821,3860676.998121681,16623610.879819324,1020800.0000978193,8028159.999860575,894720.0000047495,12564479.999845373,1993599.999909758,2060963.92024
29020.0,83574,12201.804,16640.0,7939.53,15711.912,20057.76,10948.194,27161.55,24403.608,12703.248,34599.636,3259.386,4345.848,18118.308,30528.108,14192.4960726172,9017.788,11585.0,27715.22,4010.0,5431.0,172.0,59309.0,30432.0,459.1,6128313.34454248,81.0,5040219.0,23982.768585300928,7103.564964255663,642.3032143250384,2.999999981373553,0.0,6720.718685472632,1428.0104407439217,77.78249039389041,1.3562763305044907,0.0,404.6541197,726775.6078029198,260584.2139930462,180490.85267610123,285700.5410744612,1448371.1999192298,363520.0000031403,344319.99999609136,114560.00000222886,1089279.9999632898,377600.0000050307,187563.3728964
29060.0,64781,10364.96,14465.0,6737.224,9587.588000000002,16065.688,7125.91,20082.11,14899.63,9198.902,20017.329,2267.335,2915.145,10340.568,18649.953,13386.6682949664,4677.876,8517.0,12987.261,2157.0,2685.0,343.0,76105.0,24689.0,189.2,4743796.656166848,55.0,3591018.0,32340.33469238787,10026.36504220547,1518.5263558773804,78.31737241148949,6.0,3081.6043865027823,747.5204139007083,50.23053411229274,5.330198809288967,0.4686428434860565,561.0705044,968951.742770938,50254.90171345589,675306.2956896706,243390.5453838964,2210049.9199003456,78719.99999038919,2152319.999975266,161920.00001141275,797440.0000215297,80639.99998708129,257174.6272664
29100.0,170154,34053.968,31195.0,15020.261999999999,24557.176,41385.975999999995,17101.882,50129.450000000004,34357.29,20689.260000000002,59453.974,5311.951999999999,7146.045999999999,29149.260000000002,51728.66,43781.2109238185,12896.006,29306.0,37937.433999999994,4734.0,6020.0,461.0,180976.0,67379.0,861.2,13407532.096270984,107.0,10891972.0,108144.45944436954,26085.192463583044,4702.390760021277,504.99999996885055,69.000000057742,21793.822430197604,4998.3630731025005,1079.094255947882,80.78217429603126,5.123262548211836,3772.042812,1593737.989188929,238241.59464717295,894225.1992454231,461271.1952807748,2891651.839939274,392960.00003095425,1239679.9999924505,150399.9999928054,1715840.000045419,769919.9999758434,642426.0578513
29180.0,412798,77743.834,63570.0,30949.872,77107.586,113547.614,56186.254,153604.70799999998,118931.96,69694.578,150966.836,19945.978,26518.84,93303.726,159158.576,96142.1600230686,47160.944,66305.0,137129.336,13316.0,29142.0,1068.0,205778.0,156839.0,2447.7,32238099.31201969,337.0,22508116.0,119379.63583107351,27355.988814143886,6208.401135246841,284.7326872349239,76.000000065309,28872.679208055742,6497.87930390517,1102.453096343291,45.54237580263995,11.108429413656042,1760.791939,4631268.009308703,624690.2117253076,2305528.4064199333,1701049.3913113575,8782409.600008301,1457279.9999809917,5117439.999949373,848000.0000036536,4191359.9999647737,1725439.9998881074,2181365.3881377
29200.0,226452,41141.347,31360.0,14931.001,34256.386,55875.796,23844.401,62980.898000000016,55279.14,26863.430999999997,73230.872,7339.214000000001,10451.768,42708.931,78143.617,40736.378418627,25685.648999999998,39616.0,70501.505,6956.0,9892.0,323.0,242992.0,84309.0,1524.9,18505810.055777002,-9845.0,13915932.0,144407.12256578795,39427.17232675863,6586.512877061094,974.0219257587796,101.00000005007851,38644.04118145875,6958.880432344264,1045.1768225349235,151.40610879574774,13.465099835110351,3213.748266,2838976.509308186,459887.66417182994,1843999.077355601,535089.7678880908,4204965.7601439385,586880.0000892221,2355199.999997557,615680.0000479287,1982080.0000883597,696319.9999422642,1051010.5061248
29260.0,26177,4580.975,5770.0,2512.9919999999997,4005.0810000000006,6963.082000000001,2931.8239999999996,8900.18,5654.232000000001,3769.488,9031.065,1020.903,1387.381,4752.629,8496.32,5737.4862758339,2309.937,3748.0,6850.158,944.0,1642.0,96.0,58779.0,8504.0,383.8,2078009.4023213212,18.0,1234532.0,44823.02782477185,12169.21170617799,3293.3283778769537,181.86157090333288,46.00000002980227,3200.774266830097,525.6461316236147,119.73376598044484,8.685432714287693,2.2054619903761443,1085508.117,2633305.4483631486,167285.91756606282,926196.9347914304,1539822.5960695436,1999489.280142176,183680.0000818297,1174400.0000120956,92799.99993065614,1133440.0000285942,367359.9999432691,1303613.4849049
29300.0,104279,13911.255,17739.0,8129.732,18533.452,23059.597,16171.137999999999,37169.168,32524.805999999997,18900.36,44813.775,5516.7119999999995,7391.719,23694.718,38539.570999999996,17053.6536942053,13976.911,13823.0,37053.155,3799.0,8504.0,103.0,91117.0,37528.0,1476.8000000000002,7651173.251853017,92.0,5433399.0,50961.51811276338,14764.59460275231,4112.61646867129,399.0122100101436,130.0000000004657,6957.782080467236,1365.817574884948,328.5410109195233,78.68283890904749,42.295590673660605,1889.381295,1615537.8759424882,232871.29312417904,908384.3539479967,474282.2289807131,2513845.120007077,365439.9999942904,1457280.0000288037,183679.9999628758,1518079.9999662086,345600.00003019103,646749.6752770001
29340.0,239346,42010.124,38351.0,18455.981999999996,45067.831999999995,69136.354,35925.038,91108.53799999999,72055.106,42079.994,102569.76000000001,11525.535999999998,15142.85,54459.748999999996,90786.99799999999,52449.0338163227,26791.018,37961.0,75605.051,10040.0,18017.0,623.0,166063.0,88550.0,1261.4,17970216.213100165,-9797.0,20042588.0,167711.04662701796,44398.948594091526,10974.580502940176,1300.8591490749968,240.99999986356124,22940.01084311767,4851.816702837371,1192.6727815086065,54.9453508360804,10.467172725735894,1865.777304,2240492.8427550844,348652.28711317014,977893.0154654988,913947.5401063616,4224065.280239703,565760.0000888391,2359039.999887223,423679.99995356286,2316800.0000908333,681600.0001000165,1503341.6668601
29380.0,71908,12008.636,14379.0,6759.352000000001,13950.152,15532.128,10210.936,27756.488000000005,20925.228,13734.428,27396.948000000004,3954.94,5465.008,18817.386,26373.402,13959.5539217646,8645.826,8595.0,23685.204,1726.0,3818.0,183.0,46670.0,20973.0,631.9,5447604.685768099,52.0,3155677.0,54653.69366166548,17288.35971372763,4738.344300431248,338.49903382854245,4.0,3492.938795143966,1061.068113023367,259.3089519112099,21.48105706020805,0.594752116267392,5641.235577,1654916.6658006362,193651.33429768405,954019.118918882,507246.21259003587,2386024.9600047753,435199.999972003,2058240.000089932,218239.99998365444,816640.0000195851,250240.00006504613,510421.7112831
29460.0,787404,122835.024,152545.0,69291.552,128346.852,170079.26400000002,114960.984,280315.824,237796.008,135433.48799999998,322048.236,38582.796,58267.89600000001,136997.568,272506.032,133042.3991458632,92324.448,95329.0,244213.056,28647.0,43066.0,779.0,54591.0,239973.0,534.9,58143875.10516144,391.0,38523043.0,155994.6397804516,49858.74908866206,15100.945003266512,2103.21281102679,57.000000059604645,49772.521903823945,15042.434804484616,4462.949357295179,680.8350382609502,12.05834699793284,9806.848572,4026186.9684195057,584948.0449237856,595064.1997562238,2846174.723711115,10868320.000118446,1006720.0001039922,2099840.0000487496,635520.0000035593,10220160.000030171,2015360.000014306,1150399.6812015
29470.0,37991,6154.5419999999995,7858.0,3723.118,6078.56,9193.822,5166.776,12233.102000000004,8813.912,5774.632,13904.706000000002,1443.658,1975.532,7086.66,12514.74,6939.278038392,3769.5,4800.0,10328.43,959.0,1670.0,24.0,73226.0,13628.0,305.0,2917752.71258415,29.0,1357917.0,21495.7494548778,6840.535457226675,477.8723110279532,141.0,53.0,886.0241540740938,279.67269631079057,15.780998023807232,5.207398522941272,2.016608066982097,30.73154669,,,,,,,,,,,
29540.0,556629,100749.849,103569.0,51766.497,84607.608,132477.70200000002,59002.674,177008.022,124684.896,74031.657,195376.77900000004,17812.128,26718.192,109238.4,170958.096,100313.467601472,50249.664,78456.0,139278.96,21118.0,20909.0,908.0,73006.0,206476.0,310.0,43683380.56803931,353.0,36854449.0,138229.5913984144,39000.72994215786,9837.130556721992,651.9971985135552,100.00000001024452,55184.81743470911,10825.726964043144,3050.7546627221695,248.40425562287135,36.91616960840438,26770.97038,2893801.0060916403,187879.7187259846,1335772.5618618452,1370148.7255591664,6726945.2799522225,239999.9999942083,2993919.999970203,770559.9999893181,4401919.99982402,1023359.9999801696,604098.0865032
29620.0,472848,85670.52800000002,78041.0,37817.86,61382.856,120286.49200000001,44210.46400000001,122337.728,94579.928,48654.835999999996,158323.636,13946.196,20029.092000000004,82083.307,177515.582,104460.5472984512,47867.241,91160.0,121035.781,17889.0,23038.0,1535.0,206736.0,179009.0,1308.9,37659601.89622697,398.0,30758611.0,174767.78288625967,43778.866266106204,11142.42416244989,587.8543363715464,44.999999999999986,45489.808447846415,12508.444467505828,2134.8123540239226,137.09365118199293,13.682094670758715,4405.196934,4522065.904787877,1111086.454645391,1741884.9193712214,1669094.530762036,7315329.91984451,1486079.9999408005,2146559.999987335,680959.9999794037,5283199.999950713,1678719.9999703215,1426300.6917483
29660.0,38031,8480.913,5026.0,2243.829,4867.968000000001,9089.409,2890.356,10914.897,7378.013999999999,3727.038000000001,11903.703,1178.961,1787.457,5803.55,11568.15,7721.571440340001,3232.8500000000004,8767.0,8880.6,780.0,681.0,224.0,59179.0,14897.0,452.7,3146357.3048843504,25.0,1894141.0,105695.3703763522,27049.473257504964,6600.123583072867,570.8696361268514,95.8696360280737,5498.876266209299,1030.6359062197405,193.5927137569525,14.79059341730376,2.761461851240901,448.6527904,2114349.1110532233,253244.68435854267,1521696.380329257,339408.04712096753,1566214.401074245,207359.99979634263,1133440.0005539733,96639.9996575122,549759.9997169032,346880.00099391234,2735509.5542317997
29700.0,267780,46058.16,27714.0,12050.1,31865.82,53823.78,41238.12,94526.34,88367.40000000001,40434.78,109789.8,13121.22,24367.98,46650.408,116070.658,45203.5207989667,49427.218,35642.0,108017.909,9819.0,28228.0,109.0,56588.0,89021.0,409.2,21806588.935163997,203.0,17129191.0,168696.21895618245,48750.97903796005,12324.235787363476,1518.9825267552865,73.99999995529652,116361.70547931272,22332.996656941705,2165.202127796852,104.1303512602436,17.24156065031407,2340.05269,4124667.76833734,300875.3033349601,508981.97352174326,3314810.4916448807,6685169.919824798,414720.0007663159,755839.9999347824,257279.9995336728,6113920.000604578,1845760.000505223,2151298.7380336
29740.0,223337,36180.594,36983.0,14516.905,29927.158000000003,48687.46600000001,27693.788000000004,76604.591,53154.206000000006,34170.561,76157.917,10943.513,16750.275,34074.348,76777.91399999999,36795.8992755552,29206.584000000003,34147.0,62617.14599999999,8073.0,14664.0,712.0,46547.0,69719.0,731.5,17396600.290788785,137.0,9640797.0,113087.67671813365,33281.75208695397,9649.312534925524,824.4803189636782,94.00000013635146,18051.74504496582,4882.692424356792,914.11985305374,68.67886459295056,5.742885557454886,1646.415713,3186320.329569091,285761.51752706565,1143488.7409908592,1757070.07027487,4854649.599805892,255999.9997677313,2190719.9999418403,581120.0002002979,3038079.9997746293,785919.9999847809,2437187.8781318
29780.0,31122,4138.935,7722.0,2348.8869999999997,4045.8599999999997,6240.785000000001,5185.449,11571.567,8874.521,5932.377,10843.253999999999,1807.306,2815.717,4951.772,10530.126,5254.332720447999,4345.924,4040.0,10010.74,1036.0,2138.0,292.0,81422.0,8173.0,1061.7,2444629.732742596,-9980.0,899497.0,36433.40854092456,13911.318430440268,5534.794471520965,0.9999999701976772,0.0,773.3185433879855,212.18269183575023,25.496597517279994,0.0032368985947169,0.0,190.045988,4005421.9139417103,283060.8238849304,2244034.041169302,1478327.0486688633,3028266.2403697944,167680.00003306556,2176639.999736206,223360.0013712226,1662079.9994491634,244480.000625525,4254476.1452754
29820.0,2322985,411168.345,359536.0,155639.995,360062.675,455305.06,260174.32,789814.9,634174.905,350770.735,761939.08,90596.415,144025.07,382133.895,697104.863,411615.5541803838,247808.041,373924.0,629941.9360000001,165513.0,150760.0,5204.0,62496.0,796064.0,619.6,181593572.45112807,2065.0,164029159.0,328404.8875924277,98883.22895671928,29534.931979042383,4222.999999314756,47.99999989534261,340324.27564187534,70102.27180981814,19596.925052870785,5293.971418087917,8.428312740515118,51449.41515,7541854.311204885,1087303.809467182,1027757.5388368744,5426792.96415387,31344971.51952703,1716480.000264607,4236800.000847591,1741439.9993605907,32597759.99985058,5034879.999071255,5050545.3403118
29860.0,82736,11540.242,15598.0,6901.323,13692.337000000003,16552.903,12877.342,31492.942,25996.230000000003,15918.604999999998,35673.481999999996,4413.54,6298.400000000001,17085.653,36287.084,12400.3024306635,10902.594000000001,11811.0,32634.117,2351.0,7738.0,72.0,91921.0,29967.0,1666.6,6223677.3338743495,61.0,4183672.0,81893.07977751618,19996.476176860444,5707.47445203801,330.00000006239856,52.000000059604645,6257.600887327324,1506.8511583111722,391.6790746923978,16.419896414315435,2.883627890548398,131.3433178,2011093.853230248,294522.2687086645,1158072.315817125,558499.2686530781,2509603.840022503,536320.0000047553,2183680.000019514,213759.99992693216,867840.0000542203,260479.99997929856,877454.2339230999
29900.0,34162,4885.166,6571.0,2493.826,7003.21,7788.936,5773.378,14211.392,10692.706000000002,7276.506,13938.096,2391.34,3142.9039999999995,9248.079,14201.169999999998,5343.264723614399,5126.276,4133.0,11811.217,1373.0,3713.0,67.0,33531.0,9942.0,982.1,2532845.252412922,24.0,1410964.0,19051.00956201929,6464.600768355862,1124.0277873621385,23.0,7.0,1789.3576396946014,429.61582209438313,63.177929336093776,2.692067692227134,0.8979249694133242,82.44919641,707566.8990374354,116991.6284576727,23069.514333884363,567505.7562551902,1172919.6800406172,270079.9999723897,144640.0000049269,40320.00001555325,1174400.0000864947,252800.00000247077,204245.4667773
29940.0,119964,23992.8,16252.0,7797.66,17394.78,28551.432,10916.724,35029.488,23992.8,13076.076,41747.472,3478.9559999999997,4918.523999999999,18502.03,35533.7,24436.699041492,11395.29,26623.0,30264.91,3888.0,3972.0,377.0,65149.0,51093.0,647.0,9854184.17006007,109.0,6203251.0,51848.26336790818,11778.303429293326,3076.040936055053,330.0077299214898,30.0,12806.87492809404,2022.4479851175292,348.3764229188582,33.9173553800934,8.116421658982745,22195.00086,1092393.9523848488,186752.5903318326,391489.3529812543,514152.00908627646,2433036.80011263,279039.9999717903,540160.0000200114,204799.99997813423,1930240.0000515925,580480.000050342,291683.0357974
29980.0,45415,6857.665,8084.0,4132.765,9991.3,14441.97,6948.495,18302.245,14214.895,9400.905,18801.81,2361.58,3224.465,11552.32,17417.344,6544.7375557888,5287.407999999999,4930.0,15684.496,1489.0,2207.0,43.0,47353.0,13828.0,414.6,3265671.4345646403,30.0,1357119.0,15569.540197031623,3670.0105331930968,127.4318397471798,0.0,0.0,1043.2350082757848,177.45835049314726,3.1571591926319327,0.0,0.0,895.9071589,1008478.0768873064,57809.51402920395,800460.4242463986,150208.13850104553,1250875.5199803845,91519.99998838334,1106559.9999751355,99199.99998386964,480000.0000172618,93440.00002047396,394954.5365592
30020.0,128523,17317.743,17321.0,8121.782000000001,22767.927,34296.658,16262.547,53840.556000000004,39960.072,21936.915,55103.505,5737.167,8816.241999999998,24908.433,53402.558,17310.0914642755,14942.422,21621.0,49466.857,3431.0,8653.0,422.0,100273.0,42243.0,1486.0,9556614.552857922,-9910.0,6378740.0,113898.14101468687,23626.62871907252,6702.589934043674,752.9999999552965,139.0,13790.67511592517,2841.3248500552686,426.34866927567685,42.56185300599224,5.555032610695223,700.4503065,2709006.013717087,339822.496947727,1469032.0961399768,900151.4209320899,4206325.1198331285,426240.00010447105,1742080.000016197,602879.9999335506,2193280.0001128637,978559.99997647,1089258.0234512
30060.0,36313,6282.149,6588.0,3377.1090000000004,8460.929,9150.876,4938.568,14561.513,11402.282,6972.096,16086.659,1888.276,2360.3450000000003,8830.17,13496.52,6314.036253849,3625.395,4203.0,12311.985,1388.0,1587.0,53.0,46191.0,12463.0,464.7,2642265.444915525,25.0,1846194.0,31706.837646048894,9234.211715116331,2893.4722760362292,67.72669158852656,8.000000021886084,1597.919684547473,440.7371732233753,114.42143102490468,6.814337722546196,0.310871744211964,91.42749036,1095577.698236404,197152.11979808056,626237.8904738235,272187.6879765049,1329200.6399295102,432639.9999856672,1148799.999948603,84479.99996287395,533120.0000975055,122879.9999949818,489352.6632622
30140.0,144011,25057.914,28532.0,13537.034,21889.672,34994.673,16561.265,46371.542,35138.684,20593.573,52996.048,5040.385,7344.561,30315.882,49582.05,27216.5566590753,13457.985,17886.0,39948.96599999999,5703.0,7919.0,439.0,63605.0,53316.0,348.4,11110980.335192049,81.0,7462278.0,63034.878777442675,16277.806254813662,4663.167635704698,647.2246213446335,29.00000005587937,35288.67438867748,4438.2017361169965,852.8368211388151,130.53219459969029,10.421006028159438,33238.7452,1064998.8782429916,71047.35045826965,385825.6038212431,608125.9239502285,3427426.559910096,107520.00000377726,1134719.999964403,426880.0000005756,2104959.999990036,839679.9999620392,231554.8836375
30150.0,223072,36700.352,50044.0,23413.184,27099.124,55166.45,21370.233999999997,60343.937999999995,41241.474,26522.574,63005.25600000001,6988.820000000001,9489.707999999999,36931.789000000004,62406.82000000001,43417.1122954624,16423.507999999998,32180.0,48751.702000000005,6278.0,7444.0,976.0,264369.0,82068.0,973.9,17417446.52835543,143.0,14859895.0,131219.02128557753,33075.22669073961,7845.987503579054,119.89545333385468,36.0,7804.358116820226,2151.181907423772,468.76487678262833,8.378497254011025,3.194038646294535,11029.82735,,,,,,,,,,,
30180.0,25681,5803.906000000001,4880.0,2414.014,4057.598,4828.028,2850.591,7113.637,6574.336000000001,2978.9959999999996,9501.97,796.1110000000001,1078.602,4161.135,8826.65,5602.0046670757,2168.834,3819.0,6708.254,514.0,829.0,40.0,72261.0,10666.0,317.8,2004896.63232409,19.0,1984471.0,44415.42024018215,11676.561035713084,3249.950879028986,304.0000001164153,92.0000000055879,1335.8058166574012,305.24365261656567,69.31696253256156,11.923891326907004,2.3221191129054715,228.1041386,,,,,,,,,,,
30260.0,42744,8206.848,8429.0,3633.24,7480.2,10472.28,4573.608,14276.496,10429.536,6112.392000000001,14404.728,1581.5280000000002,2265.432,8947.388,15990.134,9181.3667983466,4030.754,5701.0,11649.322,1305.0,878.0,67.0,62306.0,12908.0,153.6,3634783.711376178,27.0,2291448.0,18664.850915446095,7112.039958804723,2635.373514178344,181.0796633815628,12.0,2934.5659786843685,687.3414330806744,163.80363495495862,65.4738855772159,60.48080687930255,94827.43984,617301.869046094,70217.92545992672,433550.8540764744,113533.08950706112,1096283.5200358746,113919.99998580724,787200.0000618083,134399.99999258987,383360.0000536556,181119.999995448,202207.7272211
30280.0,35878,5489.334000000001,5819.0,3013.752,8646.598,11373.326,5309.944,14458.834,11732.106000000002,6709.186,14566.468,1686.266,2403.826,8298.792,13025.952,5677.2116958960005,4166.9039999999995,3848.0,11485.248,1396.0,1895.0,18.0,58073.0,12701.0,369.5,2621343.371036232,21.0,1464344.0,24814.36145586279,6168.502018077881,1270.707133542804,83.60309249069543,13.99999998509884,1779.946864423076,318.25319928358965,54.18703424651901,5.5953643206184935,1.1787022295988197,172.2579751,587368.5823606879,54778.50976048335,398902.7047507629,133687.36782720653,669083.5200414615,88319.99997790175,494719.9999750113,31360.000007830447,355839.9999956385,70400.00001833003,240290.4972758
30300.0,65512,10790.996000000003,14067.0,6692.284,8876.688,15839.068,7691.436,22253.584000000003,14787.604000000001,9750.852,22839.168,2538.496,3496.656,11422.285,20551.055,11641.750354025,5989.1,9327.0,15021.704999999998,1551.0,2708.0,211.0,111216.0,22680.0,568.5,4927870.79312041,41.0,3673111.0,33383.46506732865,8803.553567692488,540.999999972409,29.0,5.0,4828.64340514878,475.8878795963091,27.488760903009567,1.0105873000559011,0.153582539583212,71832.17154,1489045.1487118304,88511.917230479,109805.8647414678,1290727.3670675445,1683800.3200337193,108159.99995096737,263040.000110521,81919.99996877757,1537919.999984289,400639.9998803899,949992.6850467
30340.0,113023,18309.726,19975.0,10059.047,18083.68,32663.646999999997,12545.553,37410.613000000005,26560.405,16501.358,40801.30300000001,4068.828,5651.150000000001,21492.306,34843.587,22753.7526569128,9335.042,17717.0,36146.151000000005,2984.0,4521.0,543.0,57723.0,40518.0,390.7,8337224.957411867,89.0,6214350.0,35623.537070399565,12020.328965658238,1280.2021281178263,30.26525409519673,7.99999998509884,8278.846145320958,1770.0632298454648,91.31355421280728,5.190424806839802,3.226901448430986,529.5946207,960707.0121651564,50205.73203061301,330558.555288597,579942.7247865817,1990783.3599873455,70399.99999504576,874880.0000108294,120320.0000262579,1555199.999979587,249600.0000066542,299482.8555136
30380.0,45988,7725.984,10249.0,4644.788,9565.504,11405.024,5978.4400000000005,17153.523999999998,13428.496,8185.864,17613.404,2115.448,2759.28,11746.32,17135.808,8784.5927825776,4422.144,4252.0,14878.672,1767.0,1707.0,47.0,54517.0,17524.0,260.1,3543313.26602232,24.0,2150707.0,41343.02413259095,11987.886674578678,2984.097136228745,347.0000000495565,35.99999994036625,3965.487629320215,858.0312889296482,287.0295854004027,14.40522716142616,2.806383729486178,105049.4026,752186.9173778022,57051.06589606235,515652.92290561064,179482.92861161055,1339642.8800246555,113279.9999851126,1160319.999970073,111999.99997763732,488319.99999413645,128000.00002487244,263063.2204145
30420.0,25692,4545.6759999999995,4519.0,1927.9479999999999,4183.1320000000005,4217.104,3461.5679999999998,8141.888,8432.872,4153.8240000000005,10512.404,1158.328,1731.164,4051.556,10167.644,5001.5870960814,2839.02,3437.0,9095.846,484.0,1529.0,31.0,123741.0,9946.0,428.1,1993966.076759688,-9982.0,2088815.0,143912.35398839103,26970.78604341778,8219.689361952558,1410.6216255732909,137.00000006752086,8008.484777737988,1078.3354268474743,249.7860845851482,29.860274504201172,5.441457128898218,443.7124001,1669160.672983777,202747.72026448703,70096.35419900874,1396316.598645252,1600663.039851816,205440.00009766757,149120.00003124835,85119.99977486479,1199999.999974863,615679.9999807888,941575.4078456
30460.0,517916,78438.10800000001,78964.0,40370.481,80948.482,133347.321,61960.73,172301.65300000002,120384.111,74252.06300000001,182075.39,18326.14,26549.184,99022.705,181627.736,89662.4766170884,56502.013999999996,101660.0,152263.911,15628.0,27989.0,1670.0,378603.0,201853.0,2650.9,40302002.269309595,439.0,35853701.0,201484.1546081357,69148.82610882324,15465.16510210696,1613.9185123640655,140.8114473223686,77356.43316994184,26007.95681321275,4948.276576763544,415.2378229530454,49.991460022238535,6545.74786,2992899.986262082,601065.1947296379,1221447.218011038,1170387.5736064948,6328372.480011253,800640.000000108,2458880.0000556544,613760.0000273419,4738560.000002172,913920.0000256448,940724.7054027
30500.0,209450,35613.447,30634.0,17208.560999999998,25681.671000000002,44829.247,24073.393,54025.280000000006,44768.872,24228.878,73314.447,6229.535,8898.42,33650.346000000005,75552.81899999999,41606.6809323597,19708.877999999997,35933.0,48208.479,5305.0,9490.0,335.0,216862.0,83773.0,769.0,16374674.202076457,154.0,14697150.0,28722.37278013846,9262.78862688501,1369.3294352076073,0.0,0.0,4920.931688021035,1385.7643013568452,189.38579962499796,0.0,0.0,5552.237493,,,,,,,,,,,
30580.0,21358,3737.65,2312.0,1217.4060000000002,3459.9959999999996,3993.946,2990.12,8030.608000000001,7283.078,3417.28,9547.026000000002,982.4679999999998,1580.4920000000002,3597.4980000000005,8373.124,2956.3396202480003,3197.776,2594.0,8899.074,430.0,1323.0,20.0,54330.0,7468.0,728.0,1642741.040960738,14.0,1525335.0,35235.80444719928,9271.835997959855,1451.89622412913,192.9999999701976,46.0,3559.3181614117025,582.2021521441972,94.09529721085474,7.722814257925755,1.1140370106791084,185.0578059,1059734.8849630808,111141.90296324696,662593.1553784565,285999.8266235273,1332725.1198166856,232959.9999694515,918400.000016291,184959.99990055745,456959.9998995315,230399.9999213187,409368.9161328
30620.0,101115,17290.665,18881.0,8999.235,21739.725,26896.59,15369.48,38625.93000000001,32255.685,18807.390000000003,47119.59,4550.175,6269.13,23251.44,40078.14,17626.164061798,11931.66,15288.0,34673.200000000004,4122.0,7699.0,248.0,52558.0,39718.0,638.0,7776456.707119101,94.0,11496300.0,58118.65441437635,14958.764059112867,4513.521640591371,423.9818095129449,30.00000009778884,12602.310652708264,2242.556623188038,537.5115409193888,96.89902653268328,4.095088353942412,886.8499838,961793.5000331068,184458.4386986932,560402.7702758948,216932.29103635647,1944489.5999632108,237440.0000096788,918399.9999685253,324479.9999975768,870399.9999710975,426879.99999056046,257596.7805728
30660.0,27591,5159.517,5408.0,2428.0080000000003,4800.834,6097.611000000001,3338.511,8470.437,7008.114,4055.876999999999,10594.944,1076.049,1407.1409999999998,5449.536,10189.497,6479.469319280401,2668.002,4340.0,7606.644,817.0,989.0,26.0,65255.0,9888.0,681.4,2179936.062423882,13.0,1366595.0,49205.285365152384,16189.65500735504,4267.452960932646,484.9111695528974,70.0,3155.246287834103,726.0939961986359,151.16283250852388,24.594869039107486,5.386911032854572,1562.019923,924651.2976826328,269067.5684834251,22281.067204144943,633302.6620232315,1025776.000076743,289279.9999867939,55039.99995487393,23679.999977869265,792959.9999769273,436480.0000246292,395547.2664669
30700.0,342448,67692.25200000001,50578.0,25571.148,43945.795999999995,63105.192,32479.484,86787.18,72811.28,36211.028,111087.18,9860.224,14258.972,48974.918,116032.42199999999,79597.519186529,29643.638,67097.0,73991.968,7862.0,15098.0,1298.0,138275.0,142689.0,715.1,26971837.73598965,288.0,25893577.0,232209.92592631406,55096.14820512573,13572.024425472653,2064.341664749647,223.99999996856798,74211.27165874752,11060.35075178138,2278.61465073877,294.7300966621643,21.713721528219097,7997.452731,2979379.289115953,456307.6642411213,906481.78748657,1616589.8374626006,6337731.199993676,641279.9999735167,1256959.9999213635,809600.0000162674,4576640.0000753235,1637119.9999848683,901733.6866445
30780.0,757615,130640.941,121175.0,61444.547,122348.08300000001,197596.404,101202.257,259145.96300000005,203683.40099999998,122007.39899999999,285156.94899999996,30096.75,41791.598,145665.12300000002,263151.183,119580.85077626401,79839.068,135222.0,223868.647,22861.0,52324.0,2353.0,352105.0,285824.0,2518.3,56718642.35910334,592.0,47454367.0,304361.35087599687,74984.76577228756,22067.036992422265,4863.7999615491835,213.0000000021073,83194.7907944398,19041.26624061261,5294.902165663461,1254.9166927728618,66.03305033087571,20981.54628,8113451.490095227,848637.5001092246,3622082.759730237,3642731.2302858457,15820380.799806684,1651200.000183724,6833920.000102769,974719.9999224468,11108479.99991724,2878079.9999617497,2614157.5061008
30820.0,37931,6979.303999999999,7451.0,3413.79,6979.303999999999,9710.336,4096.548000000001,13427.574,10013.784,5499.995,12782.747000000005,1403.447,2010.343,8768.067000000001,12905.38,7722.942040769401,3530.0009999999997,4093.0,11121.401,1542.0,1334.0,45.0,54652.0,13445.0,256.3,2960300.9820673154,22.0,1683927.0,37321.1299600962,11714.174217234671,4312.092905364111,311.0087014752207,25.0,2727.6430126697637,553.8246820033515,167.86850991298635,8.009044106896605,0.0583272097695286,235367.261,1092116.833831302,90582.92854539584,869815.1120877572,131718.79304819577,1330847.3601083283,93439.9999977896,1113600.000047282,117759.99999293635,388480.0000020774,211199.99997542004,568297.4789404
30860.0,155362,19796.503,15148.0,10061.208,16102.966,41510.731,12592.567,45238.549,30028.262000000002,16223.177,50678.39,4922.545,7252.974999999999,14927.433,48262.71200000001,13848.1199904379,13485.511,25891.0,28713.528,2163.0,5203.0,251.0,130787.0,49606.0,368.0,11691116.48683748,96.0,8189744.0,65958.19061921793,17344.068747533263,2342.057757683188,194.4353835689831,13.0,13812.824799765234,3555.4546289358864,393.13948130851196,11.921032025457894,0.761621021531957,1365.134977,1594200.9760567811,130785.76434284156,90373.32653530606,1373041.8852142738,2970875.5199888884,242559.99979662657,272639.9998993806,108160.00005383651,2913919.999946067,737280.000065118,1169734.3463672
30900.0,37540,5818.7,7019.0,3378.6,7508.0,9122.22,5368.22,13476.86,12238.04,6644.58,15091.08,1801.92,2402.56,8449.688,14356.992,6142.883346563601,4449.172,4266.0,13272.74,1191.0,2222.0,96.0,50419.0,14699.0,448.4,2832663.3537300797,28.0,1751256.0,30041.393680794292,8689.488624422645,938.5047912187872,69.99999999115248,6.999999985098841,3776.935529386007,745.2371494963937,96.97536896864942,11.71544920289572,3.957950081755113,245.46333,837231.9264005362,109637.2115002105,603186.1745890736,124408.54028080191,1339121.920064193,206719.9999652584,961920.0000073937,209279.9999881453,403840.0000119552,218880.00001098984,263773.5214862
30980.0,291219,49859.629,49294.0,23205.607,51101.664,69635.397,42250.283,103350.057,82870.136,49537.192,115318.496,13813.865,19181.25,57807.023,108955.902,54478.158856429196,35429.068,39795.0,89946.159,9936.0,20359.0,291.0,221777.0,102975.0,1072.3,21624926.418771625,248.0,20153724.0,251453.76572297874,64045.20809337526,15588.107966807245,1800.9999998517728,230.99999998779103,25471.876663522602,6436.065567017746,898.0105851240438,94.53830111104277,19.809585435151444,33403.61211,5973458.7181707965,1012792.3764655814,1739304.969725349,3221361.3721430437,10326138.240236256,2967679.9999944125,4590720.000040436,569600.0000193487,8064000.000075873,1315840.000040631,1715453.7954605
31020.0,111956,17465.136,21864.0,11083.644000000002,16457.532,33474.844,13098.852,37281.348,25078.144,16457.532,43998.708,4590.196,5933.668,22051.458,41095.899,17878.1649126132,10691.616,15383.0,24724.362,4523.0,5660.0,532.0,64357.0,36424.0,501.8,8612970.940660723,68.0,6773557.0,57571.98470677158,16005.73466981612,4361.5472709817905,633.0851269832419,38.99999992549419,12863.899321889236,3211.4825790545237,631.8403739797814,89.75755369084051,10.457982404759914,10115.97574,1571993.2915697112,106132.58970549631,78814.55204249686,1387046.1498126185,2087810.5600509448,118400.00007307954,287999.999971602,94080.00004534695,2023680.0000455144,451840.0001015686,730334.9518296
31060.0,19187,3242.603,3578.0,1726.83,1496.586,3530.408,1477.399,3722.278,2417.562,1496.586,4336.262000000001,364.55299999999994,537.236,1790.504,4748.728,3825.9529991884,1245.568,3999.0,2938.7619999999997,371.0,473.0,47.0,111724.0,7764.0,165.2,1632252.791047904,16.0,2973481.0,3614.953738711814,1180.5755150132536,0.0,0.0,0.0,424.0415818173944,219.13288165736665,0.0,0.0,0.0,297.1726119,286901.1506624711,4159.9241234079,81478.91883797421,201262.3077159093,675257.6000228254,5760.000000393753,184960.00001774397,24320.00000283084,627839.9999676023,108800.00000643778,69890.6031524
31080.0,12872322,2249772.7520000003,1942225.0,810153.528,1377338.454,2574999.5719999997,1545481.398,3623960.0220000003,2897877.966,1599854.284,3356792.444,473392.316,769723.308,1413145.142,3540046.753,2309926.5904590706,1426697.52,2583295.0,3189688.704,766374.0,674874.0,50930.0,174410.0,4635583.0,1143.6,1070623118.3826439,11812.0,1235919800.0,317993.1564989971,116867.56079562486,47836.8510646239,12525.610699969591,81.64143735585093,675815.1612081352,234406.8363317918,96404.41092455198,25647.8745721781,131.62571115178665,893320.7682,28149582.885937765,3116996.5025410084,4201703.617856879,20830882.765651476,125791944.31974123,7068160.000032009,22617599.99994596,11704319.99979018,108415359.99974369,26688640.000054613,3104868.1538141
31140.0,1361946,206147.45200000002,225964.0,116637.839,229318.75,340189.053,176617.477,457355.6,343816.65,204060.684,509723.266,50014.566,70292.361,292876.326,460835.7,254340.98972522627,140980.109,238697.0,427034.474,45055.0,83513.0,3378.0,825002.0,524237.0,3879.1,101881429.98668711,1045.0,94159762.0,509568.83635343733,163868.10558211003,33388.658307581754,4924.04890653084,274.99999992940866,247936.16072251604,64212.75108702171,12613.291687940813,1884.0738143356348,76.94538566365607,23793.51305,8110208.553860639,951890.9608520468,3668045.527855702,3490272.06500878,21638550.39992356,1727360.0000406646,8623999.99986018,1553279.9999541314,16147200.000086209,3562879.999933395,2071496.68873
31180.0,358232,67802.145,47747.0,22445.095999999998,52503.975999999995,83337.103,42980.185,115282.90299999999,95391.22200000001,49286.717,124962.56,14386.117999999999,22628.051,57862.092000000004,131566.283,64860.5387726017,46657.276,60137.0,118812.109,10330.0,23389.0,561.0,301271.0,132786.0,2461.2,26916944.574331343,-29696.0,21180817.0,183433.17768220123,55042.39426505422,16152.882121261373,789.000000125743,124.99999990190557,40876.40561162454,15608.228982354727,2863.062839795793,54.24929447639518,6.086669624047989,3683.165663,4463283.032168393,802941.9627675381,1336027.3313030452,2324313.737910792,7087353.600470818,1207679.9999803128,1495680.0001781974,663680.0001767507,4885120.000027915,2167680.0000095493,1720068.2265915
31220.0,29409,4823.076,7424.0,3205.5810000000006,4852.485,6940.524,3646.716,8734.473,6793.479,4205.487,11440.101,1146.951,1499.859,5978.62,10703.188,6129.5353211828,2799.744,3645.0,7582.64,1232.0,1333.0,96.0,52571.0,9949.0,240.2,2270825.591797028,19.0,1255042.0,21497.450272822807,4438.307576994834,635.916599310113,32.0,6.0,1026.7549867834462,151.4207663992684,17.324162667645567,0.5563564977839099,0.0896404585275515,180.1080325,861470.2243620353,98991.44082163932,641856.98580155,120621.79777172169,1023707.5199903948,199040.0000021809,842880.0000310497,183040.00001078032,199680.00004813785,145280.0000417165,316774.6441788
31260.0,87101,13587.756,14847.0,6880.979,16462.089,21165.543,14023.261,34317.794,27611.016999999996,16810.493000000002,35537.208,4790.555,6706.777000000001,17185.608,34110.828,15616.9142424864,11543.868,12684.0,30205.008,2712.0,7532.0,125.0,49943.0,29242.0,269.8,6517580.613916932,68.0,4118661.0,44348.52532249618,13368.51007354628,3747.915649729859,157.00000002188602,27.00000008009374,6689.7938557503885,1948.6049085452664,610.4380740288084,21.26185156461322,7.700811746956254,1700.981095,1317396.0955238652,184152.22534313,656746.5152263442,476497.3547905264,1872103.040018832,487679.99999862106,1278080.0000490372,160640.0000595111,951040.0000039886,224640.00002752943,510573.9688254
31300.0,116663,15516.179000000002,21022.0,8166.41,28232.446,26015.849,20299.361999999997,48765.134,39548.757,24849.219,48415.145,8516.399000000001,11782.963000000002,37309.713,57329.559,18650.1025275693,21969.831,15152.0,47059.638,4420.0,13459.0,275.0,39139.0,41170.0,943.2,9320135.080941731,76.0,4660564.0,73598.3956924917,25453.81829096196,4576.456597116424,341.9999999725261,29.999999991152443,5262.649530726084,1931.640026475618,347.10655819081563,35.54068132054137,2.010182679030863,684.8362336,1828435.2225855296,307539.677921287,56179.52177561517,1464716.022932537,2874056.960048513,587519.9999792515,300159.99999314593,111999.99997175306,2990719.999985975,567040.0000082887,606243.9582473
31340.0,184326,31274.61,39920.0,19024.18,29364.52,45891.80500000001,25605.716,62478.42600000001,45213.266,28972.047,69711.14199999999,7152.267,9763.25,34983.085,63432.888999999996,33318.568554924204,18379.881,25443.0,51683.932,4676.0,7406.0,84.0,245490.0,71109.0,1465.1,14337230.748615593,89.0,3745884.0,162564.476552865,46797.78113039962,8874.416769347972,955.9263541335915,172.00000006455238,11097.13373213248,3294.3321055368406,656.1862716371759,73.54145701191665,10.675950928858278,9955.943947,4105145.273863135,553211.0391162869,256048.68377792748,3295885.5510029113,7013614.079924829,1453439.999973672,1279359.9998612618,172799.9999662483,7882879.999898132,729599.9999291665,1357054.8471505
31380.0,26861,4969.285,5516.0,2202.602,4324.621,6339.196000000001,3169.5980000000004,8810.408,6849.555,4082.872,9723.682,1155.023,1584.7990000000002,5712.525000000001,10458.315,6275.6447832225,2929.5,4953.0,8144.010000000001,911.0,701.0,60.0,52155.0,10143.0,953.4,2278351.3600181253,25.0,1413238.0,37647.540229777136,9934.376208824724,1222.7464019794393,200.8601375659927,30.0000000465661,3127.4416181479373,645.9324692054875,54.93868154478584,10.7964520012797,1.8313136490910584,304.9505463,876624.6081604426,178729.94626301347,44330.31396182581,653564.3479049917,977781.1199608094,235520.00005408,107519.99995044968,62080.00002140731,755840.0000125138,339840.0000441737,377158.5141762
31420.0,233916,30807.503,40237.0,17662.662,40702.255,49837.682,35613.658,84211.86,73653.027,41996.262,105944.393,12879.288,17511.368,51171.111000000004,85435.57,38065.2027696999,31074.371999999996,33885.0,78052.836,6793.0,22463.0,329.0,269506.0,77727.0,2371.7,17033558.599813767,-9791.0,12914806.0,140588.60551019074,40600.649285300664,9736.872292952976,1685.5091555567265,139.99999994659444,18791.6546282619,5176.537475072331,1507.461267910137,167.13165697245333,4.542365549474974,2201.680948,2803163.682939983,440500.33811634535,1293462.3928675677,1069200.951999799,5274420.479869314,702079.999937429,2773119.9999800823,363519.9999872236,3528319.999982404,707840.0000190925,1103082.9780896
31500.0,32946,4974.846,6028.0,2998.086,6226.793999999999,8203.554,4217.088000000001,11069.856000000002,9587.286000000002,5139.576,12519.48,1317.84,1812.03,7224.75,11238.5,6144.844002427,3339.44,3866.0,10532.08,1107.0,1259.0,37.0,55588.0,11794.0,343.6,2419790.63002209,20.0,2018824.0,12944.101613713352,3748.951648686264,83.99999985611062,6.0,1.0,948.983883123414,265.971750586759,4.985910817369975,0.0932604285251785,0.0163885286758222,1464.969015,661748.989705401,53850.48035886597,457859.7167949816,150038.79248929993,998159.3600211522,143359.99994123567,818559.9999940082,94080.00001821572,379519.9999949846,104960.00001689752,230804.127867
31540.0,687077,159214.50100000002,104077.0,52247.92600000001,83758.134,164030.309,59832.637,184778.975,126940.70199999999,68903.10399999999,222049.863,17466.742,24847.522,88389.409,221514.286,157808.2086363994,47520.844999999994,151674.0,130073.913,18931.0,27168.0,2595.0,300346.0,268396.0,1269.2,54347687.58186376,513.0,61328793.0,270730.4937399426,74295.49603400771,19274.587162120228,2562.093179760789,61.999999990686774,93428.9316209741,24307.878024531357,5811.338208761736,468.3310246975964,6.245963834615476,24676.3294,6376541.629559469,1557554.930818516,2620861.640119474,2198125.0587961883,11241179.519937696,2164480.00000746,3046399.999897566,811520.000064865,8492159.999987984,2733440.0000471068,2117569.469152
31580.0,44812,5959.996,8580.0,4077.892,9948.264,12457.736,7214.732000000001,18731.415999999997,14160.592,9679.392000000002,18417.732,2464.66,3271.276,11433.472,16122.982,6387.8893547068,5314.777999999999,6456.0,16569.602,1334.0,3413.0,48.0,47631.0,16725.0,447.6,3313983.421788946,29.0,2316872.0,48163.65332799609,16247.66380214119,4022.488775145852,224.00000010414445,47.000000078231096,4888.58843931932,1322.445406969547,225.8222602399987,19.82920275595446,6.531320967711726,369.6409322,841189.0519219773,196945.26967436165,413651.4155040785,230592.36673373345,1139228.8000378942,318079.999955063,704639.999986256,84480.00002005053,661759.9999316119,143360.0000003883,346914.5732775
31680.0,33203,5246.0740000000005,6736.0,2988.27,7105.442,8765.592,5179.668,13746.042,11156.208,6640.6,12849.561000000002,1660.15,2191.398,7669.649,12433.616,5351.671660374,3750.357,4514.0,10744.266,815.0,1808.0,72.0,49582.0,10951.0,450.1,2499164.57923899,17.0,1515835.0,51338.769198845286,12792.965164861484,3501.2380704841794,485.1033864586883,54.99999990477225,4121.49486964584,646.4401313524129,159.5387214318407,30.879477551086666,12.28584259785244,57.59118743,981315.5503370712,139549.3902388562,633966.1043948354,207800.05565891913,1137956.480014569,328960.00004155823,986240.0000154414,61440.00001654349,403200.0000042117,149759.99995863793,393777.214036
31700.0,426594,73374.168,69907.0,35833.896,43939.182,98116.62,38393.46,110061.252,78066.702,44792.37,128404.794,11091.444,15783.978,64485.19,134832.67,85467.034828355,33498.8,77921.0,92121.7,16792.0,16877.0,1482.0,79222.0,180489.0,315.3,33255883.81693692,284.0,34499830.0,78078.57784224574,21047.246924620427,3659.1117574781742,93.02722084904416,6.0,46738.1809037023,11605.5973172845,2320.594583187042,33.47758904358404,1.162590498225194,5620.123098,2421622.8584974734,114477.54828933004,379011.4607261458,1928133.8495277008,6173140.4800003655,129920.00000699668,1234560.0000689183,268799.999995294,6186880.000068449,954240.000005653,560965.7980622
31740.0,133072,26407.967000000004,14167.0,7670.536,19821.874,28041.618,11555.224999999999,40400.061,32956.835999999996,14527.369999999999,42519.182,4118.0689999999995,6205.800000000001,21328.172,42726.474,23814.5153775672,13249.286,29175.0,34044.484,3008.0,6489.0,310.0,181911.0,52472.0,2872.2,10282473.613688882,87.0,8490282.0,81803.65676389549,21431.58764370018,4499.5969134276675,371.83341505424994,79.21908975951374,8302.889256289345,1958.3476955414287,269.3091981124851,17.836919532194525,10.59936281712334,2363.3924,2658923.623416985,404390.5898115078,1701693.6182707453,552839.4152398643,3997322.239911645,604800.0002060303,2191360.00001788,470400.0000235728,1935359.9997486388,774400.00005883,1174440.7373558
31820.0,81172,16721.432,17215.0,8279.544,13474.552,17857.84,9334.78,25569.18,18182.528,11769.94,35390.992000000006,2922.192,3733.912,14491.288,25596.025,21221.4999222625,6221.803,11565.0,20949.362,2508.0,3184.0,86.0,62734.0,33240.0,338.1,6192434.959125751,40.0,4993525.0,34619.97254677936,8477.380993566781,2381.2210213583785,35.000000057276345,6.00000000931323,4990.445442934214,886.296986428186,123.83694204577937,3.982174217022406,0.1911132402679972,3765.494063,1169878.3867967753,257699.8904654055,673172.8796827865,239005.61669110967,1584070.3999781008,416000.000016911,677119.9999571141,188160.00000829404,814079.999942957,401279.9999996343,377146.6649607
31860.0,104072,22237.716,15832.0,7767.214,16587.881,28871.373,9850.901000000002,33738.801999999996,24913.641,12109.788999999999,39313.013999999996,3644.018,5172.155000000001,17975.078999999998,33065.238,25332.5214830445,8559.045,19139.0,22249.902000000002,3178.0,4664.0,357.0,143020.0,43097.0,1101.3,8296798.131573847,88.0,6896213.0,53303.79776424981,14564.383236626367,2075.1868018086843,246.06903138756732,87.96997977793217,6596.480865839225,1651.6517439198988,349.1838910372867,39.18904512773181,17.058110502842602,1924.690434,1905070.4206330671,389092.97683938214,1134444.8538894444,381532.5899980255,2352376.9599933736,557440.0000325874,1082240.0001482738,236160.00002680212,1328639.9999802574,508159.9999402671,765675.2783564
31900.0,125319,21178.910999999996,24649.0,11779.986,22808.057999999997,33209.535,18171.255,43235.055,34713.363,21554.868,49876.96199999999,5263.398,7268.502,30585.423,48114.618,21661.5577971192,13660.683,15895.0,40014.921,4681.0,7263.0,515.0,52295.0,42979.0,534.9,9142029.19593808,90.0,5512280.0,63794.027919706605,15501.36741711519,4268.644999488409,443.0294741581457,97.00000006442136,9525.91717712646,2140.346498538652,571.6716776773015,44.23840982751999,14.537300879209685,532.1303131,1160185.9076526947,219405.59732925333,624243.2545923502,316537.05569577613,2144987.519990048,315519.99996580154,1156480.0000106683,288640.00002241816,1166079.9999600586,307199.9999906192,316919.1003207
31930.0,58901,9188.556,13190.0,5949.001,11485.695,16079.973,8835.15,21557.766,17140.191000000003,10543.279,25975.341,2532.743,3475.159,14018.22,23025.672,11628.8965060128,6442.416,7877.0,18671.076,2311.0,2350.0,119.0,53450.0,22098.0,267.1,4575537.42311664,52.0,4428276.0,25947.0121929203,7227.090628017088,1434.306766353478,44.0,5.0,3038.8015957432754,905.6279280906452,80.76558414285928,2.181624829352846,0.132661663842862,337.5800073,1124092.1895633168,200371.93694853332,745930.2469610183,177790.00567596135,1236565.7599264942,312960.0000029777,951039.9999615798,77440.00003310779,586239.9999982747,133760.00000110874,404454.573069
31940.0,65254,11719.002,15929.0,6865.302,12944.650000000001,15562.806,8734.948,23637.764,18132.07,11891.498,26224.658000000003,3011.318,3859.6200000000003,13209.816,23213.892,14773.07699297,5574.984,7805.0,16438.794,2209.0,2237.0,84.0,109267.0,23573.0,564.9,4883305.57036217,39.0,3142264.0,75583.93676185756,20057.63865720603,2020.3116929243918,203.9999999448548,36.99999996251431,3472.1574835264387,781.9485879817144,95.44809139382761,21.954663633271014,2.383212182016588,141582.4604,3121435.749917209,415775.68812115194,2376595.9087483776,329064.1529246164,3011678.0800614525,837760.0001109665,2531199.9999144147,328959.99997523276,823039.9999589475,445439.9999827533,1563810.0295708
31980.0,66022,9507.168,12930.0,5809.936000000001,13006.334,17825.94,9243.08,24494.162000000004,21523.172,11289.762000000002,27531.174000000003,2970.99,3961.32,15132.2,25894.325,10732.3519594925,7761.775,8043.0,21654.7,1996.0,3882.0,176.0,49788.0,21504.0,565.6,4775221.5941975,50.0,2939207.0,36004.13719259236,10640.527326801292,1777.7187367299357,214.6355457280406,3.999999996274711,5307.642077722556,1055.352758594404,75.38588204456639,13.72838794267613,0.3001475401071428,178.0678384,913321.5687224912,122795.972254763,488000.9832680638,302524.61321962206,2206940.799957945,183680.0000061537,614399.9999472213,286079.9999618288,1327999.9999555722,625280.0000084885,265010.9120347
32000.0,44753,6936.715,9823.0,4162.029,9890.413,11814.792,6220.667000000001,18527.742,13202.135,8726.835000000001,14992.255,2506.168,3311.722,10621.424,15428.534,8267.226368181,4807.11,6366.0,13551.472,1432.0,2393.0,85.0,47579.0,15935.0,369.4,3511435.90549763,32.0,2419395.0,28703.83618038525,9612.81639385698,2030.0238087459363,66.99999994464086,17.999999979678247,1828.8288705965165,639.6610564625117,126.94101772185611,5.413057574218816,1.43964031177445,50.84125684,852083.0042223758,72804.87244749824,67343.82179633129,711934.3099832032,1499788.1598734926,131840.00000291035,277759.99996071303,26239.999999272142,1806719.9999353671,83199.99999791605,281564.8464969
32020.0,64642,11635.56,12072.0,5753.138000000001,13962.672000000002,17647.266,9502.374,23077.194000000003,18229.044,11312.35,29024.258,2908.89,4072.446,18019.960000000003,24826.06,11704.111699406,7583.94,7982.0,21973.980000000003,2160.0,4162.0,130.0,52226.0,21620.0,430.2,4862434.86087548,47.0,3254981.0,60648.82847676476,12668.064854190055,3137.6679957447104,458.99999987881176,160.99999989254863,18383.821242728267,2343.57956972983,523.164752853856,114.59218762135612,31.455209754173584,232.3409971,718614.4538863146,206284.6152228326,373513.0057974152,138816.83283877728,1128928.640050828,271359.99999662256,506240.0000576939,154240.00000850228,679679.999962942,183680.0000045075,258431.5236679
32060.0,66695,11938.405,13162.0,6202.635,12005.1,14672.9,8203.485,20208.585,17073.920000000002,9737.47,25610.88,2667.8,3401.445,12884.51,24042.23,14660.8609517895,6375.84,11917.0,18662.615,2739.0,4076.0,194.0,59174.0,24299.0,444.5,5132800.27072847,53.0,3486378.0,39280.12379232979,12179.932401760052,2622.0721042337336,344.84260138077667,26.9999999199063,4516.507915334286,1219.6722384573804,242.76999452702736,28.784092039320637,0.8072821793954359,276.7997982,,,,,,,,,,,
32100.0,66661,12598.929,13452.0,5999.49,9599.184,18331.775,6866.0830000000005,19531.673000000003,14732.081000000002,8265.964,20464.927,2199.813,2933.0840000000003,13035.132,23502.738,15346.775132974,5990.894,11435.0,15273.488,2637.0,2592.0,287.0,52793.0,23710.0,361.3,5179382.783373946,48.0,3410845.0,41297.232888248865,9859.674264194378,857.0000003095461,97.0000001080334,30.000000044703484,4201.326571975988,740.6515095609501,114.74334918915508,4.317195617166755,0.6073491097298878,278467.3265,1933280.4341597904,187596.76764612176,1211559.1742687242,534124.4921124054,2346690.559847903,414079.9999325537,1406080.0000104737,136960.00001113987,1225599.9999391958,454400.0000359901,1157763.8392631
32140.0,25262,5330.282000000001,4326.0,2223.056,3814.562,6264.976,2778.82,7250.194,5683.95,3107.226000000001,11393.162,858.908,1111.528,4826.761,8819.579,5735.108657278401,2299.661,4604.0,5837.601000000001,645.0,1378.0,50.0,63255.0,10001.0,302.3,2029512.8366674704,23.0,1933761.0,38028.325025955724,10192.605394967428,1106.9999999105933,184.0000000596046,36.0,1654.0577640482215,286.4169234212832,32.9322151622445,5.35785145433672,0.3148561093633465,195.8690255,1006331.5245561042,173998.1446129222,665292.1310347064,167041.24904006845,1045007.9999433998,223359.9999859013,320640.00004904385,193280.0000300473,623359.9999893851,222079.9999833691,457212.8683781
32180.0,23007,4187.273999999999,4308.0,1955.595,3957.204,5360.631,2806.854,8052.45,5958.812999999999,3658.113,8627.625,943.287,1265.385,5097.334,9371.78,3971.3061846832,2514.38,3028.0,8388.886,479.0,892.0,34.0,52850.0,8593.0,399.8,1748282.258629126,15.0,1197716.0,43259.30549779816,13263.650799833336,3240.319324239562,450.9999999796276,46.00000001490112,1347.313501089016,363.7771935835912,70.91057546597736,14.528768110824425,1.3903628019912706,131.8607726,985783.4282892274,126082.6639180055,668383.2838212452,191317.48041751975,1176321.9199013505,167039.99991892677,830080.000013136,90880.00009367614,455679.99988543626,227839.999989877,483504.7907072
32260.0,39879,8215.074,7327.0,3230.1989999999996,6500.277000000001,7337.736,4944.996,11245.878,11126.240999999998,5383.665,16031.358,1595.16,2153.466,6951.12,16469.415,8299.910553804,4028.49,4955.0,12401.43,1236.0,2050.0,69.0,64341.0,14385.0,447.1,3020777.1154301846,22.0,2190319.0,59736.35380722766,14758.577458266347,2909.3070504678512,403.9609696734443,101.9999999701977,7496.368989915375,1085.135857134421,226.19549158733304,48.54751870248057,7.516146987865535,299.3060711,894289.9066593376,168954.19734997605,71365.34470440295,653970.364655184,1176253.4400142562,206080.00000893703,142079.99998426487,77439.99997603442,938240.000033502,378240.00000391906,366393.9649254
32280.0,33063,4926.387000000001,6406.0,2876.481,6116.655,10282.593,4265.127,12762.318,9555.207,5323.143000000001,12563.94,1355.583,2082.969,8066.828,13266.932,4734.8848258026,4066.748,3803.0,10833.55,902.0,1713.0,16.0,46979.0,11586.0,678.1,2510417.44801148,21.0,1442310.0,17687.31948028091,3445.327682784016,137.00000003752942,22.00000001164154,4.0,885.6212241558896,160.88776654646117,6.386461515251834,2.3551334711592475,0.1217410553739836,145.4947313,876444.1889638094,116488.87436268748,607753.1201937762,152202.1944261638,926246.399977648,187519.99997297823,635519.999935903,55680.00005512795,503680.0000573981,110719.9999745842,371417.9492226
32340.0,20670,4009.98,3506.0,1612.26,3803.2799999999993,5229.51,2253.03,7441.2,5477.55,3224.52,8019.959999999999,847.4699999999999,1178.19,4848.689,8110.139,3963.054998246601,2152.557,2968.0,6718.5869999999995,490.0,849.0,25.0,55821.0,8709.0,638.2,1730777.84949857,13.0,922954.0,12399.599118658378,3292.8374655039406,84.87040022015572,0.0,0.0,384.3665901977063,83.65850185296827,3.003000274857422,0.0,0.0,93.32343509,1168780.7742889242,140902.594531088,890148.0955463963,137730.08399801585,1389439.3601666093,226560.00004763075,712320.0000279117,197760.00000658684,565760.0000326202,339199.9999863178,561244.8063532
32380.0,49728,9714.608,11263.0,4923.072,7818.924,9304.95,6335.908000000001,14505.938,13926.644,7032.099999999999,19085.429,1882.345,2414.715,8798.928,17403.265,11604.056018895899,4471.606,7069.0,12648.399,1424.0,2149.0,126.0,112133.0,20751.0,620.2,3855537.9769799476,-9959.0,3737063.0,73127.97845710862,20451.987438562333,7887.311105552648,236.9999999345746,69.0,5841.508441241478,1229.8665612068316,272.5216156556587,36.530440676969015,19.029851744353905,1198.44734,1533877.9920038632,321427.5732297015,103615.51776566534,1108834.900988849,2023632.000072011,373120.0000029794,167679.9999876546,108159.99998526993,1608319.999910102,730879.9999539759,619777.4260971
32390.0,107733,20792.469,19691.0,9372.771,19176.474,24670.856999999996,12281.562,33397.23,30703.905,16159.95,38460.681,4632.518999999999,6140.781,22830.405,37086.009999999995,23647.244456719,10504.13,13971.0,32262.685,3501.0,4078.0,233.0,51526.0,33281.0,287.7,8430782.109306829,53.0,5935591.0,54751.65271005838,13388.8715082719,612.2191036761799,135.00000001676383,56.0,2828.002812931488,548.0088310765261,42.94215051421976,5.735733412538025,0.9863208060173428,170.177423,,,,,,,,,,,
32460.0,36412,4660.736000000001,7133.0,3422.728,7173.164000000001,9867.652,5352.564,14091.444,10960.012,6809.044000000001,14746.86,1711.364,2293.956,9609.498,14174.93,5657.9697811795995,4602.25,4921.0,13696.296,930.0,1767.0,37.0,44475.0,13400.0,434.7,2758277.149175556,17.0,1636162.0,32375.142894863853,10393.255972475872,2229.167077657396,88.0,9.0,1832.6121010573684,640.5468892952957,118.18264426245878,1.7782217625246948,0.1468493462756677,73.22191327,865022.102833592,203135.56023512373,555786.8279232844,106099.7147304428,816751.3599056392,343679.99999067996,696319.9999309623,87040.00000697347,277760.00000549946,79999.99999814377,353116.0970635
32540.0,43613,6018.594,8927.0,3881.557,8809.826,12604.157,6541.95,19407.785,15090.098,9289.569,17881.33,2311.489,3270.975,10482.96,15200.292,6301.893275303501,4979.406,5980.0,16073.872,1273.0,2438.0,365.0,50416.0,14202.0,524.6,3196809.939092984,29.0,2779750.0,52128.83155376992,17447.873163037377,5151.434065603712,332.0000000108849,62.0,3571.1391246419066,655.8708643786077,136.65714495482058,11.388338974025515,2.0749717748037946,67.0390861,1671160.8470455273,210777.1484621931,931707.2782864766,528676.4204712986,2700010.240003647,334079.9998727938,1555199.999984568,225920.00013369895,1195520.0000653989,639360.0000079077,835514.5526393
32580.0,888367,143027.08700000003,101088.0,41753.249,146580.555,201659.309,164347.895,391769.84700000007,346463.13,189222.17100000003,415755.75599999994,71069.36,119929.545,136531.2,420971.2,133614.09372272,158411.19999999998,114075.0,320323.2,41893.0,87221.0,617.0,46653.0,256505.0,361.5,69615449.2035792,477.0,28069132.0,127997.93220905616,37924.57711477728,8040.896567418146,506.2154519141936,12.000000044703484,74115.35434083217,21610.6247947982,3519.1907028845694,334.7620247875512,9.1819778022057,3366.170394,3656801.324974477,491970.1426970187,1081153.7861850858,2083677.3959653317,10069237.12012472,1080959.9999710836,2421760.000122868,627839.9999642298,8169600.000155287,2376960.000001697,1005300.5984521
32620.0,53405,6744.43,9847.0,3943.1259999999997,11368.708999999999,11278.938000000002,9663.027000000002,22978.559999999998,19279.854,12490.214,23642.025,3947.053,5426.993,12691.027999999998,24663.470999999998,6707.7447306625,8262.743999999999,6321.0,23432.5,1730.0,6315.0,182.0,68046.0,15610.0,1547.6,3837000.9123896034,50.0,1761910.0,39002.18550391771,9357.589383753413,2262.578552399016,150.00000000186265,57.0000000372529,3762.6012667076884,887.6694905316351,223.02886481539988,18.95602068476184,7.849033601580385,108.2552097,779600.9042247906,118823.6969050884,447276.16079302074,213501.0464822708,1093928.3200395866,192000.00001767356,679040.0000098657,120960.00002670148,465920.00000730495,209280.00000354368,261765.5097976
32660.0,42026,5925.666,7607.0,3740.314,10800.682,13910.606000000002,6682.134,18323.336000000003,14877.204,9161.668,16474.192000000003,2437.508,3404.106,10858.905,16642.0,6208.855914877,5491.860000000001,4312.0,14811.38,1512.0,2503.0,31.0,49532.0,15277.0,300.4,3083618.7775477245,23.0,1743101.0,14103.510445723748,3380.359643612812,157.89087497225506,0.0,0.0,1106.9845499564522,307.65015125674256,14.515110468677854,0.0,0.0,58.1224917,756013.0019047651,67994.95064363467,568402.7623564815,119615.2889177746,1034488.9600870446,149760.00005355902,1012480.0000767076,63999.99999670475,374399.9999967431,45440.00000054679,276904.9902578
32700.0,30012,5102.04,5877.0,2821.128,4201.68,5852.34,3331.3320000000003,8943.576,6572.628,4111.643999999999,10234.092,930.372,1260.504,4893.056,10582.656,5285.0586326048,2617.216,4815.0,7737.856000000001,599.0,949.0,26.0,68904.0,12016.0,357.4,2240232.36894464,23.0,2391798.0,44827.54102556023,12919.911086324184,3232.7105358479703,204.00000006449403,41.00000004586764,2623.644181911148,572.0890040223338,83.38380503533571,7.0391770012675865,0.7182389392148469,200.1219217,1436327.783005142,226246.8400850182,924521.9007843058,285559.0421471425,1626058.239953818,346880.0000042578,704639.999868593,368640.0000171311,670079.9999217488,340479.99992101965,574889.8704039
32740.0,82670,14301.91,18286.0,8432.339999999998,16120.65,20502.16,10085.74,27942.459999999995,21742.21,13309.870000000004,30918.58,3472.14,4546.85,20003.583,27620.01,16351.4829522552,7616.427,9266.0,24439.524,3398.0,3671.0,123.0,52372.0,28663.0,242.2,6445820.472943989,48.0,3506170.0,50477.966987042426,10843.83015363886,2757.4075927673057,147.9999999850988,31.0,2882.205018472941,363.0075018252173,75.60172460717405,2.2646167285728933,0.4741321977934664,52742.21115,1747806.5482425129,189705.10718033765,1250728.0847546177,307373.35622385767,2341770.240040784,304639.99997105624,1624960.0000517813,327679.9999736298,965760.0000197846,286079.99998885527,647858.8624544999
32780.0,221644,35463.04,51164.0,22607.688,37014.548,59622.236,26597.28,78018.68800000001,48096.748,32360.024,78683.62,8865.76,12190.42,39488.232,62781.85199999999,45544.0565696928,19965.96,35217.0,53908.092,8210.0,9451.0,1222.0,57334.0,74108.0,410.5,17516447.48881591,158.0,11936621.0,84480.55637633517,23581.79966421385,4319.212226123308,154.87514468212615,13.999999989755448,24785.841651369097,5451.808670649006,700.8494382218454,13.123571234419463,3.2207759045436464,9501.109124,4874493.65148588,327819.9258362127,333926.12180615676,4212747.603543281,5010026.240117457,394240.0001997443,933120.000220041,190720.00000072992,5145599.999905523,764800.0003074888,1781244.5418389
32820.0,1339855,206505.112,201279.0,91558.969,251138.182,328231.8,206844.2,486642.27499999997,404571.938,233062.306,561689.471,63016.422999999995,91885.904,268664.491,516133.082,212486.14175602948,180167.164,227256.0,444202.374,56498.0,133422.0,1891.0,483201.0,514450.0,8267.6,101073671.33720192,-8942.0,97367209.0,620462.7404276897,162914.06376812997,37025.48828907203,4310.821990257594,323.00000010593794,250003.32678743632,49979.284093999086,8023.1427797560555,949.7727136366856,47.307616579116925,16314.86293,9160546.565307148,1188795.932644683,4461202.242703131,3510548.3900942374,22644989.440014586,1556480.0001196428,12139520.000101153,3022720.000085834,13708799.99992108,2381439.999938792,2930538.1827316
32860.0,45651,10088.871,7504.0,3652.08,6801.999000000001,11869.26,4519.4490000000005,14106.159,10408.428,5660.724,17940.842999999997,1506.483,2008.644,8181.36,15771.844,11443.6864949396,3636.16,6881.0,10681.22,1303.0,1125.0,86.0,61880.0,17841.0,332.8,3656944.119387768,22.0,2279752.0,34813.26285731849,9004.531326198314,2558.1519063205355,298.29877548478584,6.999999982304869,1534.8981049753406,349.6294108231131,72.17226253077575,9.048098250038564,0.2525136574987439,1012.670158,1249126.6445434943,212249.981319926,869751.6986686955,167124.9644609143,1139833.6000254438,327039.99999415246,869760.0000207135,115839.99996219714,391039.9999614696,183040.00002005012,544090.7949379
32900.0,290014,51332.478,32779.0,15950.77,50462.435999999994,68153.29000000001,38571.862,116585.628,88454.27,50462.435999999994,98604.76,17110.826,27261.316000000003,40212.288,96621.192,48750.95336571,36861.264,36379.0,89919.144,13981.0,21755.0,605.0,58998.0,81300.0,595.3,21845217.442443408,148.0,11841720.0,140472.1950752889,46650.59880182086,16062.36691462336,1378.1338640495603,76.99999999813737,53592.1906125036,15026.825899245385,4592.931746246879,535.5768935327944,32.50132263213021,738.0018893,2224021.3387762085,593896.010809912,245235.0718908948,1384890.2562150322,3415565.4399718624,612479.9999922337,478719.9999817323,206720.0000218196,3017600.000199182,876800.0000385263,1239084.5858082
32940.0,86175,11871.428,16796.0,6803.456,16408.161,18390.186,14325.772,34688.163,28630.821999999996,18588.709,34291.076,5297.037,7248.52,19474.096,38259.737,13789.3054354725,12148.465,14350.0,35181.817,2713.0,9375.0,235.0,83135.0,30690.0,1679.9,6506472.810027852,86.0,4676180.0,141863.11103353708,36895.56573700498,9280.600395090558,1371.0000000322764,236.99999994388787,15217.268571526844,2164.1071629943604,324.06930534824,37.609912091888916,7.899211686572112,4629.071317,2808321.98851468,438951.9107966519,1563621.6714525763,805748.4064351154,3328888.9599235207,682879.9998864197,2420480.0001379745,208640.0000842106,1526400.0001397077,487679.9999513977,1383287.7012036
33020.0,24434,4129.346,4652.0,2150.192,6255.104,6255.104,3323.024,10286.714,8258.692,5082.272,9822.468,1343.87,1759.2480000000005,6159.08,9586.31,4248.578817149,2607.6749999999997,3218.0,9139.28,611.0,1431.0,54.0,48258.0,9135.0,748.4,1867593.130216015,12.0,1087308.0,34875.44612026679,9620.29492044846,1603.7638226425256,276.52423830050975,59.99999992921951,2052.543624868113,414.0492157308263,81.56233004967552,14.218730087118994,1.060376551121381,477.9178307,957315.2354445308,125307.7673062952,625366.3085978307,206641.15960359765,1283434.240024937,256640.0000280331,917760.0000731862,124160.0001093099,424960.00002383505,263680.00007711665,443027.0528323
33060.0,30338,4004.616,5787.0,2518.054,6553.008000000001,9222.752,4884.418000000001,14683.592,10769.99,7038.416,13136.354,1820.28,2548.3920000000003,7565.355,13308.849,4299.7179494079,3828.996,3663.0,12783.906,818.0,2311.0,153.0,40249.0,10652.0,571.9,2243016.114568137,14.0,1324866.0,48418.65294955375,13958.890469096372,3700.350563828919,537.7017932500901,100.0,2790.3227632878884,635.3592761112869,93.88697102262016,12.726806631423434,2.6438864568207983,101.4953532,812630.5679628724,118604.02952426266,435371.8223173086,258654.7161043079,1262010.8799551416,177280.0000270644,565760.0000372372,165759.99999071614,506879.99991896446,380799.9999360943,301316.1447709
33100.0,6139340,971237.666,1177916.0,472465.144,792236.011,1024970.364,884066.6910000001,2044272.241,1784280.101,1056498.149,1886090.771,311523.585,505906.306,884583.2529999999,1818124.3369999998,1275918.411844888,763412.709,1052514.0,1832401.121,248404.0,377584.0,12790.0,191360.0,2245763.0,1584.6,503187995.9805582,4176.0,490645936.0,853419.8286349209,246932.53970412372,68770.23534807932,10875.529810075055,327.0000001030838,1351913.2110846322,299371.5318986052,79165.8186666813,13742.947817459926,287.12060597687974,174375.1324,16679028.149227329,2072968.9643330108,2447311.355340506,12158747.830190975,66725473.2796747,3668479.9999212143,8906240.000226356,5755520.000227982,60633599.9991913,14586880.000164753,3242773.2890546
33140.0,111675,17309.625,20647.0,9827.4,21664.95,26131.95,15634.5,39421.274999999994,33725.85,18091.35,44334.975,4578.674999999999,6253.8,27196.424,40684.973,19678.7778077101,13159.56,14431.0,36846.768,4520.0,7335.0,121.0,63999.0,39193.0,309.4,8264381.594728951,71.0,5301184.0,161001.33006990835,40472.567858766066,9229.46421375053,1636.3390131455071,211.9999999721767,30737.670262737847,4714.395625661244,838.7822878496046,153.43885247421858,14.43946540615513,816.6732709,1231308.6607620534,210797.47490419188,700867.2372144046,319643.94863710186,2381793.9199533495,273919.9999801589,935039.999942516,231679.99997852143,1406720.0000070173,588159.9999912282,382884.5713501
33180.0,23568,2969.568,5188.0,2215.3920000000003,5868.432,6740.448,4100.831999999999,10888.416,7848.143999999999,5844.8640000000005,10440.624,1649.76,2073.9840000000004,8612.916000000001,10702.44,3301.5793638006003,3822.3,2633.0,11212.08,642.0,1516.0,8.0,30202.0,5687.0,219.0,1799283.67535595,30.0,871757.0,18218.4432552153,4513.4018949264355,674.4282881327532,13.99999998509884,3.0,1341.3415732746687,291.1757848636647,29.678074798823783,0.5827832983520705,0.0876270579706087,25.01103209,467933.6890047868,84815.14704635803,299196.446792391,83922.09521471604,766818.5599739512,319359.9999802314,674559.9999942228,48000.00001732551,261119.99999334267,94719.9999965616,229794.5118587
33220.0,83674,15144.994000000002,16338.0,7949.03,12383.752,18910.324,8618.422,22340.958,18910.324,10291.902,26022.614,2593.894,3597.982,15019.38,28787.144999999997,17797.3421959884,7009.044000000001,15044.0,18190.138,2964.0,2995.0,234.0,65249.0,31593.0,233.3,6706348.564290346,59.0,7032957.0,34209.49608931767,8264.852913887878,1657.9513714899936,1.0,1.0,6095.844964500833,1735.214580508951,178.77406551257903,0.0361453222706068,0.0361453222706068,2132.488753,923851.5152971044,176740.85735530974,418859.36817188986,328251.28985012346,1299011.200010206,310400.00000615395,463359.99998836406,176639.99999888384,890240.0000151469,219520.000047092,330411.50436
33260.0,177216,33999.386999999995,18932.0,10304.613,22735.98,39222.123,19978.617,52086.176999999996,45638.58000000001,21458.949,67915.46399999999,5910.732,9846.003,26049.954999999998,59939.947,35436.5478285168,21187.061,32402.0,52759.018,8079.0,10985.0,165.0,165484.0,72251.0,726.7,14278130.190303214,-9841.0,54786068.0,132074.05174264658,39376.46959244171,12568.620698070517,1402.0274251627504,77.00000009685759,33157.758685274974,8701.317806007037,1972.1536302678335,136.3658287720076,4.523643545875518,1361.897373,4533774.035018636,474366.76597596327,558142.7623904212,3501264.5065949964,7552014.079623804,998400.0000703108,1765759.999972395,375039.9998772622,6596479.9995027175,1599359.999721963,1161775.2317539
33300.0,43635,6239.805,7720.0,3054.4500000000003,7112.505,9686.97,6239.805,15926.775,13046.865,7112.505,16406.760000000002,2181.75,3098.085,10147.275,17814.105,7466.746568228099,6133.464000000001,6332.0,15063.066,1219.0,3516.0,73.0,49350.0,15224.0,730.7,3357291.850944489,48.0,1704926.0,15690.47187552239,4308.879693890845,209.20683710457524,34.99999995622788,4.99999998882413,1966.153376061662,463.20742752369233,31.49152859568994,4.416433067119598,0.396511726573736,2460.888245,1045394.6307854614,191816.0490024838,682045.4434134192,171533.13837517373,1339219.1999622777,353279.9999425171,1056639.9999300714,124159.99995354116,600959.9999571431,109440.00000604337,467040.1465733
33340.0,1559792,328946.238,261160.0,121731.37,233544.65500000003,341124.857,167334.90899999999,441176.071,336677.05700000003,199077.85,576021.144,56214.35400000001,73008.465,258405.68000000002,554574.5630000001,389646.0596256589,146429.62099999998,297259.0,370154.656,57041.0,111447.0,4535.0,309573.0,620056.0,1777.4,123026269.61570397,1083.0,122210091.0,375057.44088017335,109843.61762031254,25002.5289312343,2723.8828745090905,172.00000016245758,271133.6818045622,66467.0080544041,14522.78767582529,1459.7841894478997,85.6511506197011,35935.96516,6956064.360512191,817984.3335948564,1573719.79053728,4564360.236366826,23504952.31984937,1230079.999995025,3838719.999957796,2292479.9999751467,18858239.999953303,6073599.999978346,931093.153867
33380.0,35643,4954.377,7796.0,3029.655,8518.677,9837.468,6772.17,15754.206000000002,13116.624,8589.963,16217.565,2744.5110000000004,3350.442,9979.009,16087.832,7217.2177444487,5501.735,4877.0,14152.739,1111.0,2864.0,96.0,41747.0,12468.0,800.7,2765785.0762746185,32.0,1365467.0,24860.0118892229,5859.486011381598,1313.3215918558565,64.00000004796314,14.0,1387.0598871139946,182.8337108169815,35.00440515750955,1.8274374298465947,0.1638611243962495,1207.438824,1059247.7277924872,118703.76200452574,474737.2101057392,465806.75578182226,1746433.2799140592,258559.99999242317,1232639.999959645,131200.00000591876,947199.999940878,161280.0000065829,379628.89715
33420.0,29239,4853.674,5983.0,2719.2270000000003,5116.825,7046.599,4210.416,10584.518,8537.787999999999,5058.347000000001,10672.235,1315.755,1871.296,5981.28,10819.08,5615.346676436,3518.4,3526.0,9529.0,928.0,1408.0,6.0,59450.0,9273.0,311.8,2210066.35722748,30.0,1180144.0,42977.97230546287,8948.811988843183,2747.400741953643,429.90409017080685,59.9999999306747,576.6597577269747,65.01870218448565,16.36531629319365,2.2291137304997517,0.3065290339871318,1976.576313,1529016.1603035484,211679.69298948935,454199.5398255233,863136.927443751,2248753.9199244925,479999.9999660996,1191039.9999191803,136959.99996698066,1390720.000001368,389759.9999862512,609618.110207
33460.0,3693729,762536.491,544847.0,291597.95900000003,468778.80199999997,909339.7100000001,343984.394,911824.9079999999,696162.999,372003.05,1178920.574,104342.11600000001,137525.824,522398.589,1068411.315,846563.2373309813,286801.94700000004,786970.0,668016.948,128527.0,171313.0,11897.0,1267034.0,1442759.0,4678.7,295473039.2603642,2499.0,328636923.0,949341.723823798,227085.61089809306,57150.35760349864,4763.644094168152,688.9999999497086,549292.903255439,108843.42733913333,32775.59749857301,2619.8258223753014,292.0408802017629,171280.409,22285307.526387483,3847209.076928891,6263438.803841926,12174659.645826504,58473013.119677395,7613439.999939191,13652479.999945745,4017919.999955126,47946880.00006952,13368319.999909377,4510385.1499454
33500.0,76279,17883.933,11035.0,5781.008,12497.907000000001,17433.668,6975.554,21398.165,20576.79,8277.486,27908.516,2249.885,3371.8430000000003,13424.389,29142.576,17646.267085837702,6663.248,15715.0,21520.503000000004,2128.0,2508.0,166.0,190452.0,33991.0,1293.6,6009732.250057922,-19945.0,5229858.0,173484.97972609717,45021.44797522491,6771.0334223777645,997.2685204893352,225.99999998509884,8508.613492349186,1438.0361525970563,131.3834076000596,17.928495289512117,3.202177430448083,265.5454293,5717296.383248348,546757.6424448115,4570207.69872942,600331.0410868031,4936863.360364942,723199.999833736,2533119.9995383793,1420800.0004224852,1656960.0002173895,721279.9999936069,3048980.7042719
33540.0,126099,32396.274,21796.0,10375.875,16569.9,33355.188,9427.779,35873.513999999996,22138.839,12146.67,35919.036,3601.5840000000003,5109.714,20703.74,33618.928,33800.288402055,8418.364,27011.0,23304.468,4198.0,4607.0,633.0,120578.0,48954.0,589.8,10066268.349831443,-9899.0,7675822.0,116377.01037778036,36205.56524040115,10501.252860660781,417.9999999937572,74.00000000465661,15453.904960329852,3332.882489622804,625.3072210849322,38.56697778814832,6.150462945251984,1743.311682,2019237.261370561,192169.5922797828,60308.81197273326,1766758.8565068357,2865857.280058034,265599.9998965255,321279.999962755,121599.9999052351,2690559.9999369867,735359.9998938966,1659489.5918403
33580.0,25849,4946.389999999999,5015.0,2349.444,4459.129000000001,4739.964,2820.462,8047.705,6702.981,3713.068,9286.286,1036.558,1405.619,4623.807,8508.24,5724.607474666799,2096.487,4019.0,7781.304,593.0,1341.0,32.0,168213.0,10925.0,799.4000000000001,2007592.733005146,-19980.0,1929911.0,42161.2454944906,14858.02383951392,4244.927384320641,58.00000001490116,17.0,1351.084373017668,299.42916934943196,47.39967283199162,1.5104471027972635,0.16628210634345988,176.78914,1211249.880865167,201348.38927652125,879528.9445748026,130372.54712911628,1051536.0001541916,188799.99992992205,314879.9999518175,329600.00007091975,373120.0001169912,263039.9999261936,556928.6369508
33620.0,24622,4481.204,4200.0,2068.248,5072.1320000000005,6032.39,3053.128,9528.714,7608.197999999999,4136.496,10242.752,1083.368,1403.454,6004.614,9348.647,4217.4226351719,2538.536,3572.0,8738.422,605.0,1336.0,27.0,51924.0,8953.0,315.2,1841795.6697847631,12.0,1611620.0,34545.04865183243,9726.813656092776,2139.7417866348133,284.4757617935532,49.0,2484.4098529695425,515.6802776783221,98.10897868109618,14.595332272495652,1.951995344081348,497.5786033,687132.0162698535,90963.43357091187,461630.28815660736,134538.29454190732,864734.080051134,111360.00005631364,503040.00003838807,58239.99995263365,419199.9999880978,191360.0000207796,308928.8401388
33660.0,411411,60066.005999999994,70526.0,31678.647,77345.26800000001,99561.462,63357.294,155924.769,122189.067,80636.55600000001,173204.03100000002,22627.605,29210.180999999997,88321.224,150228.62399999998,70273.1796100092,54065.796,63704.0,132481.836,15121.0,34793.0,441.0,50871.0,148366.0,811.0,30723256.586777445,322.0,26469764.0,230812.528697461,61046.34912125543,11078.885898552464,1500.999999884547,139.99999997066334,64886.517203818024,16351.894087211913,2539.405342366917,270.61005433725506,17.39452872575897,2038.121597,3955166.9432099126,401063.5278461044,1016504.9072660044,2537598.5080623305,8460365.439999549,807680.000032303,2405760.0000028536,410240.00005803327,7810560.00007869,1235839.9999380722,1478122.2198716
33700.0,551275,105844.8,74916.0,37486.7,69460.65,122383.05,62294.075,181369.475,141126.4,74422.125,190189.875,22051.0,35281.6,78111.502,169424.948,107077.87726391768,64909.558,80324.0,167774.705,25756.0,32995.0,1307.0,64501.0,180266.0,586.2,42529621.51850088,389.0,29053478.0,155556.3626210669,44376.82413062109,12851.150318230471,2389.981570961133,147.00000002392204,108836.52797261544,29421.16690952477,8537.307626495707,2368.278389604362,132.8064695885359,2104.553467,2207401.4744533687,334313.65659978846,614747.3678493551,1258340.449933415,6150834.559920984,418560.00004670344,1171839.9999968102,476159.99996406585,5251840.000071281,1390079.9998659985,957430.318497
33740.0,222695,35927.964,37345.0,16891.62,44645.965,57948.299,34549.712,89011.823,71626.686,43810.223,94440.91100000001,13209.998000000001,17275.745000000003,52900.683000000005,82301.273,43327.2725502785,28246.348,29265.0,76811.06300000001,7415.0,22420.0,1052.0,167677.0,74919.0,3857.7,16055208.575629907,144.0,10404549.0,117973.46933567803,27279.0873227274,5816.333095656717,321.9999999158608,60.00000000614091,15859.02632730306,3578.2231883902737,892.4105859884793,36.502559417013266,8.650955659712585,1025.749568,3320418.3671513647,397946.65364495513,1804541.9294020296,1117929.784168595,4976633.599907415,784639.999997229,3214720.0000627344,465280.0000739739,2526079.9999679145,682239.9999885577,1460621.6081857
33780.0,155609,27231.575,29006.0,14782.855,28009.62,38435.423,18828.689,49794.880000000005,40458.34,21940.869,59442.638000000006,5757.533,7469.232,30866.44,54656.184,35398.6059558824,13551.12,22758.0,37340.864,6633.0,6224.0,261.0,69182.0,59254.0,272.4,11650697.24682732,101.0,7456452.0,80557.93832068493,23105.81791052504,6001.930648714286,893.799889072797,47.00000002142042,13453.923141414743,3416.7341759049477,569.184184091167,83.69616820455576,7.536988250270872,2326.635965,1279741.3791501147,260584.7809860314,630485.8945907777,388670.7035685312,2110647.040018779,351359.99997121823,846719.9999941407,223359.9999977346,1494399.9999615403,325759.99999988225,351576.4315389
33860.0,385460,51520.971000000005,60397.0,28570.004,64733.119,87778.80900000001,60249.407,135438.842,111232.676,67544.12700000001,160728.583,19071.283000000003,26207.978,75441.33200000001,138111.591,57149.04979196649,49158.083,61625.0,121059.177,11895.0,32238.0,436.0,217195.0,137170.0,3199.3,28067128.510743983,-9652.0,22199707.0,207858.3270960088,61068.88736628524,12429.803428132345,1514.7353056031588,59.00000000279397,33584.99265968586,10575.02595193838,2603.2889593751943,217.71417739545674,4.682090176547907,1589.031207,4051184.4531466262,670757.0578576047,1781520.582728956,1598906.8125684992,6828309.119940271,1073919.9998996048,3100159.999888246,412160.0000047468,5027199.999857586,995200.000000656,1737011.7280227
33900.0,24598,3960.2780000000007,5043.0,2410.6040000000003,4673.62,6075.706,3296.132,8314.124,7453.194,3960.2780000000007,9642.416,959.322,1279.096,5171.3099999999995,8675.234999999999,4267.792316862,2537.325,3116.0,7950.285000000001,668.0,1332.0,10.0,57787.0,8323.0,282.1,1830737.584221705,16.0,1462745.0,29808.73305659357,10336.0519707379,1700.5288602750509,229.51613593101465,24.0,841.0090374580678,195.00829030024883,16.51600621245368,2.407882889785211,0.1750291766826214,63.55001271,,,,,,,,,,,
33910.0,79658,14099.466,14797.0,6770.93,12028.358,16170.574000000002,10196.224,24455.006,22144.924,12108.016,27800.641999999996,3425.294,4699.822,14174.974,25621.076,15503.3082817532,7731.803999999999,9704.0,23347.016,3157.0,3991.0,148.0,63915.0,26068.0,375.2,5863140.516181978,61.0,3849263.0,27821.65023051775,6508.706464354534,1799.1229878435358,8.0,0.0,1535.7641514988177,360.0032396483514,116.03316931371305,0.1330166824098242,0.0,1343.167611,,,,,,,,,,,
33980.0,69380,10545.76,18421.0,7493.04,9505.06,16304.3,9088.78,22895.4,16165.54,11517.08,21993.46,2844.58,3815.9,13076.904,23093.256,14221.7037955668,6329.778,10288.0,17667.732,1947.0,2441.0,119.0,63475.0,25769.0,333.9,5360305.473906781,66.0,3137886.0,82090.86126310394,15683.859514617128,2152.4327491703075,432.0,26.0,6341.134376363031,1920.9347360163067,275.1686144546844,46.71416911102594,2.825700269547862,1749.24432,685226.7554945219,58225.93365820326,64272.00371537149,562728.8181107962,1683425.9200386296,171519.99999541428,385920.0000038771,90880.00004819925,1571839.999928597,286720.0000297022,324858.6098761
34020.0,47789,7598.451,8669.0,3727.542,11660.516,12759.663,8793.176,21887.361999999997,17538.563000000002,11469.36,21313.894,3488.597,4587.744,11744.19,20250.27,9576.383643198,6427.89,4406.0,18220.41,1794.0,4146.0,60.0,47236.0,16661.0,658.6,3578440.7456869497,35.0,3249213.0,29698.404855006516,8820.505931801426,1580.4569476288027,228.9999999635038,68.0,3977.954138678992,1055.106095389757,222.6247137253307,16.626779346310073,1.5326256179053652,164.0817604,666266.7817281366,115693.06590202612,222420.96379989324,328152.7520508323,1305441.9199812964,196480.00000417637,564480.0000325562,91519.99993387952,881279.9999857984,249600.0000101318,355566.2329509
34060.0,141041,25597.417,21588.0,10547.604,23928.434999999998,37324.281,17150.413,46921.818999999996,35770.874,21111.968,50662.234,5449.014999999999,7491.933,29962.497000000003,56874.041000000005,24037.0339439292,15976.007000000001,26805.0,38501.278000000006,4598.0,4935.0,321.0,107593.0,48969.0,676.6,11016931.912180316,132.0,9718097.0,52988.451953695025,13529.35318705937,3628.688232226198,104.68823180266187,16.0,9886.296890520704,2148.857261301327,438.61408517820996,9.516094134408092,1.2761678324696593,683.0640451,1940745.508163396,212948.71938765273,1273128.9303976628,454667.85833105736,3134946.560079256,368640.00003884005,2408960.000045845,231040.00001705487,1470720.0000111705,316159.9999752484,645684.8766559
34100.0,121895,18210.641,23715.0,11554.702000000001,23689.835,37463.97,17382.699,46095.552,35929.981,21461.961000000003,47156.483,5079.745000000001,7347.464,28643.151,45221.485,18748.1018420134,14583.771,13475.0,40079.985,3837.0,7165.0,140.0,105911.0,41768.0,646.9000000000001,8996131.281775996,96.0,6178888.0,48952.30653937346,14972.100129674767,3783.4991623208202,849.1749823863131,16.0,6602.825508872201,1691.1852300520309,280.22638750221563,79.23332116214036,1.4727447742358426,1951.765875,1890328.8149828676,172859.88695099915,1275511.97943894,441956.94858708186,3396449.2800627747,262400.00000319927,2889600.0000322866,216319.99999900575,1498239.999968706,253440.00000391816,458772.8104358
34140.0,40978,7826.798000000001,5999.0,3032.3720000000003,3974.866,10039.61,3319.218,12006.554000000002,6556.4800000000005,4220.734,10900.148,1106.4060000000002,1639.12,6165.33,11636.55,8500.16807208,3470.55,7906.0,8574.3,938.0,828.0,70.0,59834.0,12831.0,436.3,3380523.62567259,33.0,1867462.0,18693.690566820085,4668.665643449132,12.00000001490116,1.0,1.0,2328.5523309844425,417.1064509497335,5.525287570030988,1.03059394449764,1.03059394449764,112.3100017,1525165.035378191,100278.9818261896,31181.264325479155,1393704.7893132076,1468332.1600609503,187520.00008377508,104319.9999731159,37119.999871238295,1692160.0000416164,232959.9999893568,688539.9530492
34180.0,101311,15399.272,14271.0,8104.88,13676.985,25125.128000000004,11954.698,35560.161,27353.97,14994.028,41942.754,4660.306,7091.77,17192.220999999998,38558.276,15283.4085724224,12521.502,12256.0,28719.953,4195.0,6023.0,233.0,54753.0,29737.0,474.8,7817793.165228876,53.0,6933963.0,155372.1704378575,40886.49046706366,9466.106239579,1562.000000015366,137.0,8786.396257762111,2297.8683980941096,505.71476666500695,81.16585653546277,5.277443018279428,405351.3334,2760020.665683068,404029.4641079184,140332.54547487578,2215658.6568765333,2781102.0798694245,413439.9999536741,283520.0000583698,134400.00000607487,2542720.000320651,761599.9999059786,1714842.910856
34220.0,45762,6452.442,7476.0,3477.9120000000003,9701.544,10433.736,7001.586,17984.466,16657.368000000002,8832.066,18350.562,2883.006,3981.294,10611.286,17032.708,7591.519562771199,6740.215999999999,4473.0,17943.548000000003,979.0,4684.0,31.0,41673.0,14849.0,438.6,3340595.379894598,30.0,1885437.0,30573.23486189515,5814.17340225441,458.47206876415294,25.0,6.0,1510.9142331557434,247.46927034147777,18.2035825637708,0.887662669780279,0.1886583154110196,149.6784315,830134.996477044,121396.92368139973,560600.0178256141,148138.05491811357,1093301.1199309195,263039.99992440955,755199.9999438284,119039.99994422952,428160.00000774034,184959.99995431703,350095.9195272
34300.0,29403,4704.4800000000005,3926.0,2146.419,4410.45,6645.078,3057.9120000000003,10144.035,7732.989,4057.614000000001,10467.468,1176.12,1764.18,5050.432,9030.392,4994.987808544,2991.832,4960.0,7905.023999999999,576.0,1545.0,43.0,49450.0,9911.0,745.2,2143998.092874808,14.0,1621206.0,53628.24329031746,18401.607603958742,5412.879299559773,679.0047335514298,40.000000188359984,2229.8033767932156,564.3637246470648,101.74905937520252,13.812293616761188,1.1658761884066862,146.5306001,1454887.0788880636,184707.39904418495,85545.7935036946,1184633.8863613668,1126409.5997543768,149759.99981618478,139520.0000065318,29439.999484249332,1169280.0004169135,223999.99943005148,1968007.5321385
34340.0,71403,11210.271,15219.0,6711.8820000000005,13138.152,18493.377,10139.226,27704.364,19850.034000000003,13495.167,25348.065,3855.762,4998.21,16415.407,25447.465,12378.9022098447,7885.13,9070.0,21074.802,2236.0,3615.0,91.0,47114.0,26222.0,273.0,5393956.493188547,49.0,3208495.0,33287.967338596725,13286.16023339004,3324.900275719676,215.00000027971691,0.0,2328.8357203715195,821.2774996310627,149.1042490928793,7.4367945528944785,0.0,4487.215517,1389406.536705046,156456.09399446138,75306.26738930878,1157644.1752960212,2516553.5998979164,414079.9999861411,485759.9999742339,67839.99998179919,2935039.9999859086,167039.9999920799,341587.58750890003
34380.0,64447,13276.082000000002,9570.0,4382.396,9795.944,17722.925,5993.571000000001,19656.335,15209.492000000002,7798.087,22492.002999999997,2384.539,3351.244,15499.392,28288.127999999997,14538.2489786496,7714.944,10322.0,19808.64,2768.0,3113.0,204.0,53607.0,25466.0,437.9,5404264.176758784,44.0,3076003.0,33434.577038793665,7144.757360735528,1973.334198213382,11.0,1.0,4356.642453541688,747.5660657199589,93.19534507390864,1.0396016464947349,0.014270309408573,341.3297936,994599.9806955704,169203.21923728866,676310.369559329,149086.39195904316,1404398.719994581,206719.99999472089,609919.9999590757,253439.99997561207,746240.0000229169,246399.99997561585,366519.1361411
34420.0,56007,9055.479,10255.0,4370.749,9767.485,13144.521,8948.935000000001,21520.343,18062.095,10788.225,22307.379,3099.51,4525.954,11278.823,22766.11,10534.0035591222,7837.251,6593.0,19923.661,1805.0,4647.0,32.0,141225.0,19868.0,783.8000000000001,4402270.731325036,42.0,3758969.0,82997.67347278708,20663.052662902104,5395.026526729248,1982.193481687953,105.99999982863663,6231.551431301785,1252.9448366530733,319.33045785812,105.51845096907505,7.100616849753441,1624.693287,957225.7555247152,222040.6824217731,402683.6539969514,332501.41909462324,1338776.959971992,457599.99996331,760319.9999556778,82559.99999293024,850559.9999714534,181760.00001417112,385214.2687097
34460.0,47446,6281.603,8315.0,4292.6050000000005,10115.44,13427.102,6819.491,19630.027000000002,14127.780999999999,9223.099000000002,19639.045000000002,2313.592,3129.462,12702.118,18850.984,6871.719591752801,5746.984,5303.0,16763.116,1485.0,2537.0,188.0,133785.0,15587.0,830.2,3502489.627073533,-9972.0,1596453.0,24718.49274689592,8460.598819847613,1539.2468787064522,3.00000002421439,0.0,1549.697847875814,549.8283958175975,111.2325228717527,0.5565176563074518,0.0,99.30248008,970874.5665923896,160127.26146271394,630179.2648439379,180568.04037994344,961076.4799795648,374399.9999524382,1050239.9998904257,63360.00002815427,259199.99995427433,24320.00001994163,435018.9097454
34500.0,36400,6661.2,7378.0,3385.2000000000003,6406.400000000001,8008.0,4659.2,11538.8,9209.2,5569.2,14050.4,1528.8,2002.0,7782.115,13516.305,8089.415771497501,3835.205,5566.0,10798.15,1714.0,2358.0,98.0,58114.0,13210.0,573.2,2804414.816536575,31.0,2219454.0,87176.38249509592,24022.606978720403,6542.965141376627,843.6347340550271,123.0000000703148,5092.133230916263,1198.302220230297,300.98718232769653,39.185518765653576,5.018287650107429,107.3219902,1024914.0520502531,221284.54150090605,609171.2247571521,194458.28581481063,1236895.9999493435,321919.9999795105,676479.9999628394,144640.00001850328,571519.9999929368,259840.00000846392,365562.7313828
34540.0,63183,10551.561,11787.0,6128.751,10109.28,16680.311999999998,7455.594,19270.815,16238.031,8087.424,21671.769,1895.49,2843.235,13545.791,22971.664,11503.5504814042,6429.5689999999995,8303.0,17728.131999999998,1929.0,2921.0,142.0,68050.0,22856.0,247.1,4875092.760745998,54.0,2674874.0,15641.569886204985,2059.7424534681063,41.6535904854536,8.0,2.0,2001.3335404941656,333.4728040452253,3.798241198180535,0.6878681976614085,0.5519043136871705,522.0189833,987913.9833759852,145456.16067288327,592431.6513100044,250026.1713836443,1687007.3600007505,299519.99999780883,993919.9999590794,176639.99999314238,828159.999954527,295040.00000335986,336316.1364801
34580.0,131179,21644.535,28615.0,13511.437000000002,14560.869,36598.941,13773.795,41714.922000000006,24530.473,17315.627999999997,47617.97699999999,4591.265,6034.2339999999995,21057.029,39236.7,23511.653344585506,11901.799,19289.0,26550.167,6124.0,5902.0,657.0,78798.0,43783.0,382.3,10493856.844785348,79.0,8619679.0,75729.8098110838,18692.553746994978,4412.507533866454,547.0691439583162,43.12035448697866,12444.72566585866,2826.4125360428693,625.9282994009741,60.877444390398665,5.5537095385898745,18688.8333,1909431.496581704,99491.39629721748,178779.45512559684,1631160.6453067486,2765200.640035828,109440.0002437672,482560.00024056906,102399.99973036154,2639360.000171837,580479.9999964308,1107317.3943869
34620.0,112031,18485.115,20080.0,8850.449,22070.106999999996,34057.424,13891.844,41115.377,31816.804,18036.991,41675.532,4929.3640000000005,6609.829000000001,25527.15,44247.060000000005,22021.442105355,13387.572,15917.0,35851.464,3833.0,6507.0,341.0,46612.0,40593.0,627.3,8415807.104675125,90.0,5086293.0,74569.77981610277,18877.21847405196,3433.5416681315996,525.8404571820283,39.26378832012412,23219.992710338956,3758.865924003451,492.3791507142773,51.780133755309265,6.9036228102904955,2361.618199,1038503.836954012,107363.837555118,539746.9496285745,391393.0497969787,2786997.760017583,136959.99999250713,762240.0000143672,240639.9999998689,1831039.999946,816640.0000043847,250939.0137937
34660.0,37685,5313.585,7042.0,3052.485,5728.12,10777.91,4672.9400000000005,14357.985,9685.045,6029.6,14546.41,1469.715,2110.36,8921.1,15287.7,6006.32984172,4519.5,5892.0,12929.7,1113.0,1663.0,30.0,47438.0,14010.0,407.7,3017133.6798873,25.0,1722614.0,14440.784192508445,5372.517648461251,511.6385166364756,30.0,18.0,2104.7846071613176,656.9711799086298,31.83560229224329,1.4086463015551909,0.274520390188375,134.9608083,764767.6110899115,112461.63512268336,544822.1464996221,107483.8295173057,1173168.6399927177,238719.9999580297,1034880.000027664,112640.00000688263,391040.0000041625,109440.00000660248,246414.1156281
34680.0,64722,9125.802,18901.0,7184.142,9643.578,12491.346,9967.188,21876.035999999996,17086.608,11779.404,21487.704000000005,3041.934,4142.2080000000005,12163.776,23947.434,13000.3967057647,7665.713,7148.0,18435.723,1965.0,4226.0,60.0,57991.0,20103.0,593.5,4767419.307926887,38.0,3395496.0,35512.92890810948,7518.184287850434,1377.4525912146396,32.99999997019768,9.999999970197678,2452.2034849359225,652.3015263950475,71.82900253697436,1.863274218235309,1.4749456307516031,8664.012162,,,,,,,,,,,
34700.0,42377,9831.464,7490.0,3602.045,6737.943,8051.63,5212.371,11950.313999999998,11145.151000000002,5339.5019999999995,15933.752,1567.949,2076.4730000000004,7206.98,16406.478,9117.2687407428,4239.400000000001,5952.0,11700.744,1257.0,2589.0,35.0,62877.0,17906.0,379.7,3292163.21541624,38.0,3076816.0,35276.15021087319,10014.284509515286,2768.099685316483,153.99999999953437,47.99999995809048,3069.57934878489,719.6491185497828,180.24815275027396,6.2982894921154315,1.111926980392524,523.8789758,701828.4115605439,123500.41501803542,71276.01859053293,507051.9779789299,1070008.3199866666,188160.00004328284,142080.00000161713,55679.99997440883,922880.00000756,303999.99995287653,279958.6555043
34740.0,176565,30545.745,31433.0,15361.155,35489.565,47849.115,23306.58,62857.14,48025.68,29486.355,75569.81999999999,8121.989999999999,10593.9,40166.973000000005,69727.083,35836.1386722,17909.949,25631.0,52686.549,8859.0,11579.0,402.0,58445.0,63357.0,761.1,13254281.59333164,121.0,7483302.0,50631.78449492584,11489.365127109815,2342.700607997306,19.99999999254942,1.0,13385.578835207534,2985.6715041593116,533.6322903977074,7.03418589630766,0.693792876423728,3818.768184,1301794.5148477792,213303.2664983558,359294.57954888063,729196.6688010179,3043281.9200394764,355200.00003088877,581760.0000164582,228480.00002477935,2224000.000050176,943360.0000072338,322497.6571048
34780.0,66354,8758.728,11754.0,5175.612,11877.365999999998,18645.474,9687.684,29129.406000000003,22228.59,13071.738,29394.821999999996,3251.3460000000005,4777.488,15753.13,28869.47,8955.884941578,8518.86,9299.0,26029.85,1778.0,6016.0,331.0,42607.0,21711.0,741.2,4876472.39483044,58.0,3391495.0,56516.235094525735,16477.58035885281,4983.251942409278,217.70787358166135,57.0000000493601,5084.156451482601,1292.503303802895,265.57234329540614,36.15822989593674,27.656640760109703,483.3942195,1515929.967501387,197225.37787059337,696728.7371790758,621975.8525442397,2820104.9598971964,296959.99999228836,1335039.9999103856,364800.0000214758,1379839.9999171258,644479.9999677413,518787.9098511
34820.0,383101,60146.857,94875.0,40991.807,62445.463,80834.311,53251.039,126806.431,95775.25,62445.463,132552.946,16090.242,21453.656000000003,83687.821,116212.782,88514.1149958975,38737.594,45888.0,106345.659,12741.0,20909.0,575.0,55055.0,122039.0,570.2,27945141.263444364,333.0,18571865.0,108329.38703451124,31315.300039707858,6974.327364251685,375.9999999590218,27.0,25548.04069826561,6820.77408214528,1594.848250290259,12.418328977520645,0.5698388861995349,11624.81445,4413481.239523571,580228.822567108,333900.73622687894,3499351.6807333855,10555409.27996237,1214720.000007769,1717119.9999337776,462079.999997731,10750719.999964377,1777279.999990625,1268575.0348209
34860.0,64862,11156.264,10155.0,4670.064,9664.438,16150.638,8561.784,22896.285999999996,17772.188,10442.782,24907.008,3048.514,4475.478000000001,13015.353,26289.718,12046.9394825988,8612.149000000001,7985.0,21109.478,1842.0,4414.0,77.0,49375.0,21238.0,550.6,4907555.346873101,45.0,3637225.0,40218.03669105993,10741.718534050737,3405.3859021059234,116.00000001303854,10.0,3924.858258574084,948.597580212767,257.50050375944414,5.6468792220367225,0.993879311571182,522.0040766,1455076.8687300808,212239.63895292513,74022.410830086,1168814.818912863,1752645.760052645,605440.0000167886,305280.00001767563,51200.00003183951,1952000.0000123207,195839.99997766543,605783.5225067
34880.0,14421,2869.7789999999995,1801.0,1240.206,1326.7319999999995,3042.8310000000006,1269.0480000000002,3302.4089999999997,2437.149,1297.89,4153.248,346.10400000000004,504.735,1422.0,3026.016,2755.5115803696,875.952,2956.0,2718.864,791.0,145.0,52.0,95713.0,4462.0,438.6,944384.935774176,18.0,1770961.0,11205.845073065298,2116.547830343178,332.0,45.0,1.0,1293.3890090798309,248.68447974478096,40.5761936829481,5.499785288351403,0.122217450852253,265.5415561,,,,,,,,,,,
34940.0,397994,51739.22,131353.0,51739.22,45769.31,66862.992,53729.19,127358.08,100692.48200000002,66862.992,103080.446,15521.766,24675.628000000004,61303.788,101780.007,89643.8739492198,38511.354,38900.0,96671.358,12210.0,16778.0,421.0,81895.0,115335.0,292.0,33837886.14060885,225.0,28718587.0,87755.9039564414,30552.38574453059,7381.268019424879,262.1903077510143,5.0,26489.90544831607,8318.147836223938,2159.272765055181,73.48128175357468,1.4583999444674227,2306.76643,2249249.9135952136,367117.7735953248,211478.5914022198,1670653.5489318764,4489964.159969342,412800.0001335309,537600.0001847479,300160.00018356915,4394879.99982135,899840.0001493149,1278012.5008679
34980.0,2072283,353643.158,278625.0,156598.46600000001,362489.567,599497.85,248533.612,661533.441,533378.3890000001,289052.314,710699.988,69958.084,107465.696,363295.569,678544.0380000001,343421.01799553697,218073.761,394473.0,546368.5800000001,74268.0,107345.0,4003.0,941023.0,781109.0,5826.0,153045937.3721338,1692.0,189288476.0,638849.5700921844,185843.4994351426,43164.61943514796,6823.444554518351,122.99999996233237,232116.82362624488,55282.27192146005,12150.012158714355,2472.119660204425,51.21903004001888,103299.2285,13287007.56713474,1281117.002442171,5700439.61493885,6305450.949676949,30539626.239830658,1966079.9998803844,11264639.999982024,1619200.0000176365,24894080.0000162,4802559.999974165,3641152.2732153
35020.0,53611,6927.311,11016.0,4046.9449999999997,11117.847,11776.536000000002,10526.823000000002,23552.531,19814.072,13199.292000000001,23568.007,4262.76,5708.046,13637.284,24575.981,8319.159125087,9006.785,5988.0,24825.011,2098.0,6937.0,137.0,106748.0,16134.0,3986.7,4063552.520811913,-9961.0,2053354.0,28433.28055164976,6075.47083048517,209.96710165921832,22.0,11.0,1702.0101773059032,386.4189267179272,20.53873103658927,0.8254045884096183,0.294877034550865,243.064075,1066545.1862872324,157485.76718245706,578196.7024378745,330862.71667216107,1272614.399930347,254719.9999553396,797439.9998806869,87680.00005435356,725759.9999296933,168960.00006733558,741951.4890051
35060.0,36663,6012.732,6603.0,2566.41,7149.285,9935.673,5609.439,14995.167,12098.79,7002.633000000001,15618.438,2199.78,2969.703,9150.165,15815.1,7309.1731184955,5271.700000000001,4171.0,13819.385,1101.0,3788.0,162.0,44720.0,10637.0,1153.1,2800761.0813527596,23.0,2012759.0,33629.75292969345,9831.704507001528,1677.849645964862,71.99999990582,17.999999955296516,1449.7348138073585,263.923344280693,20.10491667681857,3.1607099561687795,1.2622924868224386,37.458452,1535762.0013899242,232780.348486332,972004.609425504,330977.043308318,1298880.6399798184,335999.9999354476,1185280.0001070425,92159.99995867294,416639.9999869593,138239.99998330974,801438.3670607
35100.0,122488,19187.203,26705.0,10871.192,19923.483,28194.569,17299.380999999998,44283.251000000004,31529.87,20617.589999999997,43736.79,5721.593,7788.360000000001,24458.676,42080.6,22214.8083325509,13953.623,18697.0,34617.1,3236.0,6707.0,275.0,149413.0,43195.0,1686.8000000000002,9329447.823591782,-9899.0,6726133.0,152905.93161180455,30192.007488922885,5308.185944537222,544.9999999701977,56.0,30455.220011377984,4908.711183766601,606.6086295308462,48.701338835678726,4.7854053154216505,3657.458574,1952462.483460783,269200.0737125051,92898.74824906158,1590363.6614657124,2806874.880078558,455039.999944296,477439.99997345346,115840.0000400262,2867200.000020869,460160.00007080537,969224.4669645
35140.0,38247,6196.014,7976.0,3250.995,6272.508,8070.117000000001,5660.556,13348.203,11282.865,6960.954000000001,14648.601,1912.35,2600.7960000000003,8188.785,13917.09,7835.639810064,4767.18,4386.0,12379.29,921.0,3376.0,23.0,52202.0,15041.0,975.5,2896862.449171185,23.0,1740627.0,32744.29767493416,6223.404363588266,2214.671259868925,104.37707723220812,4.0,1360.5843173273754,221.0929580860797,60.47302456815795,3.0457943771740035,0.4397051151090863,303.649822,930845.377079124,122250.91620547812,28978.359407903354,779616.1014995062,1141384.9599589745,222080.00001029417,160000.00003403507,53120.00002055653,1274879.99996159,131200.00000976713,403219.1981119
35220.0,48915,7875.315000000001,9460.0,4598.01,10614.555,12277.665,6897.015,17413.74,15359.31,8070.975,21571.515,2103.3450000000003,2739.24,11479.887,17868.276,8745.5626851411,5187.564,6325.0,15706.791,1442.0,1968.0,47.0,54002.0,16589.0,233.5,3611497.794573519,29.0,1855579.0,37766.52117859476,11494.738541381474,2379.2591819576924,378.8635766254742,7.999999970197682,4791.137102800487,928.143446698028,99.10062136903797,19.62074410966133,3.604903020350146,1215.090491,774821.9800108998,112064.08314628416,514071.7845496243,148686.112290776,1359802.8800171511,156799.99999361884,604800.0000311268,150400.00002312183,723839.9999729696,323200.0000004925,250797.5589489
35340.0,68327,11615.59,11116.0,5124.525000000001,14895.286000000002,19199.887,11273.955,28150.72400000001,23026.199000000004,14143.688999999998,29722.245,4304.601,5602.813999999999,17109.768,27872.364,13785.4876079544,8899.839,7795.0,26354.562,2623.0,6612.0,112.0,50449.0,23956.0,830.6,5081073.131609904,43.0,3225879.0,38128.8160011216,8766.216206808222,1748.6613862973177,337.0000000541327,37.000000028405395,9427.15461508509,1514.644291779685,231.55250762898223,46.31778323340982,4.714540978270208,176.8872606,,,,,,,,,,,
35380.0,972913,175361.638,169260.0,69230.65000000001,170762.257,256562.897,145216.326,353925.799,282668.042,170450.192,384019.108,50021.411,68826.667,204135.095,354640.087,224127.11934385457,122566.311,187946.0,309028.743,49469.0,88034.0,4034.0,401836.0,350962.0,5833.2,76792212.23773687,900.0,81248453.0,280855.4335144839,69862.83240321827,16304.093545700722,1588.3098974927852,289.00000016181735,167469.2287980601,36214.763877781494,7970.465952194251,571.4437520481529,52.1433941946123,6657.175793,6166991.715733952,819105.4285058674,1130829.586682471,4217056.700703947,19812096.63984706,1626880.0001685298,4039040.0000066343,2460160.000092362,14010879.99986142,5312640.0001081815,2049904.6261582
35420.0,91937,15997.038,18605.0,8734.015,20869.699,22984.25,13790.55,32361.824000000004,29603.714000000004,17376.092999999997,40176.469000000005,4596.85,6159.779,21750.912,35058.432,16497.5233738368,9636.48,10356.0,27532.8,3372.0,3481.0,160.0,58256.0,35307.0,288.1,7034433.601235712,74.0,4642339.0,45976.373452467655,12714.667619542612,3609.6279372968856,133.0000000472355,12.00000001490116,6357.714959447068,1421.2739172797792,407.4604247705555,25.365877647363433,2.4513569424850976,341.3513915,1236217.9707266917,228427.03199704603,658012.045750173,349778.8929850265,2811914.8800431276,343039.9999837509,1152640.000050191,220799.9999982472,1312000.0000076063,947199.9999883844,363148.4171313
35440.0,50813,7876.015,15508.0,5843.495,7977.641,12499.998,7215.446,18038.615,11839.429000000002,9247.966,16209.347,2439.024,3150.4060000000004,9357.855,16945.305,11069.4923519271,4552.47,6061.0,13404.495,2243.0,2096.0,238.0,53883.0,13904.0,206.2,3944571.015501597,28.0,2437831.0,26014.89016619145,7563.045286076248,246.9999998759595,22.99999997019768,6.0,2379.327368962265,766.4181365329897,6.998374841131105,0.5104461704419997,0.0087836307535996,2102.796067,1571265.419574108,93416.57639665388,582370.370968831,895478.4722384716,1949811.2000251033,251520.00000470423,1075839.9998901396,91520.00002072252,1317759.9998514424,261760.0000320108,627827.802985
35460.0,36879,4904.907,8022.0,3651.0210000000006,8887.839,12022.554000000002,6343.187999999999,16116.123,13239.561,8334.654,15452.301,2102.103,2913.4410000000003,10070.55,14091.525,5183.423056665,4781.7,2942.0,13584.375,1508.0,2355.0,17.0,41576.0,11683.0,300.0,2570324.969326275,20.0,1022795.0,20339.464064002845,6693.769404027735,1879.082960991873,241.5441694326,2.0,1466.5015723620857,558.4445304361485,186.5001783533203,24.256497688382225,0.0733357962627277,32.59630359,883890.5844162047,62835.19936873815,688288.3314840227,132767.05349896743,1221231.3599732325,83199.99998746,1327359.999850229,60800.00002179411,286719.9999752831,83839.99998914596,279120.34575649997
35580.0,25723,4887.37,5455.0,2469.408,4167.126,6327.858,2958.145,7974.13,6327.858,3498.328,10031.97,926.028,1183.2579999999998,4596.51,8646.408,6513.3543521520005,1987.68,3880.0,5416.428,731.0,871.0,52.0,61978.0,10626.0,243.9,1988409.969169116,17.0,1766827.0,21554.006672631975,5197.803086715277,612.3504070919008,166.5146356374025,40.0,1875.3181455568565,344.85914215742247,40.071699378048,17.1431669474374,2.449494222781815,1085.667425,861541.1015156859,126080.1786987182,566704.5310624453,168756.39189727887,997813.1199242296,188799.99997121576,362239.9999599029,155520.0000297765,437119.99994846573,309119.99997475394,391101.4617963
35620.0,19557311,3258106.701,3172005.0,1367329.121,2189374.0810000002,3238967.503,2165546.285,5094159.08,4837450.493,2465105.452,5456071.164,691681.837,1093013.163,2601582.6344043277,5055482.898,3608228.7148340694,1968277.2140000002,3802845.0,5332684.534,984534.0,1027773.0,59526.0,2008816.0,4468017.0,10340.4,1541453293.020241,17326.0,2169762997.0,2172686.6030828916,525972.2009339308,151674.9352447972,23453.991628853408,1235.6233280910403,6369691.336161853,1083919.8570875928,264388.38958731573,54067.27211568133,2735.2685226192193,486663.459,40260299.55572803,3399150.5975732105,7906241.389892451,28954907.56834277,155910147.19965628,7090559.99997319,36454399.99971431,13381119.999974707,131107199.99997611,30765440.0000078,4278387.4727193
35660.0,152900,24616.9,31798.0,14678.4,25075.6,37307.6,19112.5,50457.0,40518.5,24158.2,61007.1,6421.8,8409.5,30605.0,57384.375,28702.32014219,15914.6,23571.0,38715.325,6289.0,10628.0,386.0,56346.0,56247.0,556.1,11865458.068009226,113.0,9074076.0,88953.86977819078,23978.51642924463,6989.024164301725,2115.000000368918,50.00000002980232,14044.042077376778,3443.085308835757,744.2374213463584,264.40465451166006,5.515417490488278,4568.677579,1576363.176819557,300319.9615004155,417057.63927692384,858985.5759903529,3350288.640011548,495359.9999781388,922239.9999909716,230399.99997032355,2583679.999927166,781440.0000076853,363371.368767
35740.0,48417,9609.725,8372.0,4195.031,7067.072999999999,8451.722000000002,5621.669,14174.940999999999,13098.042,6482.063999999999,19333.112,1694.9180000000001,2402.73,7518.263000000001,17655.32,9928.833258717501,4318.009,8234.0,13743.506,1022.0,2229.0,203.0,177541.0,19808.0,352.3,3776005.9256094974,-9967.0,3924899.0,48556.36667181901,14519.971974502214,1255.2307943511553,143.99999996810214,36.00000001490117,3767.645914096463,885.3766592315857,104.35304416446085,27.134973021086417,2.571184235836073,318.1590913,2323776.9129418167,221783.45739822628,90069.17493788883,2011924.2806606316,2615528.3201343077,330240.0000507804,187519.99996085005,150399.9999475504,1917439.9999767016,1061120.0001503977,1007004.7985686
35820.0,34360,6087.795,7270.0,2999.445,6583.555,6405.745,4951.825,12280.5,10284.31,6332.235,13589.685,1700.45,2280.52,6486.414,12832.452000000001,7553.8518650073,3364.542,6243.0,10108.565999999999,734.0,2123.0,96.0,119231.0,15019.0,363.8,2673733.898835666,-9969.0,2937004.0,185051.45317714743,41381.827929189865,11354.424367838865,1996.8587050262963,256.0000000149016,14375.073011345667,1439.4309832730564,368.1811782606826,64.21475074199532,7.760741317240296,521.1004389,2602624.2177028903,281822.9800736714,168487.19468258013,2152314.0429029944,2087725.439700278,255999.9998190208,263040.0003562193,85119.99992087105,1793280.0002471998,631040.0004297252,2555955.5308154
35840.0,891411,122056.985,286432.0,116215.04000000001,118423.051,166096.959,119183.786,286238.478,219878.1,147379.296,270093.597,34203.26,50215.497,146594.429,243197.988,203120.7949135837,79638.86300000001,92360.0,208405.933,24514.0,34121.0,1308.0,129466.0,261256.0,687.1,69549505.71008675,406.0,51370821.0,136290.96161254356,43571.28787305231,11420.07561419175,1913.3818532805537,7.000000029802326,69221.30314873654,18047.307617690978,3987.760509933646,472.233019864163,5.621455215291115,31158.07879,4356561.205014439,432977.23272819247,497044.6352296916,3426539.336924293,14826552.960140526,671999.9999882244,2165760.00004179,842239.9998719266,14773119.999777704,2686080.000055367,831736.8702989
35900.0,65784,10262.304,15470.0,6512.616,11643.768,16643.352,9012.408,24932.136,17893.248,12433.176,23024.4,3486.552,4604.88,15854.019,22454.19,11573.5146914754,7280.601,8504.0,20344.857,1939.0,3068.0,141.0,46830.0,23979.0,273.3,5168552.859349842,42.0,3078111.0,21989.075818567333,8422.942318021673,1049.776918036591,0.0,0.0,1457.118714653972,556.4225826548994,77.59359026675304,0.0,0.0,329.3138604,1393018.8444839222,92332.84621589066,70653.48548742205,1230032.5128380982,1824391.680014779,212480.00001942983,365439.9999795091,35199.99999790983,2089600.0000666033,151680.00001476973,482895.1149436
35940.0,58218,10304.586,10522.0,5414.274,10362.804,14205.192,8092.302000000001,18746.196,14146.974000000002,9140.226,24335.124,2154.0660000000003,2969.118,13914.96,21104.356,11073.9294497691,6377.69,7679.0,18321.364,2626.0,3883.0,80.0,62143.0,22896.0,296.9,4388187.692440546,42.0,2787478.0,74658.6378990274,16967.28965612259,2796.9380503905695,511.58903189003416,119.99999999999994,8382.242226826793,1396.375136233215,240.41927938279065,38.253979984698816,8.423331050700627,540.9363616,778981.7962344299,206228.00091885385,406002.51099620166,166751.28432531928,1040600.959961966,303999.99999300035,499840.00000413693,108159.99999310056,663039.9999957609,156800.00000128365,314549.6144248
36020.0,86625,14553.0,22248.0,9788.625000000002,8402.624999999998,22176.0,8835.749999999998,25554.375,13513.5,10654.875,28499.625,2512.125,3378.375,12300.002,22965.738,17192.9265217512,6967.134,14412.0,15912.59,2998.0,2458.0,257.0,76965.0,27407.0,267.8,7003650.29281523,31.0,4148961.0,12908.843170900274,3551.2129184529076,101.00000015841216,0.0,0.0,2649.391535893572,594.980395167938,8.958082954320554,0.0,0.0,5768.220871,732076.930637389,15371.38612865648,219202.2891452608,497503.2553719437,1923580.1599548052,44160.00000831547,828799.9999691257,92159.99999174268,1591679.9999027415,216959.99999949135,133444.8269295
36100.0,396415,55894.515,109439.0,44398.48,66201.30500000001,79283.0,61840.74,160944.49,128042.04499999998,82850.73499999999,152223.36000000002,20613.58,30523.955,79931.78199999999,126994.42,76341.5888266297,41086.43,36965.0,110186.335,9760.0,22484.0,388.0,48553.0,104639.0,481.7,28247950.634907164,197.0,14408096.0,92518.70897021209,31959.29709779224,7588.531971451444,1946.498701713592,16.000000029802322,16425.56967550253,5567.68902062602,1467.8472985064373,338.1127239806017,6.063652725291895,15075.68858,4550990.101189388,478649.2957003725,339134.32419853384,3733206.4812615807,10736923.52021826,1039360.0000528252,1191039.9999734275,357760.0000048437,10539520.000141652,2554880.000074987,1016564.1703835
36180.0,53866,8133.766,14934.0,6086.858,7164.178000000001,10988.664,7702.838000000001,15675.006,12873.974,7864.436,19014.698,1885.31,2639.434,8960.913,17817.02,10766.9658513729,4978.285,6781.0,12838.735,2799.0,2576.0,140.0,62481.0,19175.0,430.4,4184430.868991542,90.0,3642252.0,22091.373592807377,6695.313880725502,936.0456782250446,22.00000002980232,2.0,2417.307648908811,770.4416333760769,85.05414837700346,1.309901325086745,0.0277916378810662,478.2577839,,,,,,,,,,,
36220.0,160869,30565.11,16214.0,8204.319,25578.171,35873.787000000004,21556.446,57912.84,51960.68699999999,24130.35,64508.469000000005,7239.105,12708.651000000002,26999.861,63726.38,31691.7963749109,22975.037,25164.0,57856.844999999994,9116.0,13187.0,77.0,62669.0,60517.0,526.4,12376892.637756549,138.0,14374961.0,85520.89876732814,26069.055423805192,7792.652795497434,552.0366659484865,46.000000049360104,28841.080387035723,6995.711786233518,1480.114049209691,108.16071061258386,11.048101654195268,595.3630867,2955310.3191088876,295086.97278723994,177446.05094207247,2482777.295359169,6934485.120216238,577919.9999338733,783359.9999011324,374399.9999768007,6511999.998844126,1694080.000207212,574587.1573929001
36260.0,652341,91478.14600000001,71992.0,49028.231,51958.484000000004,179825.703,60867.178,172313.524,118485.48300000001,60725.937000000005,207650.45,16477.699,24166.908000000003,57164.11,219987.89400000003,70424.4631786906,57890.932,124542.0,134902.578,13564.0,28679.0,1513.0,268090.0,235588.0,770.8,50343333.84243016,-9578.0,37505865.0,160180.45775026517,48462.362951496354,11561.589563272466,2048.690195652678,143.00000006747726,126704.06951539381,33917.67649991748,7342.878578779912,1599.4223551901928,104.3689053033116,2627.90863,4830069.390288037,480953.6148496162,434304.56185497425,3914811.216764023,9667789.440967964,469119.9993473924,1701760.0009731185,576640.0005545256,9026559.998771856,1935360.0014254027,4627161.736866199
36340.0,49777,8213.205,12147.0,5276.362,9009.637,11946.48,6620.341000000001,17621.057999999997,13987.337,8810.528999999999,17820.165999999997,2140.4109999999996,2837.289,11676.096,18067.752,10039.6856195856,4680.504,5577.0,14242.824,1968.0,2286.0,90.0,52559.0,17481.0,321.7,3883614.931620864,25.0,2140919.0,28857.39447321821,7342.644681359141,1886.659399395812,24.76949581503873,0.0,1729.989471206984,188.65948268228465,26.46917230117512,0.3431889939350325,0.0,51006.70949,1141649.8332774108,121275.42817622948,744420.6495555964,275953.7555737724,1478956.1600030966,220800.0000346428,1077759.999988831,153599.99998831417,590719.9999826509,212480.0000126357,431532.6235514
36380.0,40412,6748.804,8670.0,3798.728,8244.047999999999,8850.228,6142.624000000001,16973.04,14022.964000000002,8446.108,16043.564000000002,2424.7200000000003,3556.2560000000003,9939.795,15649.89,7993.036306465199,5752.392000000001,4374.0,16749.612,921.0,2117.0,26.0,48028.0,12422.0,400.8,3210728.034597396,16.0,2349114.0,35500.340350232735,10141.041625837295,1364.641899734414,96.00000004190952,11.00000003352761,3553.267193197664,870.477366448349,85.63304011965107,10.452022359014457,0.8420386758432283,166.4077377,724210.4184879275,83196.87371652693,454581.7729210018,186431.77170511623,1150659.840003077,120960.00003269766,741760.0000265922,240640.00001551927,357759.9999041206,176639.99992044017,492249.8255249
36420.0,1459380,235032.35,209251.0,101666.773,220942.794,386776.88300000003,178519.489,538575.772,396827.704,227717.836,570004.885,56581.848,86885.33,242944.58000000002,497687.80700000003,220646.7580736662,152135.302,255848.0,465137.08,42017.0,87549.0,7212.0,451553.0,546892.0,3357.4,109049937.99395019,1193.0,95028942.0,555292.458484338,142211.5259544725,40165.12570286074,5444.903581973642,426.000000133994,164753.68348952636,29301.506231071013,8456.005287674601,1059.1982933509253,70.14575671674895,24847.84233,12474724.127330406,1408141.9684057946,4872302.537956055,6194279.620917355,29667066.8799765,2444799.999885769,10929279.999937996,3043199.9997591507,20671359.99990738,5546239.999829652,3527408.6106941
36460.0,76439,13988.337,15360.0,7261.705,13529.703,17963.165,9249.119,24766.236,21326.481,12383.118,27823.796,3363.3160000000003,4433.462,16689.86,24807.201,16155.1497039338,7434.574,9352.0,23365.804,3120.0,4055.0,113.0,51824.0,26305.0,298.2,5849615.000689876,49.0,3407681.0,52751.93667501172,15649.112208909524,5157.130983933281,177.99999994132676,45.99999997764826,3012.1977618498317,857.286600804658,311.3983835028376,3.478960326609581,1.0192508015054869,313.9158746,1724797.4554782717,356213.3151513483,121558.41453763912,1247025.7258576257,1701817.5999420097,434560.0000658891,323839.999985855,52480.00005458309,1768960.0000567734,253440.0000536506,837279.6722247
36500.0,298758,46905.005999999994,53507.0,26290.704000000005,31070.832,86639.82,30772.074000000004,84548.51400000001,47801.28,33460.89599999999,100083.93,8663.982,11950.32,40582.21200000001,97926.642,50200.371070993,24408.142,57808.0,52345.172,11947.0,11614.0,1263.0,79769.0,102167.0,413.4,23542954.516996596,166.0,18715298.0,73624.99730926048,18990.83208169058,4917.054286279338,495.0841055907913,34.00000005378388,23003.761009711812,6212.6415086888655,1286.5482279608148,152.65221579820624,6.3954861976375135,8409.030847,1621141.0343392866,99268.29677885456,360003.63686550467,1161869.1007522405,4373753.599872506,101759.99999021088,1327359.9999143064,236159.99997117807,3773439.9999204543,735359.9999746617,462383.4069599
36540.0,976671,196414.033,138496.0,72647.286,140442.643,174918.532,104909.932,259294.707,242102.174,116792.193,363407.30700000003,32199.67,44893.99100000001,152208.222,329342.07,207054.03453304232,90156.327,193657.0,258579.086,23677.0,53007.0,3042.0,571103.0,396092.0,2887.3,75262875.9468784,711.0,86269265.0,520101.3892708077,146457.2093303303,39104.25888195021,5139.122766734121,693.9999999940865,123550.39666870555,28224.060775886624,6602.551028932998,1250.2119531031665,99.08150390170691,17485.45813,9151382.538462652,1893454.813188332,921549.3953926342,6336378.3301090095,19300401.280149803,2268800.0000191643,2392319.999886212,1235840.0001081205,16571519.999857934,5415679.999980433,2781346.7785528
36580.0,60636,11824.02,13002.0,5457.24,7458.228000000001,14006.916,6245.508000000001,16674.9,14734.548,7640.136,20191.787999999997,1940.352,2789.256,11446.695,17786.403,13772.040958596,5106.987,7921.0,14968.755,1921.0,1979.0,123.0,58417.0,20736.0,458.9,4670396.413463949,33.0,3085601.0,43750.35233899261,12549.662785947845,4452.231977673528,134.00000009537504,11.00000001862645,3199.516358639408,825.4957934104527,333.785492812167,15.300573265058588,1.0226069306464851,234.1004824,1475943.5762396038,432774.3576740669,116663.07041931922,926506.1482333576,1244483.2000210574,577280.000053591,272639.9999354256,27520.00001070394,1336959.9999769386,143359.99998494654,641097.7735233
36620.0,58835,9254.446,10071.0,4885.646000000001,10244.795000000002,14677.112000000001,7749.110000000001,23168.803,17044.799,10506.849999999999,22158.762000000002,3191.8590000000004,4645.624,10407.593,19526.709,10148.4302967435,6263.161,6777.0,17470.023,1286.0,3054.0,192.0,106455.0,17124.0,990.5999999999999,4309508.895323141,24.0,2609027.0,77702.12590337159,26503.448175572234,3362.018562661807,238.01807496840044,18.00000001490117,4561.031580335136,1023.7367009015703,214.1152895795659,18.526591976801125,1.543252219177599,184.6354525,6253347.54743185,324154.5280572575,3003398.529063239,2925794.4903150513,3234556.160742344,363519.99879640806,2192640.0011340864,261760.00061391815,1635840.0013144603,419200.00001117383,6588402.1398471
36660.0,81773,12511.269000000002,13809.0,6051.202000000001,18398.925,22978.213000000003,14146.729,35407.709,29192.961000000003,18071.833,39332.813,5642.337,7277.797,21907.36,32901.76,15266.697371824,11238.72,8207.0,31028.64,2807.0,7745.0,200.0,39153.0,26409.0,744.0,5827123.19463888,38.0,2913565.0,60047.842359614355,17211.307029060394,4140.391784843537,298.2673126006704,42.00000005649054,8590.40238800903,1440.102751089867,287.0859449575961,29.097854193749036,3.110036972022377,208.2660913,1435577.1725671296,252736.29359112025,666032.0585469943,516808.8203669073,2076744.959959678,488959.9999835269,1384320.0000153997,161919.99997229187,1010560.0000402604,317439.99998113496,591291.2258649
36700.0,83094,10968.408,17955.0,6398.238,15206.202,16037.142,15289.295999999998,30329.31,27088.644,16784.988,38306.334,5318.016,6979.896,17580.658,34563.915,15524.6290379171,12801.45,11094.0,28504.562,3155.0,9336.0,145.0,41335.0,28939.0,1215.0,6199683.834187699,75.0,3480733.0,70379.60366297682,16831.530254630536,4385.529085335185,423.50337679294125,35.00000005960464,4040.884851801174,831.1790195767552,157.33345207607726,19.32611464394259,0.5589130529526917,208.4280962,2110457.3182440894,318192.00249606906,69281.1367816694,1722984.1789109677,3212412.1601699647,727679.9999899995,417279.9999824436,104959.99998387144,3539200.000058813,468479.99998739606,708045.9395565001
36740.0,2764182,477548.141,409233.0,205324.67,355926.037,556268.055,339870.421,858157.8389999999,662973.388,377146.139,896925.9789999999,103790.57,167251.703,411464.769,862990.09,523332.6039832978,311202.663,512376.0,760188.981,134463.0,142922.0,5492.0,262523.0,963647.0,2049.0,210811750.37240824,2026.0,197237311.0,566392.5345485308,165526.2899490687,46788.742476799685,4743.707212356462,89.99999996194468,338843.80822536285,79901.27592026182,24162.528250374377,2645.1274119372797,50.084521612301224,34252.1445,11029860.33519107,1722098.6396261477,1293069.767753056,8014691.927622887,35416935.68003354,3264640.000060138,4956159.999981595,1993600.0000422385,35290879.99981915,6578559.9998242175,2233239.1766654
36780.0,170718,37557.96,29450.0,14511.03,26461.29,44215.962,16218.21,47459.60400000001,35167.908,19974.006,65555.712,5121.54,6828.72,30721.948999999997,57324.754,42852.795161174196,13730.48,29417.0,40161.654,4966.0,8019.0,439.0,64653.0,72086.0,412.4,13571744.20186762,113.0,12534634.0,92154.60051018732,22527.158349733138,6019.348274987976,624.1928152536132,64.00000004051253,30951.79617032136,6744.694045797667,1616.6275578602224,221.50841929861113,40.792734589305645,1929.637782,1206765.2136582062,412910.35240963806,182640.46534422977,611214.3959315498,2680762.2399981613,501759.9999825932,487679.9999728594,146559.9999885933,2119039.999974234,795519.9999997666,278199.94867270003
36820.0,21946,4542.822,4141.0,1975.14,3313.846,4235.5779999999995,2545.7360000000003,6298.5019999999995,5837.6359999999995,2765.196,9261.212,724.2180000000001,943.678,4339.78,7650.540000000001,4458.659389973,2102.78,3243.0,6017.530000000001,561.0,1092.0,29.0,59704.0,8694.0,443.5,1750147.47713102,12.0,1143781.0,24041.646656842724,7394.255002321682,2293.975540661805,43.99999997019769,7.0,1454.480193789345,392.4756570899163,49.342238821985056,2.4737441948370997,0.046373371252762,136.8973901,796465.0566428747,122046.29887364066,59018.39009590596,615400.367696255,801753.6000078437,158719.99996288813,131840.00003930397,26879.999969935583,648959.9999930348,254079.9999825729,365341.6414059
36830.0,20961,3207.033,2346.0,1362.465,2976.462,4841.991000000001,2641.086,7818.453,5659.47,3605.292,7923.258,1257.66,1844.568,3344.509,7790.503000000001,2573.3468866952,2943.969,1505.0,6668.991,677.0,1728.0,35.0,56421.0,5404.0,585.5,1603115.5304269702,9.0,1429025.0,87101.80770587377,23785.949077523495,6532.095026555624,367.99999998416706,82.9999999916181,962.3538255282334,233.0145336458826,27.029337122536575,1.9970275088267757,0.9609649281194926,2337.224802,1664892.649481051,304819.7694601368,73041.9140511669,1287030.966266214,859130.2399837545,211839.99972085233,87039.99997810731,30079.99986535574,663679.9999421905,328319.99988389213,1231966.1875525
36837.0,146478,27678.142,30150.0,13798.946,24330.618,32196.091999999997,19013.7,45537.46600000001,37208.35400000001,23109.274,53891.894,6067.5740000000005,8059.128000000001,27605.393000000004,52498.52,33824.1660638259,14501.07,20644.0,41320.899999999994,6447.0,6803.0,133.0,190512.0,58230.0,1152.3,11217597.235899393,-9919.0,9371129.0,221979.5090913516,54087.5582126723,14457.272370392307,1826.8689655702492,249.0000000204891,22913.388923057963,3845.4143614491722,842.2146161236674,98.69766344325838,9.639317848386474,5530.406405,3469005.1210777713,794247.7414462431,1855997.0345195432,818760.3453359642,4613699.839969534,967679.999955175,1786240.0000740355,426240.00005204586,2513280.0000225897,1319679.999925048,1385157.5044449
36840.0,25992,4262.688,4543.0,2391.264,3950.784,5276.376,2937.0960000000005,7745.616,6004.152000000001,3404.952,8915.256,805.752,1065.672,4832.164,9304.486,5073.7598085837,2364.676,3556.0,7094.028,769.0,1259.0,54.0,60899.0,10408.0,391.5,1974072.204475446,15.0,1076037.0,80019.32524685455,15276.930116152247,4739.78186536114,492.2610845812295,92.26108465320428,2291.1177206540706,321.32386877424005,98.44190518094068,12.43152908369329,1.2015234468012033,122.6344954,1054054.423580703,126924.51116534907,625583.2653454897,301546.6470764734,1632145.2799585897,201599.99998145565,845439.9999639771,217600.0000021493,870399.9999632352,270080.0000673209,365925.9876599
36900.0,35043,6588.084000000001,6552.0,2943.612,7008.6,6412.869000000001,4870.977,11178.717,11283.846,5256.45,14577.888,1611.9779999999998,2067.5370000000003,6717.12,13364.27,6788.140760481,3778.38,5136.0,10495.5,1035.0,2049.0,66.0,49060.0,13189.0,772.1,2640770.898870825,28.0,2064001.0,52059.98964373119,15030.159207620649,3248.555993151218,461.4222879339936,69.9999999743886,4166.941009442997,889.9358513433845,129.88912835712787,15.823661941283556,7.401812360655505,562.5849413,726188.6446754298,121494.23415025142,73260.58679893955,531433.8236841566,1223438.7200615073,154879.99998496738,133760.0000297862,50559.99996101578,1062400.000049195,375040.000019068,276369.7847253
36940.0,37398,7666.59,6870.0,3478.014,4824.342000000001,9125.112,4113.78,10546.236,7741.386,4599.954000000001,13837.26,1234.134,1608.114,6550.683999999999,13577.116,9186.80202118,3037.4680000000003,5831.0,7868.14,1112.0,1059.0,93.0,70532.0,15495.0,349.3,2980435.349814608,26.0,2649716.0,35890.0639852053,10049.34453650927,2733.5717198224156,189.000000026077,26.0,3492.3184593279816,699.5082193184073,163.0406716112156,26.887443186992932,0.5464309739311108,428.4506251,723364.4535747858,147799.2488968229,407954.83491989545,167610.36973810152,888403.8399498422,184959.99995971695,380159.9999562941,100480.00001273154,511359.99994970625,193279.9999891072,274966.8724811
36980.0,112327,15097.342999999999,19802.0,10164.06,20853.335,31445.522,15021.436000000002,41105.547999999995,28543.134,19186.640000000003,40164.378000000004,4699.524,6281.206999999999,26122.527000000002,41579.197,17979.0876829371,12743.869999999999,17693.0,36581.812000000005,3026.0,6148.0,319.0,103036.0,42375.0,853.7,8484004.685972966,80.0,5801976.0,47069.93667094593,15487.34535803191,2437.441953714188,48.000000013445955,19.9999999720603,12142.47288018444,3930.2634792885706,612.3520613468673,11.239282811701964,7.466563330833069,566.4379748,1519615.8810272035,291736.8988704124,863809.3633819149,364069.6188167987,2318526.7198959896,540799.9999637478,1381119.99993758,208639.9999832754,1239040.0000638436,362239.999994817,575085.7844062
37020.0,68022,12243.96,13188.0,6530.112,11427.696000000002,17141.543999999998,7890.552,21222.864,16801.434,9795.168,24691.985999999997,2584.836,3401.1,13683.076,25401.75,14727.8945287826,6028.682,10154.0,17273.19,3020.0,2944.0,116.0,59733.0,25819.0,356.7,5234647.273168192,45.0,2149884.0,45654.442150833696,9504.279216913166,2262.5646768668407,118.56467698050083,24.00000003387686,4896.042058739124,766.3987201064939,154.9341938472427,11.209534613835595,1.439910177715246,293.7178766,,,,,,,,,,,
37060.0,69979,11216.661,10173.0,4725.936,10625.448,16020.735,8517.919,25049.532,19480.396,10852.205000000002,26967.396,3132.988,4709.618,11914.866,25180.884,11053.3385793744,7488.132,12223.0,23133.798,2002.0,3828.0,368.0,98318.0,25233.0,1778.6,5074042.945253298,60.0,3067034.0,47887.89479404661,12060.487882578193,2957.094801435379,146.99999989266556,2.0,6984.968826690954,1525.2824890006284,381.28486580426045,42.0608842597639,0.014599951968095201,180.9532932,781373.1325415226,108282.85401768946,433915.83396914194,239174.4446340908,1048778.240047499,215039.9999929659,764159.9999601903,44800.00000967996,610560.000065948,87039.99999550701,404275.5078731
37100.0,832605,159027.55500000002,140361.0,65775.795,87423.52500000001,175679.655,95749.575,248948.895,179842.68,109071.255,240622.845,29141.175,46625.88,89187.022,231381.425,162745.12978258828,80773.152,143391.0,183422.366,34964.0,35253.0,3645.0,90961.0,313985.0,400.9,69217924.67002665,650.0,62945230.0,147229.44658657524,49634.69931000129,17943.670819609248,2925.0486924814763,44.99999997392297,140009.92989341557,44575.61153013504,14928.638836700742,2837.7971794046066,32.21548601075379,1819140.038,3554353.160372731,431846.6548749819,385330.2894905809,2737176.2160478826,10377560.319666712,884480.0001262613,1352959.9998567807,476800.0000714498,10687999.99991703,1869440.0000698972,1179158.2254106
37120.0,49544,7134.336,8733.0,4112.152,8967.464,12386.0,7728.864,17885.384000000002,15210.008000000002,9413.36,21947.992,2576.288,3319.448,10770.98,18653.379,7490.610335598901,6266.752,7657.0,16107.511,1009.0,3406.0,52.0,48493.0,16286.0,567.4,3667462.186956649,30.0,3386732.0,71782.83813865691,13261.07156524178,2682.521046552598,70.00000000372529,3.0,3098.3854629278717,816.4943812172527,171.21693433830694,4.695222294615255,0.1780030263743768,463.901918,888642.9554212801,104776.16499640136,379641.088466606,404225.70201420406,1427370.880033112,188159.99996312265,620160.0000118997,73599.99995744253,1172480.000040667,158080.0000100991,359096.7305277
37140.0,102719,13711.734999999999,21491.0,9946.063,19863.217,27012.184,15576.423999999999,40119.487,29311.32,20325.284,41966.277,5154.382,6742.992,23343.739999999998,36950.274000000005,17431.2280039211,11231.607,14710.0,32573.483,3182.0,5726.0,212.0,248256.0,37179.0,1506.1,7603588.3262830395,-19909.0,8000856.0,90008.83151387825,29207.81683698207,5137.6053342721225,574.5931237377373,64.00000014621764,9955.450598462246,2999.5051594418255,504.24751781292946,68.15337361825112,13.054166907665813,661.4120879,1726873.7304365423,352408.1144832614,996639.8184441524,377825.7975336577,2633043.8399983393,700160.0000115031,1422079.9999605196,252799.99994542505,1389439.9999403437,504959.9999650765,669401.4145505
37220.0,54738,8539.127999999999,14965.0,6185.394,10345.482,11713.932,8429.652,23318.388000000003,16530.876,11166.552,17242.47,2791.638,3886.398,10812.15,17251.386,9268.3239810378,4853.454000000001,3947.0,13791.498,1707.0,2104.0,82.0,52783.0,11581.0,199.9,3560683.494561438,32.0,2227956.0,35243.95727071814,12877.284102532703,174.432001623245,0.0,0.0,265.55978968924586,86.36544292647498,2.827412124037654,0.0,0.0,5606440.089,4379823.3780136835,375454.4162969728,3036984.2908806587,967384.6685258556,2914323.2016531946,267519.99917439045,1159039.99845793,292479.9995244165,1970560.0009448791,534399.9989951801,11636171.037591
37260.0,74731,10238.147,17885.0,7921.486,15544.048,17487.054,12330.615,30938.634,25184.347,16141.896,29294.552000000003,4857.515,6651.059,20349.68,27382.29,14254.887965474,9651.135,5969.0,26858.585,2092.0,5214.0,48.0,36527.0,21140.0,530.1,5469408.8828184,34.0,2818650.0,30887.1847839565,9530.142341190309,815.5598781956285,94.99999995809044,20.00000000745058,2937.62106878305,736.0811372835739,56.88170788120126,7.0943631966714555,2.226306667915891,1299.302222,2103256.0601594956,132209.1319579226,1707899.448028755,263147.48009841854,4492312.959967535,449920.0000182068,4241919.999976462,915200.000046552,696960.0000401146,282879.9999815003,465824.7812677
37300.0,58064,11032.16,8822.0,4122.544,10799.904000000002,12599.888,8303.152,20322.4,16432.112,9464.432,23167.536,2787.072,3890.288,12428.075,22486.145,11764.0226342925,7745.870000000001,7413.0,19364.675000000003,1312.0,3268.0,30.0,50879.0,15988.0,265.0,4229347.541502875,29.0,2519003.0,48856.53423844298,11638.274164078835,1763.9289608373313,233.0000001073386,28.99999996897532,4370.667464697196,1089.3159847127663,167.3158482177967,29.258600931904205,4.767243888703202,1144.14678,1326116.0611578447,280613.1317670944,619968.5302569855,425534.3991747696,1339818.2401451494,524799.9999659351,832640.0000219418,110080.00003092492,702080.0001110199,206080.00002244717,680068.9427341999
37340.0,630693,102802.959,148845.0,71899.00200000001,82620.783,128030.679,79467.318,194884.137,151997.013,92711.871,203083.146,22704.948000000004,34057.422000000006,109522.62,177061.569,137231.4262481227,60845.9,90214.0,162458.553,18724.0,26468.0,1045.0,65871.0,209216.0,348.5,47124415.85066712,377.0,35550941.0,152029.08750887774,49238.29191455565,12830.634702637824,1228.9746718364254,56.00000011443631,52284.81036179647,16915.180445118076,4244.029413622288,455.0328045992505,12.996701394770533,6533.480324,3272349.484586059,384149.2719251164,419712.32461009495,2468487.888130277,10129759.359669983,593280.0000417704,1910399.999922024,674559.9999676303,9767679.99988298,1665920.0000566398,649574.8545479
37420.0,21818,3841.574000000001,3784.0,1719.47,4240.996,5166.851000000001,3281.67,8379.992,7019.246000000001,4059.8909999999996,8779.14,1145.112,1662.32,4517.191,8421.454,4236.9174866317,2940.1560000000004,2796.0,7645.765,652.0,1020.0,5.0,124068.0,7633.0,361.0,1602476.053799712,-9983.0,1576083.0,89867.07598986667,16776.40637038926,5479.403174236708,811.9226401404594,102.00000003533201,7699.619282928969,686.9168334404374,158.422573514719,30.86649557896923,3.2846736335721443,1704.705027,2248793.062212472,281594.8948430509,653976.5332661313,1313221.633650452,2657640.319702187,417280.0000084659,898559.9997337767,171519.9998047922,2102399.9998332495,484479.9999742909,1183994.5058323
37460.0,210548,34090.598000000005,36947.0,20136.365999999998,34511.869999999995,44697.945999999996,24957.262000000002,71956.764,54506.693999999996,31520.606,75452.60200000001,8432.862,12298.968,44578.549999999996,63784.456,41888.96843653,20332.038,33291.0,61962.834,5566.0,12683.0,485.0,105993.0,75593.0,865.5999999999999,14919039.113362417,173.0,12456649.0,86068.83876950145,25469.797247106926,5033.662536328626,164.25893035531044,15.890613377094269,10932.497090805155,3138.8848532132306,613.0130942026308,6.526617405503008,2.589886634364941,4297.205336,1839135.3388628548,165870.81335086114,1034079.5155125576,639185.010110414,4202419.200157938,328320.00003587495,2109440.00008402,523519.99998882925,2268160.000021862,759040.0000331815,485488.1537058
37540.0,32379,4338.786,7732.0,3399.795,7414.791,9778.458,5633.946,13761.075,10652.691,7350.032999999999,12789.705,1877.982,2525.562,8591.008,11828.664,4653.5227470904,4071.112,3102.0,11347.824,1026.0,1774.0,60.0,41598.0,10265.0,432.8,2347067.8037182,28.0,1647723.0,18822.2702244702,4450.610306938841,173.99999972502692,20.99999997019768,5.0,904.5210021332832,188.81335669345535,6.943573402617386,1.0597296854518925,0.3801752901621811,121.1066205,826534.7899097549,89511.61066405209,637659.3786068007,99363.80056953923,1035322.2400377193,152959.99998981936,983680.0000817556,76160.00001853376,343040.0000168539,74239.99999812656,359609.6617077
37580.0,62026,9948.650000000001,12845.0,5674.676,11760.45,15349.228000000003,9503.024,23528.126,18949.744,12041.774000000001,23940.629999999997,3205.1780000000003,4383.6720000000005,13823.84,23115.06,11892.344886689001,7350.255,8283.0,19317.095,1845.0,4443.0,58.0,91415.0,21482.0,836.6,4545010.11679658,43.0,3570253.0,40855.05162888508,12378.646988230597,2800.478537819668,40.0,25.0,2279.074683175961,667.9122501878915,132.51243836912266,2.532642082088157,0.374744165598527,3312.309264,1252537.636921889,278799.30295266985,570484.4173387352,403253.91665106494,1582888.9599654165,533119.9999137736,803840.0000449797,111999.99996370848,983039.9999367456,279039.99998841435,580592.7933959999
37620.0,88431,13938.345,18867.0,9368.595000000001,18471.336,27379.857,13884.990000000002,36698.304000000004,28399.179,18018.999000000003,34145.871,4242.804,5579.451,20661.730000000003,35708.651,13372.7102956571,10019.296,12658.0,27507.424,3469.0,4484.0,136.0,96523.0,30693.0,469.5,6634870.081050647,-9918.0,4374867.0,33912.28882055856,10580.423827625098,2864.94645935034,16.0,4.0,5553.620624364874,1713.938345925751,308.1005071845193,2.153503630121853,0.5836854103300811,1131.476502,1265272.3257479144,158159.92263799618,740912.5538552619,366199.84922942874,2116887.0399667462,294399.9999838002,1386240.0000479908,144640.0000109054,1114879.999990665,303999.999990239,383363.9115087
37740.0,53922,8142.222,16358.0,6201.03,9166.74,11970.684,8897.130000000001,22916.85,14558.94,11539.308,18225.636,3019.6319999999996,4098.071999999999,10751.994,16942.536,11670.4929488748,6081.936,5223.0,14770.416,1621.0,2962.0,40.0,49280.0,14658.0,412.8,3946580.544018363,28.0,2238954.0,29933.97629910131,11017.785419120291,1298.8367010469613,13.99999998509884,1.0,1332.6649237267818,401.135122645688,19.86762442467479,1.683351499655284,0.0141155196952633,1108.954019,2033622.4809183336,183399.27756366573,848313.8919707743,1001909.3104267212,1971168.6397065232,150399.999852607,567039.9999583283,56960.000435932285,1898879.999627228,269439.9998456399,3045051.0372405
37800.0,33642,7535.807999999999,6213.0,3095.064,4238.892,6257.412000000001,3431.484,8410.5,7704.017999999999,3666.978,12716.676,941.976,1244.754,5472.72,11608.8,7787.509084756801,2852.448,5515.0,8358.336,751.0,1209.0,38.0,64327.0,13097.0,321.8,2616309.7672708323,21.0,2630311.0,33282.734716900566,10117.814358426367,2017.9309509477,80.00000001490116,27.0,1674.0935133564365,472.3737962359799,153.12814370592494,3.811958373142923,0.1199781897456839,355.3729071,830119.3646841793,139039.2547571856,61986.02618505158,629094.0837683616,1074276.4799734985,201600.00001240752,140799.9999475746,39679.99999357053,928639.9999775623,321279.99995946296,354865.41731
37860.0,523146,93010.084,87479.0,45783.628,80999.266,118180.878,61246.327999999994,174718.892,129778.454,79539.732,166415.38,21234.012,30705.592000000004,99876.31,157654.752,103554.3896888003,55173.29,86783.0,140461.066,13970.0,29054.0,841.0,128672.0,166870.0,1038.6999999999998,38637599.630162805,325.0,27691719.0,106340.80406981996,31095.269712442587,6533.852341285192,365.1725379801064,12.000000014901161,38521.94677182386,9492.350425176648,1901.8583628763708,101.59919772017568,1.1121987290263315,4911.49955,3717741.135439975,435578.51383857074,426247.84557842615,2855914.77597856,8256779.520052576,787200.0000127868,1630720.0000039877,561919.9999055803,7107839.999981184,1866240.0000038424,1068362.432272
37900.0,363445,66077.5,69149.0,32581.679,55984.124,80213.71100000001,43033.344999999994,104860.49799999999,88398.477,50183.912000000004,127881.16900000001,13242.113000000001,17972.885,64492.063,130605.54900000001,77881.2490728339,34336.225,65130.0,92416.67,15340.0,20373.0,757.0,304601.0,139363.0,1948.2,28160964.797174398,-9728.0,25286300.0,224941.99296064393,55833.104700874916,13922.305809673902,918.3368394546343,176.00000002607706,30958.061565440996,8003.865157731666,1463.1712272371196,72.26342441082983,14.03726980222247,14346.28133,5703274.395851549,1261944.4981394787,1842308.3539400443,2599021.5437174635,9256130.559694072,1644160.0000392224,2559999.99996428,740479.9999658739,6471679.999861773,2491519.999998343,2133401.0682376
37940.0,35674,5672.166,6492.0,3139.3120000000004,7420.192000000001,8490.412,4708.968,12057.812,10559.504,5458.122000000001,14911.732,1462.634,1962.07,8408.064,14025.216,6274.7083510272005,4098.048,4215.0,11622.912,1237.0,1872.0,21.0,54439.0,12829.0,256.2,2697556.494091776,17.0,1141392.0,30926.343432292335,9120.057910247784,2827.058910143563,68.99999998509881,14.0,4784.929914959762,935.5260928266586,195.47127280998245,9.8917275393404,2.275945903865776,64.46342873,728654.3905571364,122979.566322337,478645.98638946743,127028.83784953984,988897.2799652908,174079.99998819275,570879.9999801619,172799.99998934183,360959.9999689372,194559.99999532953,239253.8223297
37950.0,34163,5978.525000000001,8004.0,3689.604,4441.1900000000005,7959.979,3757.93,9668.129,7208.393000000001,4270.375,10658.855999999998,1024.89,1366.52,5868.192,10869.492,7803.2546955246,2800.728,5245.0,7135.188,1804.0,1280.0,120.0,60401.0,12819.0,200.5,2643087.736618566,30.0,2235866.0,23538.97515652029,5052.531699904644,253.58176295948212,4.000000013969838,1.00000001862645,1410.8448050975417,329.1743790463009,8.768527757308176,0.5184296146155232,0.0333082903901331,483.8251147,,,,,,,,,,,
37980.0,6241164,1107200.033,1029030.0,485553.281,889314.703,1313983.004,734965.787,1799856.8730000001,1427444.98,843433.477,2061176.421,230721.923,325833.935,1046080.5459046073,1926852.97,1166389.7427374588,607049.061,1141311.0,1594577.259,284403.0,386233.0,21203.0,900667.0,2081996.0,5576.6,475888403.5767448,4846.0,523915576.0,1049737.0058930018,270641.05316872615,71404.00733316081,6896.812210205202,649.999999947664,1212360.2943698894,234217.2282527404,52097.55636802441,6373.783461232232,1051.2098425609481,317246.9417,21798557.059724785,1591586.7095316711,5267871.829793929,14939098.520665633,78072337.92004994,2649600.00003668,20897279.999938942,7187199.999988259,64916479.9998127,13647359.999928124,2945912.4943234
38060.0,5015678,884990.082,833627.0,420014.50600000005,601223.1,1040656.132,583855.296,1556418.6,1146629.556,715281.248,1662031.96,179261.962,275952.30600000004,738472.655,1585881.598,904470.926951306,519476.51399999997,875890.0,1285630.424,186761.0,284001.0,7529.0,138791.0,1674983.0,1073.0,403996233.47555274,3532.0,368730163.0,359862.4812573151,119509.2114678869,25582.88865814327,3658.0646161874565,213.00000002607703,143137.40799103375,46887.80555575853,6181.1707681785865,1038.1344829343047,15.503910600456926,3837435.036,21570378.530005336,2336162.196098676,3110433.893599897,16123782.44064222,78243578.23944886,3479039.9996351707,11427840.00029079,4351359.999663706,79306880.0002967,13372159.999617755,9322494.7735462
38100.0,57261,8646.411,11015.0,5153.49,9963.414,12711.942,7902.018000000001,21472.875,17464.605,10249.719,22847.139,2634.006,3779.226,12348.596,20674.12,9391.2746960216,6258.112,7864.0,21735.764,1698.0,3097.0,30.0,50611.0,17361.0,552.8,4077645.790319276,33.0,1337852.0,33951.74915047939,8967.78317761189,3126.927419542589,124.0000000307919,57.99999997258419,1949.3733774272937,402.04995749556525,93.002238794443,6.288039361541947,1.3155025075419031,169.1338651,1260117.8418051407,144099.45136455607,821610.0080031605,294408.3824519741,1867224.9600594104,264959.999983372,1667200.0000243434,156800.00005384744,647680.0000338658,166399.9999784827,519223.1458783
38180.0,20691,4164.5869999999995,3855.0,1862.4920000000002,2767.804,3588.238,1898.1779999999999,5271.415,4322.628000000001,2188.154,7193.866,567.654,818.945,3459.305,6204.713,4762.3990647847,1591.1350000000002,3801.0,5666.93,409.0,829.0,43.0,147028.0,8624.0,729.8,1634538.067268766,-9988.0,1615879.0,36834.66143201082,10021.090907427128,451.93086228764224,54.1940428167582,10.0,1354.5934700583098,263.60200348742035,10.600897115687188,0.8811803622219596,0.005081303040978,874.8593326,1289799.7049950152,124087.7817877042,1068163.0279583049,97548.89415177167,990600.320032638,179200.00008239245,606719.9994728392,170239.99963476008,314240.00011234876,206079.9998582486,1398983.0736039
38210.0,91264,11155.516,18062.0,8852.608,21048.612,26998.867999999995,14272.162,39835.326,29670.044,19320.628,37216.009999999995,5167.07,6592.316,27217.299,37703.229,12663.6786414882,12116.817,11662.0,34890.846,2605.0,5608.0,1038.0,74004.0,25338.0,471.3,6563705.564319752,89.0,3673015.0,73901.74341357558,21697.95091159703,2542.566452380042,234.98709909559693,32.98709905461874,3319.5171671835565,1000.2569931767475,128.6413517328559,8.606204570530705,1.0453311427273264,2022.068786,,,,,,,,,,,
38220.0,71713,9983.041000000001,13889.0,5342.544000000001,15980.021999999999,18053.636000000002,12398.882000000001,31181.625,25558.143,15575.101999999999,31129.505000000005,4367.026,5979.090000000001,17592.203,30226.728000000003,9819.362910358399,10590.851,9037.0,27097.236999999997,2399.0,7977.0,157.0,98285.0,24460.0,1428.3,5331633.2031439,-9941.0,3785990.0,81543.58455475995,22221.88143724284,4533.0605332393,550.4939279095915,113.000000208689,8668.7853234479,1735.0044441441985,310.38820403057946,41.45389863930996,9.245549900475927,847.9791439,2347989.4274647357,341195.7707280956,1400372.2879201088,606421.3688115013,3185477.11992248,481919.99998699856,1717120.000074862,344960.0000136529,1434239.9999274637,738559.999902028,1298769.5142134
38240.0,105531,17096.022,25155.0,10658.631,13191.375,22900.227,12769.250999999998,32292.486,21000.669,14774.34,33875.451,3693.585,4959.957,17776.543999999998,32039.12,19485.6100647536,9818.44,16765.0,24494.424,2938.0,4588.0,243.0,69413.0,34804.0,413.4,8172151.179133529,74.0,5002040.0,35984.85864081917,12587.465421091276,1196.7100493905452,22.0,2.0,4015.5743087285455,1406.6063094760689,146.53990019599397,1.645035333654544,0.0905343812781631,588.7465657,1350941.0927381848,204824.87018400445,108249.9785220489,1037866.2441174702,2229368.960035607,467199.99998242175,439680.00002605654,119040.00000664934,2227199.9999748934,331519.9999911162,446503.2489436
38260.0,39078,7034.04,6243.0,3048.084,6213.402000000001,8558.082,4415.814,12778.506,9417.798,5627.232000000001,15904.746,1484.964,1953.9,7436.16,14794.86,6784.493779917,4066.65,6078.0,11890.11,1046.0,2277.0,87.0,46714.0,15984.0,574.5,2882509.18684839,25.0,2014899.0,41841.95265408793,9783.169018044462,1456.8586060082275,288.9999999860302,75.99999997206032,5397.622450231665,896.8583854888349,136.2594730118133,17.465125115300555,2.3130351992632185,547.5305029,1039508.9763429356,119686.1921274778,622001.965761699,297820.81842135673,1908389.1199882056,223360.000021688,615679.9999216537,246399.99998053987,1031679.9999880134,563199.9999948698,377444.8879638
38300.0,2434021,455905.79600000003,504477.0,234002.577,366877.912,568212.71,270396.42000000004,740172.612,548140.3330000001,333275.152,804717.116,80236.194,109661.335,462719.599,763071.8119999999,527188.3939901646,200410.81900000002,450339.0,599558.639,113291.0,105936.0,6775.0,469350.0,883346.0,2601.1,185500961.18905127,1910.0,187358108.0,947713.3349373025,236735.5009826189,60179.18995246501,4484.379704793882,661.9995136314333,374219.3089789946,74242.99423201809,19426.565909894063,1804.9540651592663,254.96873398204082,264164.2449,17117747.748281512,1164750.554870742,5611320.155905416,10341677.037574442,49462533.75975509,1716480.0000339015,17279999.999836728,3421439.9999910994,37521279.99976736,9488639.999902966,3381021.3756494
38340.0,127859,23270.338,30743.0,13169.477000000004,16110.234,29535.429000000004,13936.631,40659.162,32476.186,18923.132,36567.674000000006,4730.783,6776.527,22173.638,32139.318,28510.506719914003,10214.822,17919.0,34630.738000000005,5629.0,5660.0,1179.0,65458.0,47089.0,216.1,9718708.930458032,105.0,8373381.0,67665.81903528351,15984.393545971048,2787.050894794963,136.3763072863221,27.999999998137355,12663.599323094144,2201.2096525678894,162.65786153462446,19.21040820006914,3.93446443613168,42046.72078,1450577.80743667,49217.079125856144,364053.2315642799,1037307.4967542416,2645387.519962529,31359.99998613266,1011199.9999978404,110720.0000302932,2351359.999965549,291840.0000154926,593188.4131897
38380.0,37062,6264.312,5688.0,2397.726,6835.112999999999,8508.555,6113.562000000001,15395.184000000001,13330.182,7219.352999999999,15487.515,2244.243,3588.945,6553.83,14986.14,6931.9118578928,5494.917999999999,4668.0,13444.706,954.0,3235.0,43.0,90845.0,13576.0,674.1,2864670.04677937,27.0,2246305.0,44317.17099839245,9451.711834877662,3023.0128249832046,156.00000001490116,32.99999999254942,3968.178639568099,874.8998654270291,192.5223009698799,8.334783129568848,0.9785276069813592,540.2163843,1419641.0555547508,283017.1880259247,743030.5528871858,393593.3147595257,1388291.2000502804,414079.9999473593,508160.0001726959,275199.9999868485,525439.999911449,423679.9998681448,642981.2394735999
38420.0,51276,10870.512,9230.0,4307.184,8819.472,12254.964,5640.36,17485.116,12767.724,7793.951999999999,19792.536,2051.04,2717.628,9591.948,17398.161,13353.3717901731,4234.743,7653.0,12551.166,1436.0,1914.0,67.0,55779.0,19629.0,268.3,4024288.874933937,19.0,2652193.0,64445.895521853105,16438.79721766504,3222.864544217548,357.0,90.0,1592.995771468894,371.8621330401142,83.0925985101838,4.801838772351525,1.4323005567377547,441.7769829,1514856.0751621288,287038.2730701122,990906.20113634,236911.6010575687,1584094.0800628078,426879.999945772,856960.0001057142,110080.00004449308,705279.9999989275,431999.9999559781,733986.3786839
38460.0,78753,14254.293,14532.0,6772.758,13781.775,19924.509,8977.842,24492.183000000005,22444.605,10946.667,32367.483000000004,2992.6139999999996,4095.156,15955.6,28560.524,16366.010589401802,7578.91,10758.0,22018.728000000003,2824.0,2595.0,243.0,59741.0,28372.0,338.0,6306959.584312945,55.0,4457637.0,48485.48360357389,15457.776205847884,3405.9519099737495,133.00000003632155,21.99999999534339,4912.34812640937,1046.578267629098,341.99133623376076,15.877766602898337,5.599334017072982,740.2784894,1168714.195820271,346998.35323687794,140395.4758740925,681320.3668228742,1258556.8000285402,492160.00007545814,415360.00002905534,52479.99999675191,1175039.9999444352,145280.00006457375,664150.2324124
38500.0,46332,7135.128000000001,8762.0,4216.212,8339.76,10795.356000000002,6069.491999999999,15104.232,13250.952,6903.468000000001,16447.86,1714.284,2409.264,10097.652,17244.392,8178.3771430364,5164.0960000000005,5293.0,15768.936000000002,1456.0,1628.0,53.0,57657.0,16644.0,205.4,3596201.669206644,38.0,2093247.0,71837.19329624764,19164.89433962667,4033.035830439465,423.999999946449,78.0,5936.373938395877,1320.4030680626215,249.38328041260243,26.752368996674623,3.364759036237284,226.4670764,840585.2721972128,143696.7707627304,568468.7394246465,128419.7619701208,1132746.2399586171,214399.9999892067,682240.000004411,166399.99998575405,436479.9999574221,220159.9999840773,283910.4820531
38540.0,89517,13875.135,13447.0,6982.326,12174.312,22826.835,9041.217,31062.399000000005,20141.325,11995.278,32584.188,3222.612,4744.401,15627.919999999998,31522.225,16788.025112208,8790.705,15633.0,23797.06,2065.0,4359.0,378.0,54538.0,27868.0,365.6,6832105.996490915,63.0,3758841.0,51755.52469715349,15670.854202724557,4593.452850303503,229.5646166222286,35.000000005587935,9658.666865101492,2274.740000633315,471.00005775660895,23.913866061782286,3.593806318556208,413.6609789,1947070.547857175,246746.4704514139,104910.69896952112,1595413.378072504,2163946.2398552313,220159.999959658,284799.99969375797,107520.00004575482,1953920.0001855048,563200.0001473868,1610407.9518715
38620.0,43668,5938.847999999999,8599.0,3842.784,7379.892,11790.36,6113.52,18209.556,13624.416,8384.256,18951.912,2008.728,2838.42,9477.006,15535.366,6278.5211009906,4803.414,5518.0,16011.38,1220.0,3222.0,100.0,50256.0,14977.0,509.9,3161652.379007122,35.0,2245329.0,45793.96360185286,11794.605547350937,3148.301413502104,268.28518067954826,39.00000007409838,4817.749096019218,672.8068658696866,145.8969703129494,17.031984750443847,4.400451708570678,353.6906883,1386366.4832500324,147195.8131840371,844199.4953739389,394971.1746393693,1915795.8398492225,154879.9999820169,634879.9999169208,389119.9998911099,832639.9999438449,547840.000088925,588528.051559
38700.0,35521,6571.385,7028.0,3374.495,6038.57,7743.578,4333.562,10691.821000000002,8951.292,5150.545,13391.417,1349.798,1776.05,7401.526,13067.766,8091.946702093001,3612.228,4658.0,10553.372,1069.0,2012.0,53.0,66274.0,12749.0,176.7,2693564.16742034,18.0,2626056.0,60946.63938130176,16612.441378404284,3845.69418409066,409.11519346479326,118.99999995529652,3273.132785571954,777.425802313535,160.04029741992048,28.47685263672572,3.680237795979788,216.371029,1531175.536993587,320347.8665791414,1030681.1277013771,180146.54275446743,1313176.9600726648,353279.9999546951,471039.9999721164,318079.9999864137,499839.999851314,347519.9999797445,667907.3160143
38740.0,42179,7043.892999999999,8282.0,3880.468,9490.275,10418.213,5736.344,16618.525999999998,13581.638,8393.621,17335.569000000003,2404.2030000000004,2994.709,11219.348,16913.378,6987.6425165454,4766.1140000000005,5632.0,16365.064,1151.0,3266.0,130.0,42099.0,13288.0,590.9,3068412.690668908,34.0,1845568.0,41802.27445997479,12688.373339601094,2749.0400792112096,192.00000012718377,29.000000089406953,2403.03462451794,687.4663948724127,145.8952509642645,9.077031557051528,1.7869878269018753,141.0700301,1752086.390731066,220903.93692442816,1221836.8124063688,309345.64163449453,2167014.400173693,450560.0001418313,1795200.0001761275,211840.00001482453,688000.0000319936,298879.999969993,847470.5217796
38820.0,77805,11359.53,24362.0,9803.43,8636.355,20618.325,9258.795,26531.505,15483.195,12837.825,26064.675,3112.2000000000003,4123.665,12959.122,22249.095,14973.153063090202,6869.896,9497.0,16550.203999999998,2977.0,3514.0,297.0,54712.0,21965.0,239.2,6143220.247623482,38.0,3415007.0,123857.56950589654,22360.655579367496,4573.050790086683,1224.0,340.0,3270.2009660093117,825.1588938574231,52.19859953317748,3.391840093197267,0.942177803665907,12526.71537,1813138.2264454556,56843.00033480041,118956.85265399954,1637338.3733532762,2018479.3601080468,107520.00013074584,331520.0000116427,62720.00014717576,1986560.000273095,409599.99996639055,1112732.9934733
38860.0,561576,98579.734,112261.0,53616.99800000001,71811.788,137761.35,54085.756,164338.837,115703.247,71037.589,166763.832,17430.316,24730.804,83349.109,152098.271,137835.3581683305,39108.974,101011.0,138403.978,15355.0,19183.0,3253.0,211853.0,219981.0,800.1,43342324.717406176,458.0,44050826.0,183737.30004522082,61882.24904628055,10553.056363416832,618.0000002725756,51.000000161118805,44057.95293431607,12572.306677415076,2213.265031104582,130.44536623556144,15.828257724961256,8747.842498,5200491.416444239,275174.5045517114,1574489.9541576114,3350826.9576295726,12487610.879903166,370559.9999743958,6029439.999833424,566399.9999938846,10403199.999915134,960639.999969092,1331805.8506378
38900.0,2509489,470369.026,397802.0,200075.423,289932.863,635262.71,235416.303,657011.3200000001,430731.33,269952.426,765337.63,71574.85,104328.26299999999,349903.117,721025.0700000001,539010.5057195423,200897.34699999998,555674.0,524872.107,102697.0,97145.0,14916.0,529350.0,858237.0,2615.5,202098278.84180608,1708.0,205427881.0,566518.4073070702,147852.79936907435,27161.194048845005,3637.6941718729163,251.00000005267714,448861.9033787252,111432.41673766356,19548.347055367907,2467.498602040655,170.79120513258692,2421076.865,14396974.991512228,1121547.8200752106,2823239.582797755,10452187.587859103,39176984.31986769,1807999.9999949792,8386560.000058244,2241920.0003981683,33286399.99954671,9139200.000175623,4279482.697033
38920.0,19706,3310.608,3975.0,1556.774,2620.898,4020.024,2995.3120000000004,6660.628,5616.21,3152.96,7133.572000000001,807.9459999999999,1280.89,3717.177,8337.397,3704.6236816514,2961.1409999999996,2532.0,7539.359,699.0,1267.0,5.0,58470.0,8476.0,427.4,1631554.8114307642,12.0,4242502.0,12610.24617114962,2664.8186289742753,508.9277876364654,31.00000005279436,12.000000008090868,978.3311756513856,182.052371286473,32.94092354354666,0.8604166485403959,0.1383649753876321,1022.33702,612038.5316816841,89055.60924924214,367586.6911399533,155396.23120635605,1024966.4000423896,158080.0000324712,581760.0000906982,94080.00002683006,397440.0000000432,277759.9999357414,324369.9009848
38940.0,520710,81149.592,137074.0,58528.002,74079.58799999999,102047.376,74310.978,181982.088,140105.352,91228.326,165249.65399999998,23177.322,34181.615999999995,88585.626,145438.886,103389.5511158012,53189.212,59548.0,138266.91,15687.0,23313.0,942.0,131759.0,160591.0,638.7,40242557.172374666,285.0,24921556.0,160355.15878150763,49451.36117086859,13315.974544220737,1240.772996566372,50.99999992549419,51713.44977958339,14897.757230292493,3758.1074120961866,304.1779493619206,10.868034993368347,34225.04128,2507917.086134369,385219.9558976371,325988.3932650742,1796708.7370609778,6952357.759967009,379519.9999929935,1100159.9999295743,359040.0000435953,6693119.999900641,1395199.9999739446,713885.4615878
39020.0,72194,11623.234000000002,14127.0,6786.236,16243.65,19708.962,10901.294,28444.436,22668.916,14222.218,31260.001999999997,3826.282,4909.192,21783.671,29144.024,12550.7935218848,9144.681,8682.0,26244.491,2546.0,3743.0,471.0,44297.0,23647.0,341.2,5259878.47891424,58.0,3503634.0,42086.14677823557,11218.38199184644,1898.4177921661112,255.9999998932472,54.0,9684.180285004595,2251.497542756775,251.85231972638113,22.414940916536565,6.180594055832792,159.3453355,946650.4325006112,223770.5599982533,512728.8987938936,210150.97372272867,1276212.4800059958,339199.999977203,689280.0000109972,89599.99995888054,748160.0000268695,227839.99998752217,390538.7167483
39040.0,33589,4332.981000000001,12787.0,4870.405,3291.722,7893.415,4097.858,9908.755,5642.952000000001,4971.1720000000005,8665.962000000001,1209.2040000000002,1545.094,4708.799999999999,8959.800000000001,6196.225897349999,2616.0,3749.0,5330.1,1231.0,1028.0,141.0,66386.0,8012.0,198.6,2644810.7719374,18.0,1539267.0,16389.21580630459,6036.15873712897,161.94920992193508,0.0,0.0,1128.841289280046,262.31733447544053,3.203831648583763,0.0,0.0,905059.7879,,,,,,,,,,,
39060.0,143104,25901.824000000004,29798.0,13451.776000000002,28477.695999999996,36062.208,17888.0,52805.376,39210.496,24184.575999999997,55810.56,6153.472,8443.136,33348.032999999996,48263.187000000005,27959.1806414283,13085.937,17965.0,41368.446,6107.0,7940.0,133.0,52307.0,51072.0,254.7,10552843.237164054,66.0,5984173.0,69663.63707529016,22455.639822193323,6731.916861775506,270.84840582916524,28.000000033644,10108.168782614444,2328.272800947724,332.282132800073,33.41445536815618,2.3875535160875327,53567.34043,1574045.7527944434,141008.18673209345,941857.2856110808,491180.280398569,3728097.280064459,205439.99999224723,1928319.9999294153,509440.0000169558,1563519.9999795358,889599.9999522066,498313.1952088
39150.0,246191,36190.077,80939.0,31266.257,35451.504,51700.11,33974.358,89859.715,62040.132000000005,45545.335,66717.76100000001,11078.595,16002.415,41318.872,66782.82800000001,43984.03502210619,20178.984,25175.0,58615.144,8007.0,8126.0,489.0,58860.0,67120.0,238.6,18830687.548313033,140.0,9896269.0,200212.4412508848,61501.12984907226,17853.772137328335,939.8353707439964,116.0,12350.311727455828,3297.943654911023,559.7286494853895,22.67687133699271,0.7031075753775551,1261368.47,5265823.411848685,521195.9374228681,2646746.366294095,2097881.1083698794,7105181.43996003,371840.000051618,2765440.000234905,450559.99997357535,5898880.000230383,875519.9993236621,5198669.5567056
39220.0,20571,2283.3810000000003,3829.0,1892.532,2735.943,5513.028,2653.659,7076.424,4937.04,3147.363,7179.279,946.266,1234.26,2657.28,7099.920000000001,2575.743686244,2055.24,3466.0,5314.56,445.0,1168.0,46.0,51902.0,6687.0,205.2,1569763.32061848,17.0,1151406.0,29912.608449674797,9377.689043978971,1761.4299151066834,93.00000011548396,20.000000059604652,1642.7033643242792,501.67144091882653,80.53664039527786,4.927746322833948,1.2994649616620044,6878.597067,1304720.8083433346,49663.586830090346,31629.95596492734,1223427.26623932,1079052.1600570218,83839.99991232342,126080.00002464328,23039.99984343897,1190400.000327641,177920.00024606977,946656.832857
39300.0,1673802,309020.792,292602.0,145056.454,220415.985,386318.506,186072.154,489522.063,397849.793,218577.648,525920.451,58779.023,83664.75200000001,271486.352,504280.135,336743.7559405348,148961.389,273648.0,451761.882,80912.0,89347.0,7731.0,481897.0,640836.0,2261.8,128254374.40478095,1257.0,105371936.0,282565.20751748624,84219.73610318683,21840.98811239521,1328.3822114176548,63.0283841052733,208849.28398608207,50159.9587378889,12096.900223916095,741.508899796028,61.76222413066057,66760.55537,6861305.850307483,505793.69749553263,955669.5637560613,5399842.588985537,26017228.160070702,675200.0000142183,5047040.000011234,1199360.0000569662,24877439.99985477,4858240.000083133,1015662.9769112
39340.0,715001,76204.817,53641.0,42398.698,38435.434,178047.816,48256.943,155984.63900000002,89414.14399999999,49913.151000000005,205871.338,14425.69,21588.267,43858.329,196919.798,45231.118826365804,56467.361000000004,136844.0,123270.341,11946.0,21699.0,2027.0,151890.0,209706.0,322.1,53176584.278353825,465.0,41336745.0,174595.37380152178,54669.80201022091,13342.676231113426,2394.465346808064,96.00000002188605,79175.5770534195,25298.692935794796,5645.312937202721,1893.0059526124428,40.67347820960544,3638.097149,4691106.702213301,362630.48554066446,362543.616585883,3965932.602510156,9101183.361092186,326400.00029724254,1222400.0008006033,421120.0004551139,8887680.000478689,1936640.0003818595,3453202.454287
39380.0,169544,29500.655999999995,32929.0,14072.152000000002,23736.16,37638.768,19836.647999999997,52219.552,39673.295999999995,23566.616,52897.728,7120.848000000001,10681.272,30398.317,51965.838,28727.723145905,16642.654000000002,25568.0,40757.52,6318.0,11906.0,944.0,50885.0,56295.0,690.5,12756387.06957894,104.0,7754246.0,192168.03253367083,40431.44375612226,10196.942387413234,1958.0096167423071,545.0000000959262,29226.16619846872,3553.7833365626852,604.731648427604,32.78286914066069,7.550454731299856,14347.46625,2793917.4449527906,210324.9627300476,302249.58579382696,2281342.896254625,4790663.040124452,222719.99993592588,600959.9999496428,283520.0003221043,4028159.999855322,1419519.9997674706,1527069.3136462
39420.0,47619,9666.657,5542.0,2761.902,5380.947000000001,14142.843,3857.139,14285.7,8714.277,4857.138,12714.273,1619.046,2333.331,7127.999999999999,14503.5,9018.05042655,4851.0,10138.0,10048.5,1301.0,1101.0,83.0,52066.0,13737.0,880.2,3988502.4383325,26.0,3575294.0,45145.77984125661,11774.194883852057,789.6801486051411,145.9999999939464,25.0,3723.305262254355,1016.3711432808204,22.45602526129601,2.6468756281221415,0.1800718763013207,3441.169772,1802968.63628438,175791.6811044618,240619.16591788645,1386557.7890602455,1587143.6801120676,174719.999973563,313599.99984677165,30719.99979799546,1437439.9998492342,388480.00024094543,1381897.1384184
39460.0,202661,27967.218000000004,80251.0,29993.828000000005,28169.879,40532.2,31007.133,71741.99399999999,54718.47,38910.912,67283.452,9119.745,12767.643,37384.512,57245.034,45813.8566136746,18886.967,15848.0,48677.75,5214.0,5989.0,220.0,58368.0,49777.0,158.8,15740649.66833802,78.0,7792528.0,49464.24916563105,14306.013940707851,3749.677486830516,279.5276814029203,4.0,10707.72794605527,3042.6557617090457,815.3713651732671,42.209220925936094,0.4205957638712679,4838.062252,1869977.5444134916,175833.66704507417,168045.04316621134,1526098.8340644592,6185113.600057389,289920.00009621494,760960.0000272775,357120.00002932054,6099839.999942553,1251839.999990665,435898.8699784
39500.0,74616,13640.324999999999,15519.0,7278.183000000001,12382.788,16701.492,8848.764,22960.389,17988.012000000002,10866.173999999999,28772.103,2824.65,3694.8810000000003,14841.786,25461.386,16256.1953756241,6935.112999999999,11497.0,20139.555,2215.0,3107.0,192.0,100144.0,30407.0,707.2,5789013.315037085,37.0,4586290.0,57069.422018044774,16174.730101205205,2932.6587951773167,217.0000000596047,40.0,5030.8766775830845,903.4395176361393,116.97209402631026,11.486796876788034,0.8484654559892137,622.2626164,1955161.245502375,377213.8692326022,461017.829619674,1116929.546503103,2553385.5999925523,517119.99999480665,588159.9999629174,124159.99985425484,1968640.000025946,723839.9999887962,870497.9918894001
39540.0,195846,41519.352,34187.0,16646.91,34664.742,44065.35,23501.52,63845.79600000001,48961.5,28789.361999999997,77750.86200000001,7637.994000000001,10183.992,33482.142,72250.938,49563.444082836206,17034.773999999998,30194.0,47971.49,7051.0,13831.0,306.0,66562.0,78150.0,622.5,15166539.077980325,138.0,10124619.0,59942.18799693968,17098.316411362674,2895.1866431182134,953.1687955575974,38.99999997019768,20646.929706600415,4740.210634377292,389.7098827350935,70.88487549875843,4.117620344536164,2707.965133,1038883.8388469588,176827.03883580986,250350.5703027529,611706.229713594,2860852.4799502715,268800.0000054708,509439.9999788981,176639.99998738483,2207999.999949161,871679.9999847342,212852.7465357
39580.0,1484338,269739.158,184165.0,104103.82400000001,162911.37,310942.924,146423.75699999998,391727.219,261968.91700000002,153217.57,418102.159,42120.9,60860.90700000001,199420.15500000003,421174.75899999996,284207.6490769238,131474.447,309641.0,311762.83400000003,45959.0,68251.0,4100.0,207513.0,537064.0,1508.4,114803907.91033828,1124.0,121565813.0,319256.2672373225,113596.71139637807,21723.509095184112,1585.7024881116351,50.99999993899838,128706.45886918166,42886.649257889454,7520.313037014395,667.3678325455398,26.133868767514358,43589.79804,7203859.252936135,1002736.1923656756,699806.0030269177,5501317.057651601,21162291.8400816,1911040.000044441,3431040.0001448626,947840.000009576,21684479.999896057,3462400.000015495,1355394.2432364
39660.0,154165,29308.409,30138.0,13511.033,23848.593999999997,29920.871,15019.654999999999,43076.418000000005,34510.196,19041.010000000002,53109.062,5071.753999999999,7027.189,28164.33,45538.104,33554.5446733342,12414.903,25638.0,45726.519,3946.0,8254.0,427.0,187274.0,59980.0,1149.4,12059553.474487327,97.0,8987170.0,156051.72709586512,47139.99836546153,15013.78583806115,502.99660557205783,58.99999994784594,12467.817365044115,3640.6195130615106,1061.3481791727952,14.77015126935959,2.2123093915235827,8174.957238,3724826.566893644,450547.921800627,2314429.3033179245,959849.340541605,3978647.680273488,371200.000668452,1996159.99883734,323840.0001422311,2426879.999593148,704640.0005904102,3998440.1617832
39700.0,20143,3263.1659999999997,3067.0,987.0070000000002,3363.881,4169.601,3927.885,8963.635,8016.913999999999,4371.031,9547.782,1591.2970000000005,2618.59,4168.717000000001,9628.255,3372.8811339587,4147.5560000000005,2179.0,9585.933,790.0,2031.0,6.0,40190.0,6996.0,383.9,1601788.5512560331,10.0,709101.0,13059.599889988323,2876.0899748245647,1177.7325717515398,25.00000002980232,6.00000002980232,881.0457531786657,95.48044676543776,27.137700775238333,2.313835041828608,0.6813633767371867,37.82068354,585353.1099403787,102462.14243347602,384587.502592504,98303.46491842922,581262.0798258994,142080.00003148397,188799.9999202892,125439.99998187348,237439.99991848413,171519.9999677734,377977.0417573
39740.0,430449,79202.616,75685.0,36588.165,63706.452000000005,96420.576,49501.635,135591.435,107181.801,60693.308999999994,149796.252,15926.613,24105.144,81256.281,144829.848,78587.1263910621,40838.649,58712.0,119147.811,20043.0,25447.0,662.0,70057.0,159285.0,535.9,33249445.62290016,269.0,24128186.0,129477.74380473298,37741.98724223789,10643.137759864872,950.9691229242889,91.99999998463318,59008.56875261942,12244.048224918924,3183.867735245622,288.39062121535636,42.17523748764039,55285.82248,2642130.3217523303,196960.806073879,951007.0401141436,1494162.4755771349,6696890.239989676,235519.9999952594,2850560.000028286,705919.9999840112,4620159.999990203,1008000.0000057424,548088.1667342
39780.0,65245,11222.14,13076.0,6263.52,10112.975,15593.555,7959.89,23161.975,16572.23,10634.935,20813.155,3001.27,4240.925,10706.004,22637.394,12606.7307173632,7158.834,8994.0,18380.789999999997,2262.0,3629.0,114.0,61571.0,19685.0,325.7,4916456.493130782,33.0,2518984.0,63366.09393322075,21810.4032237878,7687.808765447657,476.5853540343596,33.999999940395355,5006.498061722266,1601.1824469978994,692.0509070533344,51.80827037169977,2.685183931072577,2130160.322,3156617.7877196344,261116.3596788061,2178227.0966201285,717274.331120898,2235347.8398617283,339840.00015020533,1856639.9999228043,204799.9997856386,826879.9996937946,240639.99984126605,1887406.3237553
39820.0,180930,33652.98,38146.0,18273.93,24425.55,44689.71,21168.81,57173.880000000005,37633.44,26958.57,52107.84,7056.27,9408.36,28823.347,49769.506,37275.8325177333,15933.402999999998,29328.0,39385.94,6343.0,8553.0,784.0,59108.0,58506.0,372.1,13567784.182437904,128.0,10094160.0,123983.0064963739,40337.71136298833,10097.206196002831,661.9807792291589,59.99999998509884,20916.08878038642,6010.989010553061,2402.98986570282,157.03756421165158,4.107278768895951,44298.66194,5565529.802208129,328084.364200346,2644080.620266408,2593364.817551062,5349827.840006953,583680.0000036631,3453439.9994274117,427520.0000538878,3150079.9998368504,517760.0001036192,2416244.491336
39860.0,48013,9746.639,9631.0,4705.274,6577.781,11619.146,4993.352,12771.458,9266.509,5329.442999999999,17476.732,1488.4030000000002,1872.507,8568.83,15423.894,11641.935714481,3612.804,7625.0,9541.508,1560.0,1754.0,49.0,73474.0,19289.0,282.7,3658076.938499182,30.0,3722749.0,43072.019475015215,9124.75296179978,2490.437177294611,145.0,25.0,2554.526076388254,466.37171017585183,118.51126578248515,8.337202526023782,1.325062992107608,1239.38475,1206567.9466488592,221858.8382313221,703320.2644660441,281388.84388073464,1338071.6799702554,356480.0000492484,681599.999968409,136319.99998491912,733439.9999349006,257919.99998034252,484281.8441109
39900.0,562500,112530.15,96418.0,46410.905,86049.34,118440.3,61678.909999999996,184582.855,123418.65,76259.215,170503.99,20048.670000000002,30222.745,87124.247,166406.065,111961.341173477,47080.874,89778.0,117621.269,21873.0,26983.0,1750.0,211665.0,194288.0,1096.8000000000002,42081370.52140289,-9592.0,42336582.0,185421.74973365967,54991.42102030681,14344.932230049366,1480.9999995488613,77.9999999850988,86589.9215967369,19127.18883941826,4545.690602049323,511.44447994240363,1.3454144750971204,26858.31301,3491045.1060145083,330718.07238364854,963598.7168558002,2196728.316849316,7436209.281080199,320640.00024014484,2019840.0009783932,486399.9985276032,6447999.999761743,1301759.99884291,4211191.9388842
39940.0,68954,10963.686000000002,5414.0,3209.2,8168.272,19637.85,4355.334,23580.396,16340.225999999999,6534.841999999999,20653.626,2139.446,3847.446,8858.547999999999,18877.084000000003,7351.987288591199,5689.362,9670.0,13797.078000000001,894.0,980.0,76.0,112385.0,16559.0,159.0,4254324.422979396,49.0,2355933.0,33293.55884056149,10521.350294637676,1677.0926585517454,40.719424072653055,10.000000022584574,4473.877433546959,880.7367571698243,275.8939302818666,12.242498411543469,1.4324930328162144,94.90054789,1955896.6797400815,109392.28049810398,64982.08571972756,1781522.3136162378,1863338.8796933205,135679.99995138482,203520.00045047293,55039.999825809646,1973119.999759003,356480.0003697355,1493232.5729179
39960.0,46843,9321.757,10354.0,4777.986,8244.368,11148.634000000002,5855.375,16067.149,12038.650999999998,8103.839000000001,18502.985,2061.092,2670.0510000000004,8161.29,15826.589999999998,10868.458569579,3742.47,5976.0,11362.68,1460.0,2331.0,39.0,54963.0,17162.0,236.5,3538940.91499134,23.0,2661797.0,31646.20980200603,9298.24767110345,2113.033705196834,60.99999995876897,13.999999972060325,1377.2960215988433,371.5703025346934,97.69726911458004,3.058424443562401,0.4635376103087906,266.9680814,,,,,,,,,,,
39980.0,66273,10073.496,12910.0,6097.116,14712.606,16369.431,9410.766,24521.01,21803.817,11664.048,25912.743,3114.8310000000006,4108.926,16312.944,24600.972,11048.3730644808,7367.136,8563.0,21509.406,2038.0,3873.0,320.0,49798.0,24200.0,441.7,4797967.287692405,44.0,3443339.0,46526.63830760928,13598.22736713295,2845.9518075035357,499.9518076050458,34.00000002980232,7449.763580648976,1528.3287158793603,230.8119661283503,43.194167561898944,3.9310060291817583,510.380114,855376.7586601578,94437.50188272524,444537.6321395432,316401.6246406047,1806456.3199851408,181119.99998737907,706559.9999538219,168959.99998227623,1062399.999999654,457600.0000091557,257117.2516342
40060.0,1035137,181552.32,169970.0,85889.28199999999,133936.213,230214.492,132896.158,297259.237,219402.64,135320.498,385175.011,33471.629,48261.965,154461.408,334413.751,183179.9015852658,99148.81,181773.0,258013.786,30697.0,51746.0,2113.0,1028601.0,399040.0,5590.0,78821660.95028047,-19281.0,72325264.0,442816.8365977202,137020.8225184522,29791.989618585903,3608.100694838803,253.42653354803048,101114.23579425986,29125.876116774914,6679.998300533234,595.5319031916908,43.52786937058743,12123.10408,9337210.673996205,1539117.093181695,1577586.8216687825,6220506.758931161,20488266.23998856,2421120.0000847736,5251840.0000207815,1380479.9999511929,17626879.99985489,3847679.9999419153,2792457.8140815
40080.0,125473,18428.306,19658.0,10097.338000000002,23256.783999999996,34411.012,15737.079,46368.766,33410.65,20719.236,45505.170999999995,5239.563,7340.187,30299.041,48932.698,19478.087272306802,14638.942,18984.0,42098.259000000005,3608.0,6259.0,166.0,137260.0,42103.0,994.9,9379217.957151977,84.0,4382947.0,60454.12227935195,23179.859133619295,5302.67727808598,967.8683655801021,45.000000078929574,9266.086343659954,3415.1558358437123,721.9522836961706,98.99222394943212,2.5739587417813317,340.5186311,1212634.839665861,146401.23982024883,818851.2968049827,247382.30312579055,2050992.639896779,303360.000003723,1494399.999958268,113280.0000517642,1083519.9999702026,218239.9999949298,441876.307373
40090.0,79147,16485.862,12415.0,6736.784000000001,9342.877,18200.931,6496.464,19666.916,13883.952000000001,7780.869000000001,20311.734999999997,2222.5260000000003,3387.622,10721.41,18299.262,14667.0881320912,5625.668,13807.0,14305.634,3332.0,3346.0,222.0,173592.0,27279.0,570.7,6519734.38061553,75.0,8370578.0,18277.14250449612,3970.8808537097393,556.8799442614546,45.0,2.0,1068.2912573765825,292.29874838933233,41.060087176437094,3.5824780926508604,0.15922124856226,2298656.499,,,,,,,,,,,
40100.0,65728,10319.296,7424.0,3023.488,11633.855999999998,15248.896,13474.24,30760.704,28460.224,15511.808,30760.704,5849.792,9596.288,13367.328,29947.956,8877.5045244288,13495.86,7138.0,30654.882,4559.0,8422.0,12.0,35716.0,15932.0,266.1,4884326.215418808,37.0,1641354.0,16330.332748543757,4423.166023129557,1006.798030284968,15.0,5.0,2209.4679890043676,739.5759142553334,135.03498157956108,3.192395210566544,0.979198618954832,400.635521,945147.8833227226,113587.77273899608,384757.0724372607,446803.0380827931,1379923.839906108,234239.99987295913,439040.0001343739,53759.99983774555,1092479.9999640426,304639.99994093174,782817.5537545
40140.0,4667558,857197.508,645493.0,291350.318,558145.238,965015.21,553757.926,1468319.0480000002,1190971.404,644123.004,1603678.23,185861.582,294568.33400000003,600120.656,1560386.7310000001,842802.1800359867,536812.645,723399.0,1300165.424,201293.0,281952.0,11703.0,142393.0,1518096.0,1128.1,368970151.5617272,3426.0,241879045.0,1251966.851534823,381136.2780211072,137014.34127573625,27449.306608461033,762.4518641402776,676613.076291003,174181.5060163603,66184.00719560921,21509.966824586234,217.9325910641785,1878215.292,30237245.37927599,3353911.0209073443,2389294.461980655,24494039.8908826,68757250.56068733,5471999.997526294,9861760.00152678,4530559.998785306,64769919.99769205,14447359.99965698,17456821.5427239
40180.0,39472,6473.407999999999,7767.0,3670.8960000000006,7065.487999999999,8249.648,4776.112,13420.48,9591.696,5881.328,14880.944,1578.88,2210.432,7784.766,10930.126,7367.7635404411,3302.628,5912.0,10419.005,1206.0,2902.0,95.0,52010.0,12327.0,662.2,2871235.11898038,22.0,2011960.0,48002.95382731939,11584.285496131795,508.0000002727611,72.0,13.0,1061.088482844276,175.5096645137132,7.545481413458717,0.0236996565114363,0.0040931592088868,100.0979719,4343232.890682197,331932.8823920163,3364832.237615386,646467.7707966462,2443203.8397963606,375679.9995374804,1951999.9994761867,200960.0001045525,939520.0001697488,313599.99886722706,5877369.5787694
40220.0,216493,36903.024,49173.0,22575.476,30533.667,51239.682,28644.882,67905.19,48718.505000000005,32044.029000000002,74598.8,7662.707,10431.999,37716.538,68724.563,41467.4128402364,20138.097999999998,31404.0,57946.265999999996,5537.0,8100.0,537.0,331793.0,82824.0,1650.9,16787406.057053376,-9862.0,3767021.0,123993.00360330127,35528.6689511219,7851.75230920682,915.8757457327462,108.00000002980232,18144.837022027474,4518.275513548349,918.449798583267,121.73719226478909,7.231454494549306,25505.95624,3611420.4547013743,568231.5745251091,282982.13886878587,2760206.741373534,6078336.0000547925,1264640.0000413612,1038719.9999702964,216319.99997324843,6129280.0000052415,1080959.9999920016,1195225.8057868
40260.0,64627,7960.9220000000005,16334.0,5225.474999999999,12525.193,13497.087,12255.528000000002,27698.248,20788.137000000002,15352.646,26475.313000000002,4844.536,6184.924,17659.146,29433.582,10145.0798498607,10543.748,7954.0,24508.061,2394.0,6709.0,97.0,82728.0,20696.0,1825.1,5054432.092846781,53.0,2406062.0,57311.78444323497,16940.183272377937,2709.3203047832503,416.99999986479366,19.999999973922968,2290.9061849921613,641.7673554830945,54.698086561698524,9.917853236958182,0.2379734121318632,362.674972,1619224.3968401444,243719.2845395493,66220.20772455887,1309284.9045856092,2040497.9199957596,441599.9999814875,399360.0000171394,83199.99998311259,2054400.000034989,320639.9999247848,806648.3257062
40300.0,51351,9294.531,9813.0,4724.2919999999995,9191.829,11348.571000000002,6521.576999999999,16380.969,13351.26,8216.16,18383.658,2208.093,2927.007,9105.386,17808.324,11694.47207397,4779.07,7452.0,13180.172,1962.0,2051.0,84.0,71470.0,19693.0,280.4,3948552.5046992344,36.0,3744357.0,83471.74906650739,21300.226826845,4561.24397197077,729.9532713599909,114.9999999850988,4119.288300429451,1073.9706771494768,222.5327438137436,37.01685508035854,11.370550501998272,1154.429919,1129844.746363922,301256.26828998374,606847.6613679331,221740.81667691865,1314975.3599919744,399359.99997756875,543360.0000046095,138879.99996842904,702719.9999607607,344959.9999752192,485527.7084656
40340.0,228073,45779.939,38593.0,19484.739,29158.891999999996,56283.691,22977.442000000006,60058.026999999995,44301.079,24968.051000000003,80963.81799999998,6665.779999999999,8533.625,33495.576,69235.951,50280.442319308204,17505.462,45407.0,42981.787000000004,6828.0,9606.0,742.0,300575.0,83974.0,979.0999999999999,18244122.926697947,140.0,16693886.0,120253.93760426526,25365.093720618763,5584.284800370533,349.39271589653845,84.00000008195639,15277.031069021506,3737.83434620665,1136.0952981312564,51.76002925225909,12.198198345243815,1900.010174,3857841.485756852,770931.9884402816,1775541.7541580335,1311367.7428625056,4840914.559902346,1123200.0000141405,1960960.000129296,387199.99998654943,3022720.0000711805,1129600.0000691833,1585336.3152815
40380.0,1056701,192357.36,196890.0,95409.14600000002,126029.29200000002,231952.653,108926.47899999999,258836.82,220734.47,117035.45000000001,372968.26300000004,31330.362,45728.385,186065.017,331428.04600000003,204531.8337453005,95145.90900000001,185660.0,290352.50299999997,41437.0,63458.0,2796.0,304729.0,397605.0,2052.9,82693052.57036535,779.0,73300033.0,302582.47789363447,79855.04121599425,24137.887891986044,1325.7718575762106,254.77185748890042,109444.03492173074,23766.100070703247,7969.35644530223,435.2581860393671,100.71690493152708,35894.02437,7415253.133447076,1351597.6727341178,813511.0302905189,5250144.430411515,13723011.199950969,2132480.000046151,3141120.000048015,729599.9999424814,13252479.99993941,2058880.000049104,2090144.079139
40420.0,335342,58263.518000000004,60625.0,28397.762,59371.952000000005,72135.266,44968.664,110569.07,94243.62,55626.136,128509.458,15953.372,22447.596,60343.521,124994.611,72411.062178686,35604.783,48970.0,100801.053,18366.0,23863.0,619.0,137289.0,126565.0,1154.2,25608041.883316994,250.0,18570815.0,122447.11282995793,35017.40075061431,6601.339552689825,1123.0691694308907,10.000000029802326,41403.11660534124,10389.292056085316,1100.1183520626503,176.57086834587662,2.338556213745514,9540.987577,2249982.8813562994,532613.2616019453,344876.1913115514,1372493.428416669,6029122.559954982,618239.999977393,871040.0000016992,300159.99999090703,5216639.999841802,1668480.0000188795,508099.1409903
40460.0,42778,6545.034000000001,8257.0,3422.24,7528.928000000001,9796.162,6331.144,15699.526000000002,11977.84,7657.262,16768.976000000002,2395.568,3122.794,11215.996,16934.824,6858.1226202696,6162.148,5972.0,15028.548,1533.0,4841.0,87.0,42335.0,16430.0,968.1,3242485.531204188,28.0,2533311.0,31420.090655503867,10742.497538824073,2573.0420070892424,47.0000000906584,12.999999960273271,2946.719282598211,866.7521307416918,183.87415994368692,6.2108576577245,1.1886262601258006,289.3432332,988698.7501124936,128911.2206305934,32291.03022462368,827496.4992535589,1682151.6801050836,303999.99997183296,223999.9999867812,65920.00003074427,1751040.000112231,298879.9999914141,303154.5228211
40540.0,41345,7938.24,5864.0,3224.91,7318.065,9013.21,4217.19,12858.295,9261.28,5085.435,15090.925,1447.075,2067.25,7254.410000000001,14295.455000000002,7524.3265355226995,3541.8590000000004,7490.0,10753.596,1532.0,1774.0,105.0,70583.0,16120.0,349.5,3262549.7651967593,26.0,4311769.0,166680.25845155353,49899.96882551744,15487.437392966222,1218.4420787472664,139.9999999701977,5383.728053487523,1116.699341466403,328.0748759475279,40.555948016412245,4.603305043005975,921.5285063,4592738.075866644,444508.3149474944,1747135.761210789,2401094.000356699,2665443.2006465183,245119.99880557923,1048959.998369801,106240.00079729818,2320639.998964025,311680.00145609176,6673121.875024
40580.0,144090,20360.113,28956.0,10998.328000000001,24977.497000000003,30545.454,22437.869,53609.61,41118.829,26760.569000000003,59648.382,8120.593000000001,10762.514000000001,32519.182999999997,53976.113,22809.854052618,19634.212,17917.0,46806.969,5730.0,11871.0,160.0,95039.0,51748.0,2029.2,10779151.956710808,95.0,8136012.0,105682.78815778813,30613.941227747942,7012.955012053719,484.09154041922045,29.31316348910334,10728.356111391371,3047.050952574661,583.0064629318838,39.30792512367446,2.636437437734747,782.4511866,2010526.626362372,376178.56613358,107982.17431437204,1526365.8859630108,3441925.120048291,606079.999987969,515200.0000061332,200320.0000271021,3340160.0000899956,670080.0000180101,669346.3646517
40620.0,45313,8111.027,7666.0,3715.666,8428.218,11418.875999999998,5075.056,16811.123,12506.388,7295.393000000001,16947.061999999998,1857.833,2537.528,9859.908,16388.766,7663.0866230422,4396.986,6607.0,14478.964,943.0,2175.0,153.0,50420.0,14386.0,293.9,3358347.148147346,35.0,1936342.0,32176.954258436395,10130.422360696695,2859.957329532558,222.7304726901929,8.000000029802319,3769.545366829016,1175.9629961606838,338.53262875282115,29.7169978668192,1.3325525213910303,579.0990432,977722.2743712612,152327.6997637719,581748.5511316169,243646.0234315357,1261730.560040962,270719.9999729509,908160.0000197232,88960.00002306189,603519.9999881526,164479.9999879109,429933.9839138
40660.0,99443,14717.564000000002,17052.0,8054.883,17700.854000000003,23866.32,13524.248,35700.037,30330.115,17402.525,39478.871,5171.036,7159.896,21692.88,32637.924000000003,16491.9820148028,11733.876,12179.0,31947.696,2712.0,7487.0,142.0,47423.0,33402.0,501.5,7320000.466931328,81.0,5047484.0,69875.05294909213,16202.738795377732,2338.8017998371406,315.9999998760177,50.99999995203689,11203.451317811465,2472.8048575075536,412.1664247346049,60.2422002887142,5.124823032190147,15107.54276,908091.1296010616,129199.1125457749,518704.2865693544,260187.73044792705,1669563.5199895783,239360.0000029995,995199.9999621556,161280.00001017726,975359.99999524,193920.0000071792,326279.361249
40700.0,112297,17518.332,29733.0,12015.779,20213.46,30769.377999999997,14598.61,44245.018,27063.577,19427.381,38854.762,5053.365,6850.116999999999,22272.800000000003,38420.579999999994,22039.1919265188,10022.76,13289.0,31070.556000000004,3658.0,4724.0,374.0,52355.0,33236.0,206.3,8550324.086573059,68.0,4934975.0,91198.49707465524,30411.580148938505,6967.108656103808,354.1119224542053,31.999999971129,6816.859123425425,2189.950082592894,388.4917275547899,40.90093696668549,1.8149437924833796,987372.7495,6816100.430319822,447964.5319989344,879491.6125974103,5488644.286604607,4301800.960518382,710400.0001024199,1795199.9999712512,131840.0004368598,3767680.0001652,459520.0003271708,3222758.6394745
40740.0,63894,9392.418,10457.0,4344.792,11053.662,14120.574000000002,8370.114,24599.19,18848.73,11373.132,26452.116,3578.064,5303.202000000001,10871.448,23037.116,10642.6542676915,8024.164,8547.0,22066.451,2274.0,4911.0,90.0,51441.0,22445.0,572.6,4823276.704376225,43.0,2579793.0,71929.01084819275,21138.25213557088,2993.4803774954794,519.0000000235888,26.999999986961484,5282.478506637599,796.7935402012143,76.48978542114776,14.844226500261495,0.6122431692841938,378.7649223,3048807.683457749,331274.7774903946,1649075.3272137183,1068457.5782040958,3174657.920213775,279039.99920779717,1445760.0001111578,311679.9997006843,1888000.0002056176,639359.9999783684,3882906.5529629
40760.0,20411,2653.43,6054.0,2224.799,3224.938,4225.077,2959.5950000000003,7286.727000000001,5184.393999999999,3878.09,6184.533,1061.372,1449.181,2970.911,5981.7,3909.2899402564,1914.144,2148.0,4964.811,789.0,1085.0,108.0,49115.0,5613.0,327.0,1570887.226932877,17.0,775289.0,49648.07449833565,13208.59387389126,1370.0446377289118,211.301635742188,41.0,474.9917029180144,121.26249242032657,1.311169245007331,0.0494464550297958,0.0087164958982539,144.7135671,2347635.233014532,161444.5329031174,1713523.485466919,472667.21466481045,1825833.600083706,182400.00033645472,1451519.999662591,151680.00094010326,849279.9992235751,139520.0004325114,3091846.1770049003
40820.0,48129,7748.769,6730.0,2887.74,8374.446,13957.41,6064.254,19251.6,13909.281,7748.769,18337.149,2550.837,3657.804,9822.472,18388.04,8607.9780637312,5958.656,6824.0,14850.088,1314.0,3641.0,198.0,44728.0,17181.0,1138.2,3539304.69661076,40.0,2557025.0,26534.824336497153,6496.932539356949,1996.5575480517805,65.9999998733401,15.999999888241298,3449.4502634243177,691.1268629279886,202.1954012395477,10.93375181767885,4.1627270213739145,375.3218375,840961.7080185092,153803.50731014134,292959.3188880307,394198.8817964987,1385100.8000185897,303360.0000273987,657280.0000535365,80000.00000712364,1045119.9999934876,169600.00001215457,301908.2939794
40860.0,60366,8994.534,13626.0,6278.064,8028.678000000001,15212.232,5553.672,16962.846,12133.566,7425.018000000001,18290.898,1931.712,2716.4700000000003,10744.104,18715.536,12789.071944152,4274.536,7830.0,12650.316,2031.0,1945.0,197.0,62289.0,23529.0,214.8,4460430.349698624,41.0,3306204.0,29106.582733835705,6931.551628431795,440.898543039104,40.89854306727648,10.8985430598259,2232.0378996263626,508.8225255579488,29.460724197459506,4.175547618680581,1.8846580840720435,659.1791733,1196778.5396560798,36301.031461955776,915972.0210146366,244505.4871105301,1859156.4800508989,21760.00000923319,1786239.9999768182,102400.00001299485,643200.0000001995,136320.00001579206,595070.9729492
40900.0,2416702,421928.302,386102.0,184967.433,295126.568,578518.3200000001,266266.791,743546.4079999999,520904.11600000004,317102.78900000005,754182.2690000001,87480.853,132015.66600000003,302227.509,648427.4600000001,503990.4920981218,229309.025,443906.0,534504.71,94536.0,119234.0,9498.0,342075.0,793056.0,1777.6999999999998,190369130.77472058,1844.0,177317804.0,685547.6958221614,195427.67527235905,61261.55577358953,12811.069396520197,699.9999998827989,478772.4368472433,130102.47642538426,41395.73116788029,12214.78912551853,353.38946369718536,236683.3506,13083475.528370904,1498893.8672872763,1176056.511126171,10408525.149761518,36266414.71944391,2679679.999733695,5151360.000049246,1598719.9999051106,36972799.99925969,6570879.99974254,3260665.9535536
40980.0,188330,31074.45,38240.0,16573.04,36536.02,47835.82,24859.56,63843.87,56310.67,31639.44,79851.92,9416.5,12618.11,40441.884,79174.95599999999,35366.1470849904,21075.348,29021.0,51454.228,8410.0,13334.0,578.0,51893.0,66497.0,673.9,14450931.23113587,150.0,10030320.0,77379.32596286983,19763.88055671756,2672.028329513413,307.1623686367237,15.00000002142042,17628.993028645054,4113.115027503598,441.5212052936844,35.862738048583786,2.203287523867734,1477.092972,1726642.3989353753,286692.59862369887,825547.431029051,614402.3692048811,3595107.8399122055,424960.0000062635,943360.0000098592,414080.0000310092,2300159.999981574,1017599.9999991112,512439.3758933
41060.0,201868,44856.159,31702.0,15787.167000000001,29384.355,54167.209,20538.179,59507.484,41739.765999999996,24113.999,74857.012,6935.544,8871.298,36583.826,70528.70400000001,54641.7187090472,17334.782,35461.0,47499.270000000004,6678.0,9044.0,581.0,136460.0,83523.0,849.6,16338603.752614448,137.0,13461701.0,123083.26178069509,29646.53440656844,6566.614335541311,483.62035423680203,108.00000003352761,26621.28648479411,4522.556722337717,804.4473666726874,95.80367760642739,17.27596481389847,12519.61961,3048426.006138462,632771.6032249612,1647563.7373666551,768090.6655650671,4051703.0399536425,883839.9999916113,1672319.999996935,354559.9999385389,2396800.000054291,983039.9999909992,1120675.2880607
41100.0,197680,19965.68,42016.0,20361.040000000005,15221.36,45861.76,20361.040000000005,56931.84,32617.2,23523.92,55745.76,6128.08,8302.56,17381.822,56213.552,19220.4192445722,16087.431,28852.0,35503.296,4201.0,6508.0,554.0,71904.0,54820.0,272.0,15129053.85727671,146.0,9861961.0,58133.64584479053,21461.4506720671,4256.476753102907,394.62974804890104,0.0,14329.502936035884,5351.397166191679,1198.9396960103982,129.57805390393554,0.0,77299.04001,1678455.7136828026,152559.29236485704,145627.7940964762,1380268.6271791249,3701002.880182218,138239.99984443773,503039.99978506856,181119.9998218039,3625599.999902523,766080.0000149232,1553526.8488563
41140.0,119690,20219.72,21970.0,10469.528,22946.094,26578.833,14756.596000000001,44894.664,32050.902,19687.544,48296.765999999996,4909.1179999999995,6620.6990000000005,28466.572,43729.542,23493.252343554002,12381.705999999998,17698.0,40388.520000000004,2948.0,6696.0,170.0,232400.0,46633.0,1414.9,9361601.34368434,-9916.0,7030545.0,105553.31240951075,26380.69588516286,6526.448403070874,529.999999708495,49.99999997578561,13264.748244044868,3043.3206699485586,735.9497119903598,55.29127819443944,5.221877141145259,1233.581047,2807934.394200981,406562.84174534696,1709333.6193600004,692037.9331397733,4533806.719929218,666880.0000758516,2163199.999976279,435840.00003552175,2456960.000083312,1016319.999923424,1059632.6568809
41180.0,2514741,479050.064,448119.0,213626.27099999998,410263.617,551123.328,289498.13800000004,775920.491,602472.809,363625.908,896841.474,89959.30799999999,120558.176,452058.43200000003,832317.2559999999,517732.5667174629,231095.753,469319.0,692817.645,84470.0,139933.0,5409.0,960274.0,1015729.0,4854.1,193665589.2926509,-8119.0,175739189.0,1037535.3300666953,286424.11799503653,70303.27681925046,10943.968178817855,986.9869465331705,323290.31144255126,77439.66291829628,20154.248802405207,3468.876828158172,248.6262044459522,78780.67265,20415510.800565783,2598595.81393857,6168651.850087915,11648263.136211775,53912754.56003169,4399999.999881277,15625599.999878218,3363199.999922196,44558079.99970625,10407040.000044536,5032384.4635925
41260.0,30477,5272.521,6843.0,3139.1310000000003,5455.383,7070.664000000001,3870.579,10331.703,8228.79,5211.567000000001,11672.691,1249.5569999999998,1645.7580000000005,6750.396000000001,10480.878,6037.3500598992,2516.5950000000003,3633.0,8082.711,1871.0,1308.0,33.0,52952.0,12536.0,167.2,2321707.411045107,14.0,1666961.0,27304.985733218757,7151.991183169271,513.000000007276,94.0,12.0,1400.811970179078,387.866886622483,27.52316578165218,5.086211004484855,1.6130573301414315,652655.8149,863295.6292599854,62218.37024921777,558246.0264378611,242831.23265619177,1050455.0400116155,123520.00000413512,736640.0000945837,58880.00005936371,548479.999877938,134400.0000173015,529506.4995557
41400.0,100511,16986.359,21819.0,10151.611,21710.376,25529.794,15478.694,37088.559,29851.766999999996,17890.958000000002,47139.65899999999,4221.462,5729.127,25683.972,38222.604,19687.736534775,11224.098,12160.0,33368.94,4452.0,4983.0,118.0,49342.0,37665.0,239.5,7667851.039011144,81.0,4316517.0,65176.94473455135,12747.551893732008,2901.1012463467987,380.00000002048904,68.00000001862645,13555.539880362025,2822.442453101201,513.95375357149,89.89005572723372,11.369550502426083,427.5450836,1178246.1413550454,166778.66120056258,651601.3198189872,359866.16031083406,2283683.8400914213,295040.0000153625,1301760.0000239478,228479.9999997005,1109760.0000198688,446720.00001768995,340419.4106607
41420.0,436317,75393.22700000001,73922.0,34570.409999999996,69159.916,114482.529,52770.851,154689.80100000004,106761.03899999999,67761.351,165581.56300000002,18660.264000000003,26513.97,66856.58799999999,156056.916,86706.26365100761,43164.792,66693.0,122947.24399999999,13943.0,22633.0,1602.0,131963.0,146057.0,947.6,34793237.90254602,302.0,23956640.0,145294.94261083493,43060.72363824711,7218.222229706716,957.2269131803275,48.00000004423782,62489.26592443573,16554.445504226893,3013.357469495865,395.088845211737,14.012432881516226,3327.913253,3474052.387819912,419221.7690158748,1083443.4237292612,1971387.1950592508,6441491.839882024,666239.9999641267,2151679.999932928,304000.00003195443,5203839.999950878,1231360.000093409,1229722.1358083
41460.0,59391,10578.833999999999,11417.0,5397.345,9916.856000000002,12033.193,7804.842,19410.708,15198.301,9254.847,22165.874,2185.877,2940.5750000000003,10434.132,21296.478,11521.428108393999,5750.6140000000005,9121.0,17706.774,1745.0,3410.0,201.0,117488.0,24178.0,650.2,4629236.046901266,-9945.0,3677378.0,84129.64580846834,20639.265220559755,6271.872117472331,392.999999966938,64.0,10609.16995910195,1417.691802031609,384.3652438914712,21.389675960262988,0.2484509633764388,551.1675919,2036968.6498636464,284382.2966341961,1394101.5219126088,358484.831131559,2366111.3600150174,300800.0000263775,851200.0001807872,486399.9999550594,1162880.0001015516,536320.0000872187,922202.2292127
41500.0,432858,73585.86,62634.0,29001.486,58868.688,90467.322,51510.102000000006,145873.146,111677.364,66227.274,139813.134,19478.61,32031.492,51708.72,138320.826,85966.4414912002,49985.096000000005,58745.0,120222.774,23082.0,21302.0,1793.0,85031.0,135755.0,558.7,35409048.89861251,287.0,34783794.0,125570.42398048316,39929.70188218633,15585.9728750015,761.0000000237767,12.0,75407.75158801462,17710.073294890746,6525.3163791238185,455.39550107940994,1.5914068135061012,34495.65222,2703060.7856564764,535164.3916109954,227128.7648979148,1940767.6285449192,5268882.559889963,503039.999809178,706560.0003602343,316799.99998644483,4981119.999879128,1158399.999882462,2100255.3300574
41540.0,129210,20699.52,21822.0,9746.321999999998,20659.266,30058.212,17190.036,43559.088,33873.444,19884.006000000005,47384.922,5665.8,7985.099999999999,25818.092,50999.859,20737.2296907628,15341.921,16666.0,40750.587,4405.0,8620.0,444.0,111174.0,46642.0,1592.6999999999998,9840818.373002974,104.0,7600057.0,53059.03199710427,12018.598069451,3029.900107428409,160.00000010058284,7.0,9434.274394385619,1975.3471002323215,366.6256652547362,14.32913306510298,1.7861002941759532,61909.54741,4289751.397683604,347289.3926229218,1036654.9264470098,2905807.078517428,9628325.759895524,449280.0000007305,2944000.0000111433,614399.9999840342,8433279.999736974,1425279.9999554334,1343141.3046424
41620.0,1266191,201084.567,141586.0,85941.12,110411.17199999999,344963.49,115383.24900000001,343537.43100000004,247454.03000000003,125272.975,420506.35799999995,34187.15700000001,51833.897,116291.353,384387.828,175284.399810726,115173.67300000001,264608.0,256143.25699999998,34258.0,55536.0,6291.0,158395.0,457183.0,691.2,98291017.98617305,1024.0,137131769.0,370917.4075440147,94633.63144429597,23272.827250626255,3141.7811679969204,151.99999994614336,191365.25621023725,48000.70680824577,9708.835653884851,1956.7748131857863,52.390342749111845,10869.05833,6125897.835185155,545772.9315402986,546940.8442320589,5033184.056698524,19316786.560001858,501759.9992487492,3295360.000967651,991999.99991703,18744319.99947542,3624319.9985962184,4917660.757251901
41660.0,120422,22628.626,19688.0,8705.574,18651.64,28172.628,16984.092,42961.584,34754.528,20217.126,44182.634,5408.280000000001,8409.65,19830.638000000003,44840.474,23326.2633252462,14817.952,19490.0,37538.214,3451.0,7083.0,190.0,129766.0,45578.0,1023.2,9214139.16270848,-9899.0,9032362.0,84886.13998780704,22851.79618135771,5940.805786285489,585.9999999944122,62.99999998509884,12552.099101747475,3225.7826728348755,693.7539896358367,8.70123246216311,2.061565592700208,30139.88312,3798976.914613115,419085.13487696263,1286327.0770633714,2093564.7016074543,4963877.760199521,547200.0001210667,1496319.9995363017,316799.9997131792,3736959.9994812,1156479.9996376468,2238027.7378917
41700.0,2655342,495013.25299999997,353957.0,160240.568,364298.075,637161.924,394475.96200000006,864060.356,717675.9909999999,398614.897,996637.162,114650.30500000001,190983.026,373384.73399999994,928165.83,491176.3155661517,353246.66299999994,446365.0,748703.066,86962.0,177578.0,4582.0,584004.0,895865.0,2089.9,202969035.70015135,1820.0,167149047.0,673646.823458076,186524.99370002863,54599.654049272525,9634.387396509197,438.0000002413725,375512.35699719645,91244.96031712562,26187.477751467803,5340.430817622439,193.42429761107087,80175.81478,15016291.008943982,2176845.0480601056,5271514.4614705285,7567931.499017111,33793853.43979048,3839999.999906252,9698559.999788744,2154880.000213767,26581760.00016403,7440000.000166557,4680324.8702974
41740.0,3276208,694556.0959999999,496393.0,232610.768,327620.8,688003.68,324344.59200000006,887852.3680000001,606098.48,396421.168,828880.6240000001,104838.65600000002,170362.81600000002,366566.97,803114.907,651132.292312005,313248.138,730975.0,746463.648,141814.0,151078.0,14690.0,87126.0,1203617.0,686.6,272565770.47417986,2844.0,296451332.0,618292.7902943632,185587.92392131584,71061.15354785416,20299.23898414962,823.0000000658911,818621.6776262136,206559.38679489697,78968.55788719754,23432.331225689268,186.50471153155033,548909.4649,11945824.654485917,1470677.6167918274,1253108.512854733,9222038.524677252,38435432.95952983,2784640.000060504,5435519.9999151435,2031999.999924167,38783359.99961446,6909439.999919889,2694470.706113
41760.0,51414,7917.756,12180.0,5604.126,7043.718,11825.22,6015.437999999999,17686.415999999997,11773.806,8226.24,13830.365999999998,2159.3880000000004,2879.1839999999997,8661.145,12546.956,9695.1052194199,4260.347,5359.0,11610.616,1592.0,1516.0,100.0,55241.0,13636.0,190.2,3727868.129649868,27.0,2187211.0,87451.5321495911,20104.02108740471,3038.395561076864,442.9999998599523,89.00000000826549,7584.31728681104,1164.513069971299,185.6103550244071,28.522544350287458,2.50795041370412,99.26677471,1971190.825572077,89235.82955041227,54379.1257470599,1827575.8705933432,2042673.2801181616,220160.0000525585,211840.00002336077,32639.999904559565,2368000.000135185,289279.99988395005,1109245.7252761
41780.0,114479,20339.076999999997,27696.0,12116.616,17806.042999999998,27567.619,16192.427,37073.038,30286.047,18729.123,43852.781,4001.3100000000004,5678.517,25650.017999999996,43750.267,21905.2383975568,11792.474,15976.0,33347.225,5712.0,6098.0,237.0,131834.0,45699.0,705.2,8751517.560748667,113.0,7853482.0,149608.81584972184,34530.01806253014,8845.245046169126,1088.7598304779094,243.16077927604783,23809.631865360425,4128.930948940559,947.2606022233947,157.40960505495835,67.83888826493512,3838.835411,693129.6716979565,172215.07295965715,309516.999273481,211397.5994279964,1483848.9599330951,234240.000005713,821759.99998019,161919.99998020247,805120.0000365446,236800.00001268808,160879.2771541
41820.0,65476,10410.684,10785.0,5107.128,11196.396,15845.192,8970.212,23964.216,18202.328,11130.92,25208.26,3273.8,4517.844,12221.188,21761.197,10872.8128924198,7420.007,9292.0,18892.959,2071.0,4004.0,117.0,57025.0,22579.0,530.9,4754419.881376367,47.0,3387102.0,34582.64546728732,10568.581692387,2617.247321317116,81.0,8.0,3880.047451673008,1247.537485405167,331.03108487670613,3.3049027559660864,0.1958996037329327,418.7363942,583567.3013298851,119932.01709120005,44543.65320520375,419091.631047276,1027398.4000381548,205439.999997486,211840.00000605217,60160.000002544424,1023359.9999673665,143359.99999335632,163236.0905106
41860.0,4579599,857247.4450000001,772157.0,323082.70900000003,437235.985,846808.094,471081.56500000006,1136188.4309999999,837318.253,479258.683,1010857.1070000001,122008.43600000002,202405.197,456270.83400000003,1022288.0240000001,902342.6828591868,421828.603,1151251.0,923154.094,201351.0,173680.0,30060.0,601694.0,1325716.0,2950.0,391192163.70032245,3937.0,731715579.0,28065.913464139536,10660.921039078028,3836.9222616614097,920.3746070363088,4.0,231573.03839978945,82731.22355241714,23779.63556756558,4788.921383198482,18.48475022746735,239835.7473,12217458.53122109,1030990.73097895,1559797.7764545176,9626670.023530664,52836876.159819975,1999359.9999792904,5396479.999987659,3004159.9999222006,50831999.99978531,12328319.99997141,1581002.5086803
41940.0,1938524,310725.739,280570.0,116581.756,174015.374,329773.084,207557.226,470225.339,383849.019,189726.303,434947.69999999995,47267.945,84370.21699999999,173412.56999999998,425493.92,349185.402555699,178621.44499999998,482750.0,405319.38999999996,74459.0,70720.0,7681.0,230647.0,713038.0,858.7,166697026.60341007,1555.0,397012699.0,21678.81919780793,6922.261351042678,2886.2447261348966,96.14266946620778,4.999999970197679,4929.508815086464,1728.2487491253016,485.4442093453172,13.000860303909452,0.2567245802292733,83045.57787,5719683.930109227,615555.3779686919,808733.8168275078,4295394.735412733,24974694.399448466,1028479.9998348852,3518720.000186679,1409280.0000722243,25204479.999708284,4407039.999731019,1714993.1062364
42020.0,282013,54710.522,60460.0,26227.209000000003,27637.274000000005,65427.016,27073.248,79809.679,49634.28800000001,33559.547000000006,75015.45800000001,8742.403,13254.611,33587.631,73949.238,62820.0853598142,24555.662999999997,44900.0,58707.791999999994,10195.0,9027.0,1870.0,79455.0,94501.0,400.2,23087902.07752677,261.0,22112254.0,117930.77943566382,38071.16872809196,12900.994204759114,1093.0000993792378,39.976534164976336,32176.58018822086,9902.54811248792,3781.4514947494345,376.8506510762883,7.400646757021386,20699.01703,4058803.3469920857,457218.3261603432,276504.0235890044,3325080.9969153316,5888739.839941249,596479.9999658433,1051519.9998981508,320000.0001884949,5648000.000218418,1100159.99970241,2112348.6552105
42140.0,155664,18679.68,39993.0,14788.08,17590.032000000003,31288.464000000004,18524.016,46543.536,30977.136,22415.616,35647.056,5915.232,9028.512,18081.574,37834.554,28041.922769481,13675.14,20039.0,32364.498,5891.0,8571.0,1127.0,58898.0,52690.0,478.2,12304930.26599533,111.0,8703754.0,67825.4831335568,21547.03731133557,5388.578915326266,255.62590534659105,10.00000001222361,12874.729160232686,3723.4997419152105,496.8447803029695,21.62949071221731,3.1133878139765105,1551489.678,2186549.5354725015,226228.9170210762,823515.5367351889,1136805.0820987949,4321748.48005437,247679.9999829632,1878399.9997925344,347519.9999731936,3367040.000030329,475520.00009337807,1222615.2544111
42200.0,443837,88323.563,71442.0,32843.938,39945.33,101638.673,46159.048,126493.545,92761.933,52372.766,133594.937,15090.458,24854.872,52037.622,121421.118,89565.6337087736,45810.898,69281.0,106299.074,17335.0,23129.0,2622.0,86136.0,141949.0,587.7,36357524.863569885,377.0,36669901.0,118352.57214736218,38971.26080327028,13930.652241527074,959.9156527480256,38.54657272528858,85858.05560115539,23938.1670237725,9226.297288396983,1260.6862506573282,31.730117112963672,6971.254589,3101232.4458953617,360787.05838510895,244110.46662871784,2496334.920816016,7404814.719925435,440960.0000421844,997119.9997976832,334080.00002838287,7367040.000086322,1491840.0002982905,1750472.0642175002
42300.0,36293,6859.3769999999995,7105.0,3193.784,6714.205,9617.645,4318.867,12267.034,9145.836,5226.192,13863.926,1488.013,2032.408,8980.794,14117.956,8094.6811495124,4176.254,5838.0,10680.862,1437.0,1564.0,143.0,52579.0,12085.0,155.3,2886698.9180512317,20.0,1449676.0,37153.443610225775,5966.3428655972175,487.3829430983846,44.0,7.0,1628.1497329748522,194.11379985563912,11.259307175567876,0.6833684546335127,0.1281445316911476,442.4824568,1852008.0409490864,247667.76859107,1252943.796014062,351396.47634053376,1734640.0000785876,407039.9999523164,1605120.0001633991,250880.00011535012,394879.9999549552,149760.00003752555,997423.002049
42340.0,418373,65633.406,60254.0,30789.984,56320.601,86111.20599999999,49406.607,120501.75200000001,95944.06999999999,51762.87900000001,152206.923,15098.128,21693.180000000004,72286.12299999999,130024.61299999998,75490.2149152319,45559.844999999994,76738.0,113611.02799999999,13272.0,30318.0,573.0,215937.0,147560.0,1663.8000000000002,30576234.130947705,371.0,29481110.0,203450.50655791664,54833.79808151277,12195.990263595508,1616.4996991284745,346.4996990659274,45815.101908505516,9551.095096070061,2059.0167585920813,109.59264334962337,15.102085122315088,47165.03081,2796938.8276069276,430596.3324809213,749570.7489451971,1616771.7461929903,7548853.759898173,680959.9999383535,2296319.999923809,633599.9999293301,5544959.999915176,1685119.999931342,863650.2457264999
42380.0,59866,10237.086,13461.0,6166.198,9638.426,14248.108,7303.652,20174.842,14487.572,9458.828,20773.502000000004,2394.64,3172.898,13971.272,22341.991,12080.6810085955,5480.111,7040.0,17765.195,2107.0,3135.0,52.0,55787.0,20779.0,175.7,4726965.070845487,33.0,5791173.0,39118.10031200532,9793.400789436198,776.2927553387709,87.72284933179617,14.0,3109.569324619484,800.5836535642054,101.07445623820212,6.222489695708496,0.2508394329482772,60466.87334,1873267.3603733007,102263.00469070196,1617636.0379878343,153368.31760293848,2199963.519933005,238720.00004558265,2302719.999938642,220799.9999495265,467839.9999925036,131199.9999996407,734328.5296253
42420.0,36263,6557.663000000001,7196.0,3098.195,5207.352000000001,6622.269,4714.85,11286.336000000001,9348.594000000001,5113.0830000000005,14970.679,1375.354,2023.468,5943.807,13876.219,6657.3156066123,3739.478,5740.0,11616.154999999999,768.0,2420.0,107.0,113467.0,13752.0,499.7,2683401.650928746,-9969.0,2131257.0,119252.06725552477,25663.05516473045,4831.799261128968,928.82626462914,225.0,9486.218261228798,1404.4702115745963,280.5278327118293,52.31665924761781,3.0847329050141306,3562.314015,2426614.559984683,275615.995986975,172188.99010495073,1978809.5742944488,2198736.6399609772,325120.00066789263,234240.0000374016,80639.9993160774,2055679.9997188512,590719.9993753819,2273438.8276221
42540.0,567998,100869.545,113689.0,52627.51500000001,97685.738,133529.948,67185.741,192409.69700000001,148080.644,87716.79900000001,204681.67599999998,22751.827,31056.181999999997,118173.55,186740.407,112318.47092528248,52176.708,81495.0,162271.056,28163.0,33259.0,898.0,168497.0,204457.0,861.0,42008166.80254714,386.0,32339356.0,196222.74770350472,61361.64493032702,18782.591252642163,1059.3117727488425,98.99999998416752,63750.23703627417,13989.896579544265,3981.6705998611124,214.20812859193586,29.282723178944103,194151.3825,4246524.856459974,361285.08295282023,1184100.7755293706,2701138.9980477784,11266661.119950537,369280.0000472345,3532799.9999650633,939520.0000672316,8290560.00008755,2440959.9999787686,1117444.5706854
42580.0,255956,35577.884,71788.0,29690.896,35065.972,50423.332,36345.752,75507.02,61941.352000000006,39161.268,97263.28,9726.328,13053.756,42286.125,85297.155,48339.2125470255,24646.769999999997,25046.0,65966.35500000001,7990.0,11584.0,495.0,69829.0,81508.0,447.4,18946941.360051736,185.0,17810695.0,66602.69467917815,17862.10785129054,2826.761182952507,120.00000002235174,11.999999992549425,9382.426225298746,2315.1253541316783,400.8024098752077,13.57644087760632,2.0018476829041942,17878.81485,,,,,,,,,,,
42620.0,77755,12907.33,13288.0,6686.93,16872.835,22548.95,11196.72,33667.915,27914.045,15395.49,31179.755,3887.75,5287.34,18343.857,28893.543,11921.197881192602,8581.461,9603.0,24799.635,2117.0,4570.0,163.0,43765.0,26992.0,429.2,5917097.5849820515,58.0,2942606.0,81772.34131815565,19789.26580957778,5584.961540304439,760.9999999087302,164.99999998568094,4432.747465851669,1046.8110048482524,243.0865805853987,31.090082364603497,5.093875634958669,229.5578848,1480299.5576347634,224680.62422794575,860659.0051948326,394959.9281930397,1903444.480061672,421759.9999498462,1333760.0000023276,172160.0000530418,839679.9999438782,281599.9999561923,662432.6420481
42660.0,4034248,708673.996,562118.0,300246.552,369535.11199999996,969227.005,344313.684,945688.623,618548.051,378744.82800000004,1131770.4079999998,103067.73000000001,152493.387,494645.364,1049648.835,749287.272540567,340199.368,948882.0,717028.896,177107.0,151067.0,19502.0,276445.0,1322644.0,1571.6,325881899.4172914,2816.0,515993289.0,692299.0479343918,182650.56020520837,41330.97175927323,5265.234973658638,253.99999991478398,800950.6989009955,164266.75869746818,33882.172635586205,4767.863941646146,131.11515077980914,2146386.193,14771214.740733672,840182.7794436872,1950806.8529210223,11980225.107658954,54779117.439895,1399680.000392752,8908800.000121392,2520320.0001197914,50043520.0004008,12937599.9999922,3756625.6999678
42680.0,167352,23261.928000000004,56213.0,22257.816000000003,22592.52,31294.824,24600.744,59744.664,43511.52,30458.064,53217.93600000001,7196.1359999999995,10543.176,29415.758,47617.774,35460.1534913836,16414.318,15760.0,44204.896,4751.0,6194.0,247.0,72934.0,47416.0,282.0,13112005.144647056,88.0,9400091.0,61477.701013375234,17250.429993300157,3782.686573759476,319.72252216373033,16.999999955296524,19761.735304176396,3564.2882120367294,408.6283307658327,48.73989240331701,7.152870424170133,25783.6125,1100682.7887714065,142982.92532603812,168099.9774818866,789599.8859191441,3215422.7199595254,190719.99998729187,742400.0000511956,309120.00004184514,2645760.00005832,646399.9999990291,321774.5680948
42700.0,105618,13096.632,38933.0,14152.812,16476.408,19644.948,18271.914,42775.29,34853.94,23658.431999999997,35910.12,6020.226,8660.676,22287.551,34124.48,21526.8542875659,13649.792,8600.0,33591.285,2674.0,4970.0,80.0,48922.0,26737.0,356.8,8295859.522171117,51.0,3245963.0,38850.05614592661,12158.055743084924,2652.2611682030106,84.9999999279098,17.99999998603016,4563.265494216954,1102.8463670574797,268.94747625175745,9.88521414752891,0.8838689625930779,12296.53699,1640909.636858669,177577.67912278365,107798.11968958584,1355533.8380554947,4086211.840095626,366720.00007008854,526720.0000104576,131840.00000728585,4028800.000144758,915839.9999634614,651277.8771831
42740.0,43353,8107.011,7401.0,3771.711,8237.07,10708.191,5245.713,15910.551,12312.252,7586.775000000001,16777.611,1907.532,2601.18,9772.7,16188.69,7567.395827971,4461.45,6014.0,15083.95,1408.0,2357.0,53.0,52261.0,15849.0,380.3,3237503.9529703497,33.0,2505017.0,33421.46077659377,7820.824551648904,1139.4075132817231,171.0000000088473,15.0,4351.650393453662,857.2964043656831,89.3116442496447,19.316201329293538,3.33175309841637,372.7904097,1040633.5796704192,146570.1590092512,649178.8669986677,244884.5536846619,1664335.9999875831,240000.0000107472,1063680.0000283355,139519.9999930435,584319.9999186982,425600.0000406383,436614.2375267
42780.0,39652,7216.664000000001,8043.0,3727.288,6066.756,9437.176,4480.676,12490.38,10031.956,5828.844,14076.46,1387.82,1863.644,9151.959,13909.365,8132.652668136299,3588.2129999999997,4395.0,11369.393999999998,1483.0,1040.0,27.0,58474.0,15245.0,218.0,3256072.269115851,29.0,2108581.0,15648.834876282432,5182.0675680159875,1085.1435984178245,4.0,1.0,2414.2211299841033,651.0193532747685,143.16880446623995,0.2020605538034649,0.0498636167532899,23722.41861,735319.5577369123,50204.53469566048,521650.9619974404,163464.06103658822,1447379.2000984112,108800.00003152995,1083520.0000676904,122240.00000724554,574080.0000221786,219519.9999926145,210416.6580756
42860.0,80180,12748.62,19338.0,8499.08,12828.8,18441.4,11465.74,26459.4,21488.24,13790.96,25737.78,3768.46,5051.34,16163.03,25284.74,17107.912428243,8401.574999999999,10203.0,22324.185,1876.0,4527.0,79.0,58061.0,26523.0,428.7,6115129.966724024,45.0,4645715.0,38300.28606340233,7693.664356801561,1129.166248979135,174.9912690743804,30.000000104308157,3633.4190015819263,746.9933200980772,114.13541845151666,11.402662577435075,0.8302844244301018,119.7026016,1573603.095262306,92617.58317683922,110930.03078316708,1370055.4813687718,3482699.5198437627,419839.9999957685,648320.000003068,101120.00003848664,3930239.999892872,327679.99997505185,400962.7209455
42900.0,32882,6017.406,6878.0,3123.79,5195.356000000001,7365.567999999999,3715.6660000000006,10094.774,8878.14,4899.418,12330.75,1282.398,1775.6280000000002,7070.128,10605.192,7251.816659209,3127.172,4359.0,9823.399,1244.0,854.0,66.0,56929.0,11876.0,235.2,2639529.868104539,24.0,1878192.0,20977.448376608263,4917.144660689542,1762.6904416909156,100.35410925466569,5.22814255952835,1322.5743330097032,214.17875351603888,37.44305794299941,3.440660694077141,0.4877594694694632,489.017852,675608.2340911556,147311.23146169895,36821.73834032281,491475.26426281873,822296.9599815849,311039.9999938974,93439.99997482744,17919.99999883749,877439.999975192,156800.0000000637,207169.5364819
42940.0,98789,15015.927999999998,20519.0,9977.688999999998,17288.075,29241.544000000005,13336.515,34477.361,25685.14,15707.451,38922.865999999995,3556.4040000000005,5235.817,24414.024,35827.083999999995,14872.2182939256,11313.816,12435.0,32651.276,5181.0,4720.0,73.0,54284.0,35738.0,337.9,7478743.626719949,121.0,6435108.0,45100.68603584243,12871.792248149335,1757.4546588990045,389.7469902753792,22.0,8125.855073087573,2151.178094222164,348.7960383004853,87.0505801451188,6.9999276994067,97.79599936,1519231.8559673503,38702.242027493674,880370.0755469203,600159.5383547221,2712476.800008012,87039.99999587837,2211839.999923479,142719.99998232248,1458560.0000498232,121599.99998700696,379184.437392
42980.0,46300,6898.7,7531.0,4074.400000000001,10000.8,11621.3,6250.5,15927.2,15695.7,7778.400000000001,20047.9,2083.5,2778.0,10038.394,16494.806,7539.257191406201,4997.086,6384.0,15521.922,1650.0,2550.0,41.0,62415.0,17413.0,370.8,3327511.896216666,39.0,3390668.0,33874.80276335403,10259.566328425122,2357.0258699999567,319.99999998689054,35.999999955296516,4990.173675579152,1153.7944017065252,161.13390263711528,27.98579579842178,3.4231509766057444,105.9900126,823074.3323424708,100380.85013800616,530007.4679183898,192686.01425851928,1289011.2000446543,190080.00000008463,885760.0000576699,119039.9999385594,547840.000008434,213760.00000561305,326376.3929738
43020.0,45083,9222.114,9626.0,4362.489,8201.186999999998,10894.382000000001,5700.498000000001,15124.068000000001,11151.344,7278.403,20440.332,1804.404,2326.583,9851.833999999999,17181.98,11225.5691256914,4207.679999999999,5507.0,11533.408,1581.0,2531.0,86.0,99453.0,17052.0,1215.4,3490845.71944506,-9978.0,1761579.0,39068.27534446168,10216.655619674333,3032.9789106357357,31.0,5.0,1256.6918817607154,239.8593491936753,60.4722732020958,3.0695992797740983,0.1960348998750943,1620.993743,1553461.4357792009,303376.45390294166,975831.9139459756,274253.06792310794,1303071.9997841893,465920.0000316312,824319.9998704368,172159.9999866181,551679.9998980331,213120.00005736612,800519.8164371
43060.0,73533,10074.021,12460.0,5735.5740000000005,14706.6,22427.565,10147.554,33089.85,25001.22,14191.869000000002,31177.992,3456.0510000000004,4926.711,16132.558,28031.232,10399.9135774544,8248.774,10125.0,27593.244,1975.0,3899.0,230.0,50118.0,25105.0,615.8,5402375.11206277,62.0,2660258.0,30797.78609013798,8641.052437445249,2148.0229480612006,92.20809551514684,0.0,3052.5760784005206,893.657532466345,179.99726418080593,4.593480309031286,0.0,208.14788,1271891.888287841,152969.58697538142,593659.2632353628,525263.038189118,1859583.3599691088,242559.99995363608,847360.0000263256,213759.99998888897,942719.9999503768,451839.9999778844,504175.5999594
43100.0,117841,25807.179,21966.0,10723.531,17204.786,26632.066000000003,12491.146,34173.89,23921.723,15790.694,48196.969,3770.912,5067.163,18323.16,42638.8,27697.383971004,8988.72,18461.0,27888.08,3514.0,4833.0,187.0,64104.0,48774.0,370.2,9099857.70007832,75.0,8120028.0,53948.83315149199,12759.195948584556,3204.938062769741,143.2902155518532,9.0,7410.615971179537,1626.71223861289,345.1891004400434,8.349494876196907,0.3116479141878182,1139.787124,1167360.599399058,589131.8415277128,152306.2488436846,425922.5090569948,1958625.9199026737,675199.9999948513,343039.99997954495,97279.99998625823,1614719.9999356505,555519.999990537,327370.69666889997
43140.0,100670,15503.18,18889.0,8456.28,19831.99,24060.13,13691.12,38757.95,28288.27,17516.579999999998,37851.92,5134.169999999999,6845.56,23174.19,36741.985,16825.870059244,11884.2,12712.0,29908.57,3801.0,8009.0,144.0,49041.0,33850.0,642.2,7304541.547341475,76.0,5336226.0,33575.760627382464,11357.990757001324,2114.110510301888,112.41868484619768,4.0,4603.917855327454,1558.5101403800084,271.8536488946314,7.718680464169935,0.6125949384533117,425.989153,1126765.7037277245,140303.12652716687,160708.64541728242,825753.931775359,2016403.8400226904,326399.999994249,805759.9999998333,166400.00000752477,1685759.9999893955,188159.9999997814,297091.1321071
43180.0,51950,8363.95,7765.0,4207.95,11221.2,15844.75,7065.2,19585.15,15688.9,8727.6,21403.4,2181.9,3272.85,12243.676,19870.884,7385.2635586954,6222.196,5901.0,17713.186999999998,1663.0,3099.0,38.0,58593.0,17872.0,446.6,3718203.1619835673,25.0,2509144.0,19576.752743226603,4638.308997447588,405.68133820428545,38.99999999953433,8.0,1768.6014650326524,278.38949595410094,12.514801230039966,2.2934446289125203,0.1509578574178794,129.0329482,714266.8427541206,61949.808961921466,469473.1134345164,182843.9203824152,907045.7600210815,124799.99998832212,650880.0000428986,48639.999991116136,486400.00001464033,99840.00001384692,303122.4573955
43220.0,68166,11792.718,16269.0,7430.094,9270.576,16905.168,8111.754000000001,22971.942000000003,14383.026000000002,10770.228,25630.416,2862.972,3680.964,12621.44,24424.192,13118.9757457408,6413.056,7355.0,16305.536,2508.0,2604.0,178.0,63785.0,18899.0,369.9,5400870.37177792,29.0,2109592.0,24436.815914435716,6001.15089417148,615.0680116923866,37.00000002235174,8.000000029802319,2684.35234926442,817.037380857383,76.04120536355249,5.751719263450646,1.013964080845478,663165.5873,1709361.6306950809,26002.333696948477,126256.25112567186,1557103.045770567,1920591.3600170815,37759.99997516454,324480.0000094934,30719.99999750612,2089599.9999375748,279680.0000743638,614102.5356034
43260.0,32096,5167.456,6856.0,3145.4080000000004,4557.632,6740.16,3241.696,8762.208,6708.063999999999,3851.52,10078.143999999998,994.976,1412.2240000000002,5184.984,8610.777,5463.6343206641,2283.862,4708.0,6975.0380000000005,801.0,1204.0,167.0,59947.0,11660.0,377.2,2440582.847544555,21.0,1858400.0,57836.138993246976,14798.240413366158,2946.4160445601024,261.51232448709965,52.0000000372529,3318.0514852347924,391.219108255456,84.4489229630989,7.717443982926837,1.0568442621146437,400.9737862,1768630.1879455585,173565.74661836593,952549.6196163138,642514.8211653084,1522519.6796424745,177279.99969238244,933119.9996455124,74879.99983586418,865920.0004788022,247679.99985259975,1614915.8987106
43300.0,143131,24904.794,25453.0,12595.528,25763.58,36212.143,19895.209000000003,50668.374,39361.025,24332.27,53244.732,6297.764,8587.86,26280.42,49102.89,28611.4957575558,14938.344,18816.0,39143.994,3761.0,7634.0,196.0,59554.0,48999.0,302.5,10481789.14780941,92.0,6553883.0,108909.72793360268,29810.23888455482,7312.323582359745,786.9200201514259,108.99999992614906,17310.2338670295,3859.474767854126,933.0484823545304,93.12611103410326,5.072825083814175,1325.188674,1905555.8066855597,355495.6932520413,347016.81329368096,1203043.300064168,3339399.04003499,738559.9999820258,799359.999989762,151039.99999069795,2677759.999948733,869119.9999988615,597000.0965084
43340.0,385154,61074.032,68033.0,28921.066,73146.7,97310.35,60833.77100000001,148137.127,116970.66400000002,71789.538,172887.402,20529.068,27534.735999999997,88256.333,152328.09100000001,73121.1017385759,48676.849,63794.0,129843.54599999999,13614.0,38636.0,2133.0,140174.0,143211.0,2658.4,29364964.91853058,342.0,27492576.0,209076.75487719988,55568.32734937937,15481.192106116252,926.999999958461,124.99999992918221,44273.780766909746,11363.889082692076,2936.4053051584533,132.61044273978078,21.19173256499421,1392.926459,5232250.331187762,798104.2787260344,1058354.9919894903,3375791.0605422687,9432968.96030078,1511039.9999384484,3313920.0000581876,731520.0001005633,7592960.000209503,1426559.9999922311,1661280.7543513
43380.0,47671,8914.476999999999,8508.0,4338.061,9343.516,12585.144,6483.256,16255.811000000002,12728.157,7818.043999999999,17971.967,1859.169,2621.905,10972.499,16434.58,9726.5326580855,4785.363,6667.0,13582.697000000002,1867.0,2215.0,44.0,67582.0,20154.0,372.5,3698241.0104176225,31.0,3796133.0,37743.34800645965,9420.855975859198,2510.5714873783363,301.0227457219736,36.0,4573.950389078602,1179.951796954726,336.26480006729474,35.774252511108934,0.8975149914011467,2042.481949,720635.8334213347,175183.5342449847,361939.3612889273,183512.9378582952,933228.16000218,275200.000002875,448639.99996117427,141440.00000549384,515840.0000053913,148480.00000165185,260919.5624341
43420.0,125663,19854.754,30285.0,12314.974000000002,18598.124000000003,27143.208,17467.157,48254.592,32798.043000000005,23624.644,40966.138000000006,6157.487000000001,9299.062000000002,22431.199999999997,43205.55,23284.967604075,14401.85,19657.0,34666.4,3627.0,7877.0,156.0,51171.0,37189.0,382.8,9972700.98980575,64.0,5860392.0,222284.5597549085,63831.81977588415,13037.400360928406,1435.4003633065818,120.00000003725292,10964.070146004491,2342.9378235242375,184.06221786616604,11.011326361566253,1.2266208994136962,1652399.475,3894051.9066914287,438389.1682985339,2473121.353825785,982541.3846368324,4994121.600158766,433920.0004571103,2519040.0003217906,744320.0004784251,2565759.9996385393,858239.9997300097,3974152.474237
43460.0,49528,7982.336,9684.0,4273.872,11393.776,11965.76,7391.944,20402.32,16815.703999999998,10355.88,21612.032000000003,2783.064,3497.056,13149.787,20058.409,8002.3729639659,5924.965,6634.0,20707.8,1363.0,3454.0,72.0,92485.0,17548.0,1260.3000000000002,3766447.4592294707,31.0,2511869.0,63248.424122098644,14764.450192786808,4751.9400593014225,323.7309808358553,42.00000000745058,3637.15815514659,665.6396114970671,204.50155625010538,21.974865611532362,1.7349606875202292,290.3861026,673752.8576437188,121188.03579258666,329199.3445390316,223365.47732923005,1190357.760037639,178559.99999989738,491519.9999752228,74240.00000011352,661760.0000095567,346880.00001744815,268788.6734655
43500.0,27686,3516.1219999999994,7878.0,2740.914,4623.562,5647.9439999999995,4319.016,10742.167999999998,8056.626000000001,5537.2,9330.182,1605.788,2325.6240000000003,3943.022,8885.303,4510.6903620329,3078.798,3089.0,7345.904,1074.0,1121.0,167.0,43557.0,7465.0,455.6,2073726.232373777,16.0,1545970.0,30160.205390644016,8459.810322673848,1921.32295573148,128.01105460152033,29.0,722.757674799475,149.82529227698134,5.039081984828964,0.6259655553425272,0.010382368502445,447.8138836,2600682.3002567356,159562.27404208822,2081080.3948587892,360039.6314575807,1954669.4393212171,196480.0001073941,1598719.9993544316,167039.99994793558,649600.0003157816,287999.99998139887,2535116.3035258
43580.0,143776,31232.777,21862.0,10723.054,23653.729,26842.666999999998,17602.964,45096.325,42367.265,19400.506999999998,55283.67,5605.4310000000005,7963.3859999999995,24683.93,54767.869999999995,29865.1536961282,14713.2,21504.0,43946.736,3804.0,8953.0,291.0,204347.0,57094.0,1565.9,10718031.3538138,108.0,10664298.0,142437.25138339968,42453.63033644669,13640.416353925728,764.3395340522839,88.99999991535145,20901.493410878677,4077.9765140089576,1029.2512097548743,60.01351933836434,5.348891961764177,2414.367421,3215708.5843679947,482510.45399701706,1321211.6174573095,1411986.5131153862,4489394.560123681,549759.9999008733,1102080.0001317975,485119.99995124515,2761599.9999206066,1427200.0000578896,1327354.1178061
43620.0,299129,62867.585999999996,40708.0,23028.777,35029.47600000001,53099.405000000006,24391.028,74182.69900000001,60753.882,30000.449,101373.596,7816.401,10753.357000000002,44705.532,94108.18299999999,64025.699983902996,22125.591,57626.0,78939.54999999999,6901.0,14682.0,590.0,343533.0,123542.0,1373.1,22333786.05655823,-19799.0,28829103.0,220448.61378645527,64232.13362133756,18284.5330610419,1455.2528272308955,50.00000002607703,50102.24621094048,9261.430208265376,1742.2192597583676,174.311839753475,6.1595827484470576,3789.371501,4287055.18863623,903296.6243169926,2405683.114013418,978075.4504436582,5516615.6799325505,1041920.0000037624,1148800.000084073,960640.0000344076,3418239.999906911,1509760.0000276174,1648218.0823873
43640.0,273263,49187.34,47710.0,23773.881,43722.08,81978.90000000001,36617.242000000006,99467.732,76513.64,47274.499,96735.102,11203.782999999998,15575.991000000002,50318.186,80877.922,56430.4228325324,24237.032,44289.0,67705.622,7876.0,15140.0,690.0,67462.0,95830.0,403.6,20489904.004301917,193.0,15446880.0,55740.15204858799,17739.192638812245,4830.313374351383,194.00000030394224,15.000000022351738,14354.127745386502,4626.5675453480635,1234.9478909101033,62.20401473201169,5.243925816708525,2006.850552,,,,,,,,,,,
43660.0,16686,3003.48,2515.0,1201.392,2886.678,3887.838,2436.156,6223.878,5189.3460000000005,2853.3060000000005,6457.482000000001,834.3000000000001,1268.136,3132.456,6314.898,3166.0446042234,2266.032,2458.0,5631.756,512.0,674.0,4.0,57158.0,5409.0,401.1,1260673.230997524,17.0,2303147.0,30458.82190448806,9251.119486568678,3037.0469632753875,164.9999999341417,25.0,1076.3656577029662,208.87658879969763,51.15705094206899,3.3579225309710043,0.3625571715073063,197.2426292,1685112.444950395,139888.22500210468,556004.5162141056,989219.7037387164,2596166.3999738228,266879.99991578393,1005439.999990784,219520.00005222927,1893759.999692934,442880.0000685393,579471.8568242
43700.0,65795,8421.76,12899.0,6250.525000000001,14869.67,19146.345,10395.61,28489.235,20133.27,14211.72,25989.025,3684.52,4803.035,17693.100000000002,24246.1,9273.577365563,7929.13,9283.0,24049.51,1888.0,4117.0,250.0,44717.0,21821.0,440.1,4841638.52427757,43.0,2717820.0,48061.4379131247,15850.732907568352,2030.7867744894843,190.98976213710552,74.9999999701977,4739.375097036781,1401.578578819109,157.87556161911724,21.31944478598991,13.217104658973485,90.97969859,1333157.1829906737,160666.90947735397,1001729.6375569605,170760.63603829296,1823967.3600475888,355840.0000526865,2010879.999987804,114560.00003022447,451200.0000621046,67199.99997616361,421373.4856001
43740.0,72710,12069.86,17093.0,7416.42,13524.06,16868.72,8797.91,24794.11,19704.41,11270.05,26539.15,2835.69,3853.63,17062.344,28218.492,15103.8181035612,6781.188,8393.0,21218.555999999997,3094.0,2464.0,81.0,51916.0,26444.0,128.0,5661904.781310968,34.0,2859102.0,67778.174753348,19875.580671596003,2259.9917428945673,427.7258114176367,89.99999991920775,4045.5309240342817,978.4261583502512,105.74390955106804,12.530690491670583,3.251522911500624,78591.76694,1879385.051230186,222240.59437788703,1355090.9956750325,302053.46115432575,2464101.759961695,348799.9999889707,2076799.99989554,232960.00004023965,788480.0000487156,319999.9999645373,687574.0326608
43760.0,54531,10088.235,14909.0,6216.534000000001,6707.313000000001,12214.944,6489.189,17340.858,11342.448,8234.181,16577.424,2072.178,2781.0809999999997,8177.25,15264.2,12334.873839581,4851.835,7526.0,12429.42,2084.0,2039.0,125.0,63336.0,16097.0,268.0,4265851.4703661995,26.0,2924675.0,31505.055931908028,9438.590296035843,1541.822206438197,18.0,1.0,2217.035042203147,576.9716224201527,166.10673917143447,1.5176780821388076,0.0041943459417824,1053.23113,2318977.1027497356,108613.40814962242,480278.85648618854,1730084.8375466513,2224110.71991983,184319.99997829433,965759.9997600355,87680.00032380321,1926399.999985875,207360.00010441776,1421326.5223393
43780.0,323637,51155.61099999999,56563.0,27139.851000000002,53185.020000000004,81638.365,40454.625,100738.69400000002,90797.261,46624.693,119092.67,12180.181,16931.93,65050.728,123802.864,59574.7751852964,34543.82,51665.0,95063.37599999999,13331.0,19567.0,714.0,121250.0,120686.0,1074.4,24712098.06429601,220.0,18947764.0,169677.95479982183,40130.577876098236,8002.399291762678,1041.783858639013,121.0000000427244,55499.36427676925,11758.499716801127,2147.684869159768,388.660538932581,43.60363866127137,2554.096619,2497877.931107021,405904.7450935998,945587.4535470328,1146385.732448049,6921823.360170615,658560.0000143709,1843199.9999527817,428799.9999841906,5226880.000008969,1777280.0000225147,606706.4076477
43890.0,46109,10051.762,8337.0,4288.137000000001,7654.094,10651.179000000002,5210.317,14155.463000000002,10927.833,6363.042000000001,17890.292,1659.924,2167.123,8617.67,16070.79,11343.8252882604,3773.142,6824.0,12157.902,1288.0,2034.0,90.0,63671.0,17113.0,326.5,3651418.34568492,19.0,2776894.0,51731.248125826074,14628.128605542186,3852.2416922226785,292.8454466570107,25.00000000000001,2848.9380779115704,751.4622582878159,173.04824601995696,14.103546295068009,3.019510819123748,593.9676051,,,,,,,,,,,
43900.0,372583,55247.347,60052.0,30339.735,60633.746,88514.242,47749.963,113093.52799999999,107445.444,53237.535,137359.092,14987.466,20736.723,71745.831,127908.621,73908.6843863376,41076.386999999995,53027.0,101274.71399999999,11504.0,22013.0,430.0,100052.0,129122.0,1507.0,26564216.149178766,247.0,20544313.0,154439.68987634155,39565.84269461993,9388.801251522325,1083.84398098581,104.99999999336431,32480.57627342531,7303.803052078642,1677.5738034347119,222.91899184810117,21.31508691377174,7888.170104,2654884.530202878,236719.68534920973,382420.62078029936,2035744.2241495256,6059207.039901782,383359.99996841175,1689600.0000146253,352640.00000848115,5691519.999974789,783360.0000003997,516945.1425769
43940.0,27214,5061.804,6125.0,2612.544,3864.388,4952.948,2694.1860000000006,7511.064,5959.866,3211.2520000000004,9225.546,898.062,1224.63,4510.012,7682.753,5581.1744695863,2045.238,4127.0,7341.880000000001,841.0,716.0,49.0,56366.0,10474.0,379.2,2103602.842194009,21.0,1633833.0,25732.15551986557,8792.868462008575,3281.500853805132,41.9999999869615,4.0,1213.3204101831554,309.87560762249814,73.41071363647202,0.2952644925474846,0.0259163119952537,1037.456899,1028884.32126972,95147.6278238669,758226.209294315,175510.48405157786,1172319.999972522,117759.9999915763,883839.9999330153,72320.00004199389,556159.9999571649,139520.00004567852,512022.6698733
43980.0,16475,3492.7000000000003,3509.0,1647.5,2685.425,2883.125,1927.575,4645.95,4398.825,2042.9,6590.0,560.15,708.4250000000001,2907.632,5703.432,3577.9596795775997,1405.888,2596.0,4313.52,378.0,893.0,63.0,59940.0,6193.0,212.3,1266282.438558552,16.0,1384997.0,19893.64263151717,4176.355846538944,346.91159896605006,52.0,5.0,931.05016969929,203.01883507324,20.497262142794018,0.286922771098996,0.0105277709121049,386.4093034,767190.4741613425,134742.1815258897,65372.32337340698,567075.969311929,725090.5599945526,154880.0000301029,124799.99998421108,69120.00005994581,426880.0000492059,288000.0000580797,363024.3613043
44020.0,18028,3605.6,4791.0,1983.08,3010.676,3172.9280000000003,2379.696,5318.26,4795.448,2614.06,6580.22,685.064,865.3439999999999,2895.585,5949.111000000001,3952.6848079404,1474.116,2679.0,4334.603,497.0,533.0,15.0,67477.0,7409.0,226.0,1415561.104283067,19.0,1336638.0,12394.775780765458,3063.498969260325,127.08840091526515,10.0,0.0,561.1246710729755,175.70083153750957,2.281679036122493,0.0782168659459706,0.0,1193.866843,598878.7077487374,88091.72826890458,63863.47511883653,446923.5043451679,818187.5199746423,128639.99996705329,203519.99999077572,62719.99996821268,599040.000023625,220159.99996971968,243527.4948983
44060.0,597919,103603.845,100889.0,56021.357,81654.587,173859.026,62145.234000000004,185731.43800000002,124222.465,76051.94499999999,200919.955,21409.455,27485.103,93713.54500000001,180901.555,97321.2341937425,49599.75,105723.0,116326.065,24265.0,25828.0,2712.0,111785.0,192765.0,718.5,45054500.406642444,380.0,36870747.0,212642.29648936688,48061.46204858739,8240.970300458424,858.9999998501535,115.9999999953434,70458.5403311068,15592.26758244004,2463.4773024464284,298.41554659196447,29.526599799116322,116702.0952,7339045.784291712,364922.3128756006,732556.1240869244,6241567.347768501,12691468.80020319,534400.0000949015,1891200.0000422953,588159.9997812206,10435199.999865096,3881599.9998792065,2714365.8495533
44100.0,206655,36699.145,39138.0,18720.16,31630.336000000003,44333.259,23765.325,59103.33,48454.835999999996,26925.754999999997,77994.978,7220.804,9481.887999999999,36101.59,73730.89399999999,49030.432603412,19444.57,36987.0,53559.86200000001,8344.0,14963.0,500.0,130290.0,80783.0,913.4000000000001,16029710.498459367,194.0,14271963.0,147904.82430931827,40540.52759392216,9266.447911181202,1157.564497314523,180.00000015832478,39655.46819595285,8608.358555581986,1344.440253324563,182.89941485118865,32.06569512844356,2798.03651,2275701.0726106614,914437.4723789288,216137.92709253545,1145125.6729471155,4048881.920139893,955520.0000311594,579199.9999993456,238079.99999576205,3346560.0001242813,1192319.9999959113,756885.5710778
44140.0,461041,81143.216,82861.0,35500.157,77454.888,128169.39800000002,58552.206999999995,183494.31799999997,147072.079,81604.257,163208.514,22591.009000000005,33655.993,83053.49399999999,139195.8,92738.7641184048,45934.614,69909.0,146619.576,22887.0,36377.0,4741.0,61600.0,172337.0,617.7,35892177.364896305,281.0,27478265.0,210279.4234485966,50807.251888359984,12321.942802639272,1810.4875627406152,134.99999996612314,109807.90356822916,22901.93681462543,4959.500775227836,673.21517532674,21.692408038547665,18073.28292,4092357.606547588,219923.09879332109,867825.5582568895,3004608.9495303333,9828630.399866704,206079.99999459815,3159679.999980123,508159.99995162175,8811519.999950422,1335680.000053664,1179772.5896188
44180.0,487061,89465.69,81298.0,42114.925,83507.369,117951.55900000001,52271.886,161219.539,121598.202,69980.03199999999,171110.38999999998,17408.572000000004,23424.411,99794.114,165136.584,88054.5583514592,45511.386,80190.0,147234.0,12305.0,21118.0,1411.0,264123.0,176603.0,1763.0,36543499.33783706,388.0,26585496.0,212685.50892038475,56736.40159415062,15732.024312514171,1122.7578932212227,103.99999987009501,42215.671565330296,11539.504751723816,3020.169722139959,230.15218972968788,13.985465082811743,4778.746403,6041316.226656749,844761.2451419678,3205566.306721429,1990988.674997978,10831730.560154704,1648639.9999576188,6008319.999994912,723839.9999907819,6623360.000032329,1682560.0000770343,1924448.0742411
44220.0,134831,21842.622,26956.0,12808.945,28044.848,36539.201,20224.65,51640.273,41258.286,25617.89,55954.865,6202.226,8494.353,33264.657,54505.944,24805.7774054322,15363.195000000002,16987.0,41146.644,5116.0,9318.0,236.0,54507.0,47992.0,602.6,9873031.655798158,106.0,5568970.0,59090.70011224586,15635.085059406583,4608.416628067338,612.9424200016069,30.00000004470348,11721.827150584026,2444.76652652757,520.8830379027848,97.51475530214574,5.776895499043167,7356.266354,943051.1709018878,182922.2326113638,463104.45234101126,297024.4860075928,2162674.5599382995,241279.9999799917,952319.9999534886,241280.00000426735,1311359.999990268,411519.99998727406,253995.9610392
44260.0,61420,10302.960000000001,7756.0,3482.1749999999997,9201.304,13718.108,7147.389,22883.825999999997,17537.362,8965.617000000002,22510.920000000002,2691.0249999999996,4186.553,10881.908,23163.731,8746.183479007099,7744.353000000001,10407.0,22046.202999999998,1970.0,4039.0,105.0,95585.0,19879.0,1598.2,4510892.48151375,44.0,2457422.0,28167.847584359126,6717.673893618225,692.0526953088348,58.0,14.0,2682.0051375615562,565.7137263067815,25.982334996051556,2.028368965085728,0.2437103724627443,186.00807,1113442.7969146653,177156.20762420274,651264.7387839645,285021.85052026703,1249591.0401192347,234880.00003965103,920320.000077024,83840.00004633644,652800.0000973571,116480.0000415782,562793.6051640001
44300.0,158425,33269.25,25003.0,11406.6,23922.175,39130.975,13782.975,44042.15,34378.225,17426.75,49903.875,4752.75,6970.7,30684.24,51840.216,31656.0621086064,14211.648,30047.0,38597.544,4461.0,3300.0,358.0,62795.0,51571.0,465.6,13325182.356268726,110.0,10278620.0,70500.9873554919,25159.1023617355,8371.710125728245,418.99255479907146,15.00000002945308,11048.193437009366,2085.270258889879,574.5371115998096,12.514167576889111,0.4301464702139133,266017.1771,1688726.3590671024,215710.7614745545,350745.68961648166,1122269.908055502,3045851.5200022403,328959.99995296105,1022079.9999824824,221440.00002955503,2452479.999910483,506879.99994738423,709548.3717751
44340.0,93754,14971.747,11491.0,5983.868,14000.048999999999,21177.709000000003,10692.267000000002,28544.424000000003,23513.792999999998,12148.86,34909.692,3945.171,5686.218000000001,19673.977,34431.531,14985.167196054701,12255.81,13863.0,30710.829000000005,2676.0,5500.0,83.0,99647.0,31061.0,2005.0,7023829.804340634,72.0,3717695.0,42479.11770797618,10167.548266629396,1686.727793047949,39.0,3.0,3193.9030799420634,728.8492353040446,38.77045996971365,1.1239394204086555,0.0702035339212891,228.8226078,1273855.471062462,223008.0793078306,862655.4548023388,188191.9370309415,2286370.5599579285,446080.0000154322,1377919.999976291,156800.0000037198,1413760.000066962,267520.00001638365,432599.2660272
44460.0,38184,7436.451,6640.0,3433.866,5449.067999999999,8754.912,3382.798,9800.990000000002,6897.659,4271.8060000000005,10215.332999999999,1254.977,1690.8719999999998,5908.528,9185.952000000001,7707.030299404,2766.224,7560.0,7255.119999999999,1713.0,1667.0,107.0,145458.0,14095.0,561.3,3161622.401607016,33.0,4127267.0,39400.190245810474,10628.905855362786,330.99999992223485,35.0,4.0,1346.3422654972221,370.7348110996807,16.605846567281528,1.3519553783325475,0.0192459320221777,2895010.808,1577084.4933120732,51111.38403059327,1242876.339512834,283096.76975668134,1281616.6401406892,76159.99978884803,1112320.0000299877,76159.9999514926,537599.9998583278,104960.0001610616,1511659.6536722
44500.0,43895,8822.895000000002,6386.0,3116.545,7154.885,11544.385,5179.610000000001,15670.515000000005,12378.39,6452.5650000000005,16372.834999999995,1799.6949999999997,2765.385,7650.647999999999,16165.776,8596.7926765536,4841.088,6262.0,12621.408,1150.0,1653.0,46.0,61453.0,16514.0,637.0,3426258.79410372,42.0,2130046.0,38767.911790908416,11627.510614281717,1791.9319847527088,143.94573612511155,7.0,3010.871891428493,485.4046156072673,57.034543145009096,6.164606162572469,0.1528628715598249,200.1719961,1471559.1103112767,239923.8968485609,789677.6227000679,441957.5905819463,1523163.520036693,526719.999994982,1103360.0000854577,79359.99996072621,707200.0000592765,236160.00004525515,693218.6316728999
44580.0,54658,9783.782,11923.0,5356.484,8089.384,11259.548,6722.934,15850.82,13336.552,7761.436,19075.642,2022.346,2787.558,10166.016,19621.504,12930.5337021056,5465.6,7702.0,14757.12,2212.0,3011.0,80.0,64413.0,21432.0,518.4,4241629.045244416,34.0,2707856.0,80380.31947725243,19318.153333972263,4492.64438721356,534.9999999991844,79.99999999254939,6578.924743581975,1317.8184397034995,289.96131757487154,57.61956672952054,7.175089431357456,461.3513621,1052054.09259682,275292.0105419245,572016.7236801058,204745.3583254511,1472632.320026478,355200.0000163708,570879.9999929804,163200.00002793586,686079.9999869678,471040.00001975114,437813.9838869
44620.0,70718,16830.884000000002,12732.0,5869.594,10324.828,17538.064000000002,6788.928,21003.246000000003,15557.96,8486.16,24539.146,2192.2580000000003,2970.1560000000004,11791.312,22304.048,18215.450483984,5540.496,11774.0,16337.36,2016.0,2476.0,90.0,67228.0,29095.0,347.6,5758377.578274672,48.0,4962869.0,61778.68488636575,15802.74634478207,4733.033248121195,241.44590790541412,60.00000002596061,6798.934961906096,1441.2264281801922,297.0622627725204,14.039687065934158,3.22294846655066,1716.764107,1360410.4467291883,271974.7918266792,806256.5690289157,282179.08577629615,1826108.1599888331,341759.9999671529,794880.0000449504,210560.000001568,1049600.0000232456,385279.999999436,512549.1807138
44660.0,82794,13826.598,10864.0,4967.64,11591.16,23679.084,8279.4,31792.896,21112.47,12005.13,28812.312,3146.172,4967.64,15533.45,30576.37,11378.8304189925,8911.295,13510.0,28859.515,1996.0,3258.0,265.0,39681.0,28291.0,605.3,6336040.262281145,65.0,4068933.0,46495.968483349585,13028.067991365244,1949.1703112139369,115.94016801565886,15.0,5658.103920665587,856.5860390653852,140.516977752602,19.676100675805237,1.0232239646365802,654.3250223,1306340.9051340097,127369.53790885366,698236.3060288915,480735.0611715616,2938200.320083077,227839.9999745335,1384320.000102841,357760.0000057295,1696640.0000168043,525440.0000340102,438327.1599598
44700.0,793229,134055.701,102362.0,48386.969,99153.625,151506.739,95980.709,245107.76099999997,192754.647,106292.686,267318.173,31729.16,51559.885,106747.41300000002,244981.473,151701.14359618622,88316.205,106178.0,211190.925,37374.0,45122.0,2049.0,70685.0,241465.0,624.8,59679685.41555716,506.0,41050530.0,290321.59343537875,83424.33288140084,27092.86284852345,5655.845681128953,203.04943230080968,214064.2623683672,52369.17023420214,13293.785656517975,4012.630345524936,99.37188818104188,3162.972237,2897599.452022809,600628.1698386316,453298.1032511608,1843673.1789868623,8012363.51998889,708479.9999389076,1299200.0000349402,565119.999962833,6991360.00012691,1917440.0000735936,891074.1791192
44740.0,20600,3872.8,3275.0,1565.6,3151.8,3316.600000000001,2554.4,5871.0,5953.400000000001,2719.2000000000003,8301.8,803.4,1174.2,3321.6960000000004,6564.304,3900.6513819652,2214.464,2272.0,6544.532,426.0,828.0,9.0,61189.0,6899.0,484.2,1590862.155233496,9.0,1710886.0,24826.47506905336,5199.129240613922,408.00000000430737,57.99999998137355,6.99999998137355,1135.9005286225326,232.778126588224,23.18204031793591,3.3160930260526715,1.1254699505741466,17.99349577,789418.5860026906,140764.1234532676,81234.7309354237,567419.7315434101,712479.3599872158,153599.99998353433,70400.00005857085,66559.99997023874,407679.9999499413,327040.0000023455,367927.41735659994
44780.0,60874,10409.454000000002,11429.0,5600.407999999999,12235.674,16435.98,7609.25,21488.521999999997,18383.948,10226.832,22645.128000000004,2861.078,3895.9360000000006,13264.864,22696.304,12244.6133657216,6389.04,7135.0,17341.68,2634.0,2471.0,111.0,54896.0,20533.0,328.1,4631121.220970016,33.0,2555428.0,32171.5894822008,5914.186066998107,350.51798237673984,36.0,7.0,3067.291004345453,518.3495162909985,49.22414873225752,7.556597445573354,3.3373396950668464,182.1401518,928643.6784391296,184044.81746309277,552665.6018284232,191933.25906702055,1288112.6399793332,335360.0000160115,691839.9999709601,131199.99998245927,606080.000017289,291200.0000197187,320374.1370351
44860.0,37804,6540.092000000001,7026.0,3364.5560000000005,6086.444,8997.352,5216.952,13042.38,10169.276,6199.856,14063.088000000002,1625.572,2343.8480000000004,7322.490000000001,13864.41,7274.319716916,4311.72,4883.0,11857.23,895.0,1890.0,29.0,53634.0,13776.0,372.1,2812707.14665689,27.0,2218739.0,51701.4963085631,14990.725463362867,4272.052598590824,1491.597751605806,55.000000041909544,4721.323021518673,1053.344634536649,272.65850855480704,114.8547226528852,1.9208961635765676,891.090453,1084678.4757017323,274854.36435420683,551821.4157924949,258002.69551599756,843019.5199996713,532479.9999611248,704000.0000270732,53759.999988495896,354559.9999869292,83199.99999761682,491143.1661718
44900.0,24936,3590.784,4572.0,2244.24,5037.071999999999,5984.64,3565.8480000000004,9675.168,8278.752,4712.9039999999995,9700.104,1446.288,1945.008,6782.139,9365.811,4462.7521653078,3229.59,2281.0,9092.538,820.0,1436.0,9.0,44399.0,7477.0,403.4,1794429.672331842,13.0,674537.0,10473.08221682344,1430.39138413848,91.36701076882312,1.0,0.0,810.8722159621062,129.59092135451235,12.611817038869424,0.576922623228619,0.0,60.66630812,479077.5590046145,48648.34972270439,342335.34768628364,88093.86157476048,689570.5599680793,104960.00001888616,641919.9999431387,58879.99998450349,229759.9999792669,49280.00000595518,200524.7125629
44940.0,104012,16641.920000000002,18339.0,7696.888000000001,16329.884,20906.412000000004,15081.74,33387.852,30787.552000000003,16017.848,41812.82400000001,4680.54,6448.744000000001,21591.08,42331.28,21147.639154980003,14358.6,17378.0,36056.04,2947.0,9132.0,157.0,45724.0,38407.0,889.2,7899445.99017888,75.0,5335550.0,38656.88016100325,9264.277597156835,1896.8278986988312,30.63411169685423,4.000000014901158,5254.466669622857,1429.3091977998229,180.7813191207124,8.052516162237108,0.5958491579415581,5260.052641,2294823.98190751,343302.45570984087,148075.58446303933,1803445.941856493,3828585.5999240503,669440.000038782,757119.9999681523,167040.00003263415,4039679.9998096423,462079.9999359186,814083.9830104
44980.0,108224,19606.635000000002,24029.0,10533.91,20344.824,27019.174,13437.545,37768.888,29760.311999999998,17964.54,40546.53,4473.044,6078.313,25252.23,40396.236000000004,20627.8272715014,10035.864000000001,13695.0,31605.75,4513.0,5041.0,156.0,111166.0,39957.0,614.2,8278509.840243474,64.0,6455801.0,66123.34245754998,19452.98018232698,4910.755964119751,420.2938988562671,53.00000004470351,13718.547398553037,2652.482321829017,406.2047106497379,42.15055750148282,5.961868636346351,23077.19865,1116115.877413714,105732.74331674476,730858.375820042,279524.7582568331,2390485.119959523,183680.0000210878,1382399.9999945587,275200.00001459115,792959.9999968761,664320.0000024614,293118.2657261
45000.0,29904,6220.032000000001,4882.0,2392.32,4993.968,6967.6320000000005,3349.248,10346.784,7206.864,4485.6,9778.608,1315.776,1883.952,4952.64,9184.896,6414.7570180736,3091.6479999999997,3998.0,7714.112,676.0,1198.0,95.0,63803.0,6544.0,225.7,2350721.6944037117,16.0,1342696.0,84469.6305760725,24811.29163667535,2805.996408664456,319.99640848860145,38.00000001862645,870.4772927596686,235.19901537895575,22.604803673248114,0.4841031284435041,0.1096313511911864,1156402.222,4545785.535655703,258154.2872738244,3528553.744857315,759077.5033733608,3129635.2000230392,338560.00043304585,3240320.0001494964,328319.999428716,705280.0002299615,169599.99997370184,2906295.2110206
45020.0,14473,2315.68,2799.0,1157.84,2619.6130000000003,3444.5740000000005,2416.991,5890.511000000001,4993.185,2909.0730000000003,5977.348999999999,853.9070000000002,1288.0970000000002,2759.31,5666.97,2749.63004382,2002.725,1765.0,5088.405000000001,377.0,1088.0,10.0,41720.0,4612.0,421.4,1096704.297454155,14.0,1235865.0,47912.42361873056,12336.677415072876,4239.570442364191,553.8707415659155,48.0,2594.7692155479776,596.6868779648811,152.54833116214323,20.660403132534313,0.73281118654664,1078.273299,772675.8054998494,147919.17535579915,477825.028594956,146931.60143250064,870193.9199905475,224000.0001026345,349439.99990516854,87680.00005818509,312319.99978039134,341119.99992733705,583665.4564340999
45060.0,653633,126752.182,117108.0,56682.117,100821.42,156160.768,70507.93000000001,196757.79000000004,161149.408,94937.073,230129.62500000003,26025.603,35109.368,117873.842,216129.826,152003.4175359146,55950.82199999999,106123.0,178896.602,25635.0,36603.0,1664.0,186781.0,238377.0,1242.5,51020942.979871094,514.0,48955994.0,220377.55542218857,61472.79954428981,20700.196312804364,1157.856933237235,106.999999968335,64502.222698348625,13967.11197050596,5198.412644688836,454.1925562309281,16.511318377616178,4649.579307,4991710.37744799,990200.7699555532,644646.709021745,3356862.898476131,9198797.440025454,1519999.9999773994,1920000.0000122197,424959.9999809097,8552320.000010788,1788799.999947645,1526290.5152952
45140.0,48098,6781.817999999999,8522.0,3655.448,9811.992,14237.008000000002,7407.092000000001,22125.08,15824.242,10196.776,20537.846,2549.194,3847.84,11715.541,19460.543,6468.039618843601,6372.47,6311.0,17695.859,1071.0,2917.0,210.0,49553.0,15097.0,688.5,3683474.718268684,24.0,1658676.0,11444.691287885362,868.703554179883,5.00000001769513,0.0,0.0,638.5267117628423,30.553380880532703,0.142710171480011,0.0,0.0,73.25760394,1125376.132553704,84951.07011034762,604457.0169705322,435968.0454518973,1912262.399973629,236800.00004777953,1483519.9999652922,136959.9999752353,903680.0001135814,183040.00002904912,479350.2808659
45180.0,90870,12034.88,17732.0,7775.4039999999995,16609.502,21878.714,15479.022,34643.05,29966.768,18225.453999999998,38741.118,4997.85,6461.936000000001,22520.3,33849.235,12553.0754885025,11953.17,11641.0,32500.8,2774.0,6651.0,21.0,91311.0,29501.0,1522.9,6620291.68216192,-9946.0,3828755.0,73647.34569943916,21587.33735405034,4195.840806522208,418.0234043136006,57.000000028871,5405.050651196375,1235.2721599478004,208.71140519073185,16.33929917779404,2.491293945780868,158.2116018,1325271.3242445593,157242.94683036502,1024770.0233501144,143258.35411485878,2006161.91998278,309120.000028305,2225279.9999640486,310400.00003031554,260480.00001033797,37760.00000179741,471539.209208
45220.0,390992,66511.697,60433.0,29036.871000000003,53037.030000000006,89203.728,43609.835,124569.88700000002,91230.71800000001,50994.62499999999,129902.50400000002,14957.066,22846.392,69421.412,124459.5,74962.6860954444,43199.964,68713.0,103987.488,10955.0,25439.0,821.0,223126.0,145512.0,3336.5,30412933.90827854,342.0,22612877.0,132894.78125636652,38966.50410389522,8375.0206690384,653.0000001104781,45.99999997019768,28294.973361046348,7377.2593182869205,1200.0482311817466,95.00436988351262,6.630868143862504,136098.1077,4110916.419360599,574660.7095918664,1536228.174930506,2000027.5350525456,7322383.359853913,1135359.9999894374,2997119.9999121553,449919.999940664,5752959.99993254,1036160.0001080908,1528091.0760863
45300.0,3290730,566608.7080000001,661177.0,304319.724,453047.032,678219.227,408277.504,1031235.785,811169.3430000001,491056.57100000005,1060292.759,128792.60800000001,197584.85700000002,587691.115,968201.831,693367.7604987918,344978.012,533042.0,853027.003,110763.0,178423.0,5807.0,231244.0,1119737.0,1698.5,254869185.66434035,2024.0,222744703.0,428677.0436984546,135700.83067054182,38992.09537254934,4535.335150595516,73.00000005355105,287444.1563009223,77112.17517565188,23119.38513429802,2394.2329933736296,27.39293710624846,151754.4763,12656352.001480348,1456031.0119339337,1595210.3842673649,9605110.6051609,47043077.12005433,3266559.999958368,7267839.999966495,2897920.0000254717,43563519.999962024,10240640.000030996,1609719.9085598
45340.0,34580,4944.9400000000005,9340.0,3250.52,4979.52,6916.0,5083.26,11826.36,8956.22,6155.24,9924.46,1729.0,2593.5,4530.427000000001,9256.411999999998,5360.8932861803,3780.788,4454.0,8376.401,1729.0,2783.0,281.0,43230.0,9134.0,256.7,2587534.543762685,29.0,1259724.0,23126.468375588032,5619.148642052774,163.0,7.0,0.0,493.60277580279336,109.76265123324131,3.090626915906363,0.132726309272053,0.0,41.34902598,1984581.0920046847,79165.61392838233,1462832.291427676,442583.1866774564,2267511.6798898093,141439.99978554633,1717760.000165246,483840.00026244303,817280.0001732231,92799.99994959624,1409487.8995214
45380.0,33436,6553.456000000001,6684.0,3076.1119999999996,5750.991999999999,7021.56,4112.628000000001,10331.724,8425.872,5048.836,12170.704,1337.44,1772.108,6671.599999999999,11547.0,7600.5492057625,3079.2000000000003,4483.0,9301.75,1101.0,1376.0,21.0,56656.0,12312.0,281.7,2453794.49862215,15.0,2014433.0,34877.55421046448,10091.38483263109,1123.0607367710036,222.0000000111509,33.99999999602187,2964.223341687587,552.4974532517459,55.77314201390252,13.751573461087307,4.640524641367128,168.8727796,1108751.2922892552,222658.21327373068,27541.718473262157,858551.3605371203,1398579.8399290976,311680.00002589973,88320.00004380623,47360.0000155591,1091199.999983438,564479.9999987958,454063.4708891
45460.0,168506,26175.143000000004,30128.0,14266.885,32843.316999999995,43703.368,21306.355,57188.866,49494.778000000006,25127.75,66881.71500000001,6759.2339999999995,9203.654,39277.827000000005,62375.702,31335.0763820985,18660.33,24545.0,55473.777,5424.0,10046.0,219.0,199979.0,61320.0,1462.4,12738018.73155524,118.0,9226486.0,172907.71273796813,43683.89856988159,8260.785687716088,1046.000000251002,142.0000001192093,37875.427341291674,5504.903571852216,1031.913183639234,111.37668431956655,14.062250032020753,2293.40444,3637215.0068306513,458552.44456579146,2382083.168590237,796579.393715494,6799237.120120306,719360.0000155133,3486720.000085196,732799.9999813228,3184640.0000291527,1616640.0000395053,1222316.0677409
45500.0,146408,23509.084,26352.0,11805.009000000002,28535.589,35782.232,22070.596,56219.348,46136.106,27802.917,60708.409999999996,7453.104,10119.179,31725.081000000002,56359.109,26171.5062028996,18114.569,21433.0,47610.36,4543.0,13786.0,213.0,141085.0,51859.0,1975.0,11037971.002177719,132.0,6779480.0,207541.35881772632,54795.478987506634,14821.668721602084,3289.0894122010454,259.0502138080773,24843.185744537215,5417.707234159403,1277.0773350118666,281.95834668152247,23.668114635701567,81860.96089,2970369.7940077726,554004.0047803926,1448643.1475957104,967722.6417046316,4288025.600017489,977280.000034508,2348160.0000680992,343680.0000879344,2208639.9998330483,904959.999856274,1307478.616209
45520.0,26561,4541.9310000000005,5609.0,2470.173,3745.101,6773.055,3134.1980000000003,8738.569,6082.468999999999,3931.0280000000007,8685.447,1062.44,1513.977,4567.719,8897.811,5606.0814194424,2455.479,3754.0,7181.616000000001,953.0,1040.0,158.0,55519.0,8794.0,472.2,2049260.110729182,19.0,2040407.0,52825.60392750009,15450.723703912929,3016.6033380473555,225.43272898683773,33.0,3370.905551313878,782.4128796073577,243.8200729541443,7.033032707086909,1.6142629051891282,854.7227082,2586636.1665699584,266709.2895228378,358251.7505722067,1961675.1258215485,1685371.5200090702,275840.00025181833,464639.9997392215,45439.99991496653,1569919.9998763036,282879.99969511066,1523893.4408989
45580.0,28086,4044.384000000001,5028.0,2359.224,5476.77,6431.6939999999995,4353.33,10644.594,9156.036000000002,5617.2,11711.862000000005,1685.16,2190.708,6472.588,9894.571,4497.446072035,3501.5640000000003,3469.0,9443.612,750.0,1821.0,8.0,48233.0,9599.0,607.9,1888512.3503539823,20.0,864683.0,11651.397022038163,2348.0774531111097,71.41821450472345,7.0,2.0,819.7291527987212,154.77008923777709,1.3580106368804696,0.1996970812425585,0.0252818374610225,97.19679477,465187.69177812,56972.08018360572,276246.7183976689,131968.89316746936,666721.9199614337,115840.00000452469,406399.9999508109,51839.99997151612,399359.99996510067,77439.9999980211,207014.1713649
45620.0,71569,9447.108,13176.0,6135.380999999999,12550.207,15549.838,11093.007000000001,26128.576,21918.351000000002,13402.58,28542.557,3955.66,5341.478999999999,15006.083,26151.228000000003,11123.8338007296,9172.609,9729.0,23785.395,1518.0,5833.0,117.0,112570.0,23701.0,1223.7,5176383.64184598,54.0,3624778.0,42366.09630908565,9590.37275816286,501.00000010096807,17.00000001490116,1.0,2595.4542625216072,482.6085194400832,26.993342670189065,2.450320682804108,0.0105807265994626,314.4635011,841503.355084037,155798.83708974722,504932.017647841,180772.50034362084,1258485.7600437994,239999.99997351493,753280.0000045545,135680.0000018684,623999.999977873,204159.99995747057,348551.0864407
45660.0,54632,9833.76,10485.0,4916.88,11363.456000000002,14586.744,7703.112,19066.568,15843.28,9014.28,25130.72,2130.648,3004.76,12800.554,21261.006,10684.2634369328,5988.242,7434.0,16481.399999999998,2220.0,2822.0,81.0,58129.0,21282.0,442.2,4222839.294673662,26.0,2515015.0,100715.79472024571,18661.17588008547,3267.320091436094,724.2670064638369,100.00874605868012,14139.5855998936,2270.063086220453,396.3974738622754,72.77630825973289,10.321190581402044,374.6665465,930149.0604419096,222799.10828406268,559282.7056314652,148067.24650772408,1152572.1600032807,360959.9999801907,512000.00004666013,207999.99996877517,564480.0000174415,226560.00000329452,352649.1934949
45700.0,50254,6828.948,7887.0,3898.8820000000005,9089.034,11102.887999999999,7744.264000000001,18349.760000000002,16736.484,9129.998,21047.136,2849.144,3913.3199999999997,11285.960000000001,18125.583,7914.2954376801,6776.567000000001,6331.0,17644.809,1273.0,4596.0,34.0,91135.0,17668.0,1889.8,3573817.419276895,54.0,2724128.0,56161.28612910383,16203.365639415037,4481.747807847146,540.1041045403072,34.9999999795109,5102.351966131979,1243.0097715835195,299.33638138230265,45.37219993814734,0.699019830122857,176.8808791,627631.8665503662,115790.12611360585,356898.2822152431,154943.45821880593,1216426.2399206469,233599.9999991133,729599.9999679805,128000.00001290823,549119.9999712154,235520.00000588276,166965.3968485
45740.0,26767,3800.914,5281.0,2569.632,4603.924,6290.245,3774.147,9796.722000000002,7976.566,4791.293,10037.625,1311.5830000000003,1820.156,5613.005,9111.343,4891.0437372299,2871.77,2515.0,8093.17,669.0,1291.0,23.0,46626.0,8898.0,370.3,1899245.799271009,17.0,1227757.0,12504.06614750663,2437.0398756790437,236.79560484677495,38.00000002422893,5.99999997019768,1186.790593594966,203.6522492214684,19.05947154140032,4.193806890271831,0.5350863821259164,17229.9736,483207.8019563562,56976.750438107745,299835.59701593395,126395.45449763852,947399.6800429622,156799.99998419246,878079.9999581422,78079.99999397731,360960.0000086249,42880.0000006215,114653.6337426
45780.0,600406,107344.10500000001,102739.0,50334.525,109346.44600000001,160930.22499999998,82500.4,215523.22400000002,163035.752,100561.077,243144.24800000002,25476.112,35419.83,135054.704,226858.333,112306.79240559309,70761.594,101481.0,184136.681,28330.0,41499.0,1935.0,180057.0,235317.0,1395.3,45452126.74489995,536.0,44723872.0,335390.850392578,78439.03658283768,19669.713088993314,2764.327106094863,304.00000000884756,102798.27670791898,21953.743775583593,5464.017438980761,748.7981549755327,109.41496289523796,7075.15429,4563708.130302269,797639.8154299028,2028496.538823173,1737571.7760406835,11006855.03979782,1233920.0000228612,4298880.00005289,1480319.9999324274,6986240.000020475,1999359.9999953103,1034860.1759364
45820.0,231783,38022.46600000001,45085.0,21740.514000000006,35397.238,47991.636000000006,29919.545000000002,69995.234,55153.949,31835.879999999997,92505.507,7667.019,10204.555000000002,40212.869000000006,87980.332,42598.8296324025,23741.026,36382.0,68035.76299999999,6889.0,11784.0,660.0,297947.0,89334.0,1987.4,17730908.237473473,-29857.0,14048044.0,290574.54605619767,68177.122199585,17884.542038754484,2695.297874818705,478.78091025247704,26283.71947410873,4960.821622269493,1540.3611694225867,109.30309571905515,9.307087753565797,2688.897811,4992178.920598257,611817.9511578295,3063043.1977973296,1317317.7717847654,6968613.119841392,911359.9998970288,3313919.9995914055,1079679.999898182,3325440.000054315,1460479.999953661,2068854.2302115
45880.0,12905,2374.52,1853.0,619.44,2297.09,2748.765,2206.755000000001,5265.24,4813.565,2516.475,5433.005,838.825,1393.74,2727.279,6299.8550000000005,3008.2898249518,2488.044,1802.0,5885.181,631.0,1143.0,1.0,64863.0,4767.0,463.2,1226015.187994316,12.0,18123100.0,65181.456001524784,23941.610398694396,10213.811663152472,197.6716134399175,29.0,1890.6870802407484,531.1700707618214,88.44461484765692,5.946880855396289,1.4189860896843365,211.2072567,,,,,,,,,,,
45900.0,155813,26538.841,35835.0,16542.606,21606.397,37499.047000000006,17206.319,43554.355,32673.911999999997,20263.324,50029.802,5065.187,6714.342,27720.851000000002,49827.335,35356.9458797057,12965.115,24857.0,33799.405999999995,6613.0,5208.0,497.0,262406.0,55878.0,763.8,12017246.073943999,134.0,8879494.0,98517.82563421695,18447.07982920754,1149.6340087141875,59.0,7.0,10368.639342269144,1864.6686983691284,154.71537674397982,5.833279021789899,0.2065448671630552,1011.974833,3235756.13599709,584005.4350531786,1323594.255425851,1328156.4454801378,4003703.0399162592,1411200.000005242,2233599.9999120077,344960.00004832714,2475519.9999193377,517759.9999689539,1082201.7584871
45940.0,380688,59006.64,58961.0,27409.536,39210.864,64336.272,38068.8,97836.816,87938.92800000001,43779.12,116490.528,11801.328,19034.4,54980.451525626406,113109.612,59789.5069352331,38192.856,61300.0,103194.159,15255.0,21835.0,1311.0,87581.0,119501.0,531.3,29131386.524645902,285.0,50364581.0,80137.29240985506,22378.293412469775,5865.06215039859,890.0579713492717,44.000000128522515,59946.61151086804,14053.25840650084,3417.117987692443,201.41101210421317,46.747600923849674,16593.95832,1441821.1022305433,168109.57864356082,234342.5270971359,1039368.996462009,5814181.760040619,302079.99999811547,1138559.9999777058,343039.9999964988,5246719.999913702,1212160.0000103835,143638.6752612
46020.0,102293,18105.861,28765.0,11865.988,15855.415,24959.492,12888.918,34575.034,24345.734,17389.81,30483.314,4398.599,5728.407999999999,12351.144,25001.106,22753.366823382,7769.268,15404.0,18725.928,3702.0,3288.0,993.0,74158.0,31731.0,223.5,8050545.0547002,62.0,5500012.0,60010.85404785286,20988.2858465276,7150.337473614951,389.1091152317827,19.000000009313226,5988.90874548529,1480.972829902027,635.3412138270165,18.19887210716097,0.659482317752584,847392.9081,1892358.113738097,117657.68569248442,1284692.3937294434,490008.0345355363,2459975.0400815583,183040.00001509764,2125439.999988899,140160.00008359953,1159679.999936733,128640.00000237137,612953.1312204
46060.0,1057597,168157.923,221336.0,95183.73,135372.41600000003,254880.87700000004,123738.849,356410.1890000001,267572.041,156524.35600000003,333143.055,41246.283,64513.416999999994,151748.025,326841.9,193399.5846682125,100811.625,171504.0,248314.95,38308.0,63886.0,2146.0,56551.0,337360.0,637.6,83272891.3930164,719.0,56493284.0,264852.00371104357,70932.11408238203,12190.220443869115,2065.9534550599865,83.48246391862632,155855.6369028652,42154.93090546418,4359.376819930969,644.6020482849433,15.777322527717764,147226.3229,6639969.383675647,550038.4864011342,2360152.880101459,3729778.015962186,17922094.079660546,668159.9997757828,4264960.0004372,1434880.0002296634,15457280.00010597,3332479.9996498437,5880633.3716822
46100.0,66470,9379.011999999999,11585.0,6136.415999999999,15541.537999999999,21492.978000000003,9950.274000000001,27175.688000000002,20809.002000000004,12867.261999999999,26186.33,3269.5640000000003,4512.268,15120.21,23007.258,9992.9387030802,7310.108,7108.0,20860.447999999997,2186.0,3260.0,134.0,119448.0,23107.0,735.1,4777838.462133126,44.0,4227655.0,29692.937909619606,9787.083598293528,2766.579991183761,291.6522040980745,5.0,3303.825065597457,825.15710551045,144.99911252852846,16.734909098256793,2.4533540323593375,992.703457,2009734.6863909983,183824.3340166628,1098386.5460299186,727523.8064002948,3299121.9199381093,315520.00009782723,2043519.999963863,128639.9999270694,2202239.999843821,338559.99994295696,712100.3370657
46140.0,1034123,141389.136,163650.0,80012.604,171011.82200000001,289830.31799999997,133065.703,406079.77400000003,299621.612,178632.497,396658.162,41812.773,62710.641,188244.389,362366.97599999997,142957.86640495798,108201.33099999999,164229.0,338666.627,31057.0,63747.0,3933.0,395327.0,377679.0,3138.0,76905066.37977913,762.0,62151989.0,715154.2459410578,205561.9042656859,51779.51767771744,5146.114533632912,388.9999998509178,373160.55831799743,114888.54978713216,22490.91334385196,3343.1325185183755,64.64199314585248,15836.64048,11244837.68579294,1249068.0036758196,5142903.441164075,4852866.24083352,24165744.63958006,1878400.0001436248,10084480.0000334,2017919.9999517177,16749440.00009291,4249599.999993448,4012488.1413551
46180.0,131654,20913.221,22139.0,10420.056,23833.444,29194.772999999997,18054.139,49799.922000000006,42740.937,23735.54,52401.263000000006,6131.349,8979.042,28344.061,51525.382,20744.8615736468,15236.018,21620.0,50968.683999999994,4863.0,8449.0,573.0,150576.0,51595.0,1088.4,9881507.561716812,123.0,7352715.0,100157.91167602419,23358.15075839909,6502.103121148825,524.7469387850726,134.99999997019776,9719.397638305109,1884.9834226240805,430.69488139071217,56.86272762554952,22.905898847274262,502.3453042,3092461.306201665,540420.6487022229,1640942.6943255528,911097.9631123316,3630149.1199198742,986879.9999810108,2820479.999888192,229760.0000099764,1866880.0000542032,273919.99996618397,1213099.2871088
46220.0,277494,41233.962,38603.0,18559.752,46289.303,71342.188,36767.957,100996.14700000001,79151.466,44269.624,111952.849,12324.609,17437.008,53242.718,98838.067,40450.336446114,32180.557999999997,41136.0,83010.033,8148.0,19751.0,342.0,173925.0,90905.0,3679.2000000000003,19090385.942217506,-9807.0,14015219.0,207998.9707628585,62534.30600224901,12907.60479391375,2221.823916183148,152.00000018673015,28874.404807830055,8198.181202273921,1885.4605613200972,272.78444435180813,12.19502526188664,1291.505824,4343551.612284927,584120.7474958987,2522943.043380292,1236487.821628397,5847312.000036488,1118079.9999736832,3954559.9999945825,418559.9999820237,3261439.9998516985,615679.9999129605,2235608.5490517
46300.0,119007,18104.16,17680.0,9692.856000000002,16060.611,28463.103000000003,12619.623,41214.162000000004,30227.325,16886.112,44017.041000000005,4706.991,7094.679,19026.532,37742.753000000004,18396.1893592056,12296.348,17320.0,33238.917,2654.0,5185.0,265.0,112337.0,41796.0,911.7,8779576.661850259,89.0,6998594.0,75553.71019419792,21520.04139974166,4488.371188076226,427.1360283175634,14.0,6756.166545059802,1186.8100925852677,103.60527394231453,6.072532823341743,0.3039697028992342,955.4214458,2417897.8388518607,174688.2319902826,84811.7744092317,2158397.832375624,2981251.840242678,229760.0002901657,280320.0001415216,140800.0001224384,2675200.000226109,869120.0000767343,1612239.5751834
46340.0,241922,42578.272,40830.0,18869.915999999997,40400.974,56367.82600000001,33385.236000000004,84188.856,67738.16,39675.208,94833.424,10402.646,15483.008000000002,41030.244,89370.474,44162.3479949148,27589.302000000003,38557.0,66025.68000000001,7343.0,12903.0,339.0,60735.0,84604.0,384.5,18243935.1391948,209.0,14744883.0,103358.19735396407,31339.95307449103,8093.324004218665,611.2541592998313,58.00000002235175,19711.89682242549,5979.2947594289935,1236.67762875201,51.05334679649624,5.5512024216630875,2646.322535,2134656.9394191545,395986.9481848288,845870.393357702,892799.5977402293,4367967.359943609,850560.0000097143,2183679.9999579387,302719.99996689305,2838400.000011309,715520.0000038344,589729.9158336
46380.0,89783,15083.544000000002,20420.0,9337.432,12210.488,20739.873,11312.658,30705.786,20290.958,14903.978,26037.07,4130.018,5925.677999999999,12737.028,26506.788,18093.2386352079,8606.1,11581.0,21601.311,3292.0,5431.0,696.0,53176.0,26473.0,471.5,6757394.508762324,62.0,4263255.0,53092.58286558759,17756.65326261184,4555.053172941004,2.999999999999998,0.0,3810.808099154136,918.188270715955,395.7911527325661,1.384411556520469,0.0,52582.2843,4479352.265277622,290992.1508706161,2974314.630792564,1214045.4836242625,2909850.239886624,408319.99976313655,2512000.0001492877,186239.9997225966,1278719.9998863875,195200.00016868216,2244020.528458
46460.0,30394,4285.554,6438.0,2917.8239999999996,6808.256,9118.2,4832.646000000001,12096.812,9634.898,5987.6179999999995,12339.964000000002,1519.7,2066.792,7984.715,10817.029,4515.8142905559,3917.03,3403.0,11118.339,858.0,2000.0,16.0,45643.0,10732.0,718.3,2235386.9593958943,18.0,1568289.0,24651.787375989898,5593.955851447671,524.1839355692939,72.99999992642552,17.999999955296516,1238.901558869958,301.90173720176995,21.271448766346065,4.307458940447923,1.5982707887903471,105.1170367,779800.6263622205,112063.17085606154,525900.1969315938,141837.25860457984,896973.4399749809,167040.00001181412,595199.9999788929,75520.00002175324,405120.0000224181,154239.99996366084,348694.7671704
46500.0,38709,6967.62,7378.0,3638.6460000000006,7432.128,10219.176,5341.842000000001,13315.896,10528.848,6425.694,15483.6,1470.9419999999998,2090.286,9155.6,14921.68,7427.694589096,4051.84,4293.0,11415.28,1421.0,2167.0,42.0,64142.0,14132.0,298.3,2991679.4370009596,19.0,1496151.0,20370.31010887615,3504.531528736424,577.2384111344361,68.99999997019768,6.0,1228.62546444673,244.95743451922093,58.27264803856902,2.011065650526779,0.1762767095413573,268.6552874,603749.3164417024,208550.3693694583,306769.6420232491,88429.3049937928,673525.1199882252,280959.99999534665,388480.0000069386,69760.000006731,346879.99998325866,113280.0000098465,274550.38719
46540.0,288668,56867.596,57643.0,26458.696,44426.376,62510.87,32221.614,85305.2,79440.69200000001,42036.326,109803.042,11198.23,15408.606,57297.320999999996,94336.893,67341.2296686318,27659.502,42601.0,83039.451,10425.0,14285.0,472.0,118589.0,103238.0,633.0999999999999,22455571.873493306,195.0,15212173.0,132287.5867914088,35392.34976153765,9677.68422409763,733.3409078195498,146.00000002235174,25965.817317629462,5427.541110572604,1410.919344455498,89.57100828640478,13.927885755859128,6655.737012,3253196.149985707,855041.4514188248,577177.535253289,1820977.1629277412,4182679.680125018,1297920.0001101173,1070080.0001640895,229120.00002208856,3608959.9997209143,832640.0001498451,1679241.0384211
46620.0,24940,4115.1,4532.0,1621.1,3616.3,5461.86,4140.040000000001,9776.48,8629.24,4663.78,10075.76,1421.58,2369.3,4412.43,10857.252,4583.703578172001,4145.01,3533.0,9948.024,728.0,2736.0,15.0,49275.0,8802.0,347.8,2032472.199231258,22.0,1132321.0,38999.28255153047,8197.163998046553,2045.689064660008,174.00000007264305,36.000000059604595,2318.9006557698604,451.0271958142738,50.66203723328065,3.914418910514534,0.9445712059400622,27338.04207,998903.2670798498,148669.45831574127,682554.5110074675,167679.2978692447,906765.4399759712,189439.99992730952,527359.9999973922,62080.0001526206,408960.0000864475,220159.99994397565,993207.5158615
46660.0,149849,22222.801000000003,20676.0,9844.598,25872.857,33354.331,19728.874999999996,51139.25,43608.777,24145.976000000002,57631.769,7635.321999999998,10441.583000000002,30878.101,54286.063,25304.6983608314,20115.816,22853.0,49585.503,3737.0,11955.0,221.0,172430.0,52017.0,1923.6,11166968.77664655,-9873.0,7194278.0,102458.45564546005,25218.440140726438,4594.703893437784,605.479430112654,73.00000003701005,12635.377721211471,2845.0606145166394,598.8868551497438,90.93151004594645,7.1172461433601395,3208.770969,2276467.9461449967,451637.2616829069,1359979.0967313622,464851.5876916478,3337589.120125808,753279.9998704543,2160000.000043691,378240.000001881,1647360.000145069,419839.9998803357,1028641.038544
46780.0,28769,5034.575,5609.0,2790.593,5149.651,7508.709000000001,3826.277,9781.46,7479.94,4603.04,12082.98,1035.6840000000002,1467.219,6561.0470000000005,11038.328,5399.7256782403,3013.013,4250.0,8419.541,1038.0,1284.0,31.0,57863.0,11745.0,194.5,2178694.605865163,22.0,1672546.0,23275.959889415768,5592.793348691165,1839.16034603482,90.2221379168332,3.0,1423.8420245327843,249.8036187605088,81.07531301721801,9.664471245144576,0.043006979574245,137.33903,738448.5286805191,190921.40906216457,441043.7382541526,106483.38137030925,837386.8799774209,268799.99996196444,371840.0000131862,136959.9999907527,428800.0000057129,166399.9999935347,261852.3982903
46820.0,15280,3575.52,1781.0,886.24,2185.04,3483.84,1130.72,4522.88,3254.64,1497.44,5332.72,473.68,718.16,2436.0660000000003,4231.062,3023.5608925742,1225.156,2425.0,4131.34,323.0,569.0,10.0,49834.0,4639.0,554.4,1117756.830770952,11.0,807557.0,11392.653134519664,4010.2459015571185,859.7987220714424,17.0,5.0,796.6707947772887,161.05443068295014,11.278785800258564,0.1471546951097206,0.0322005630325422,93.20432832,599939.307337649,72789.78892743577,452041.4663069579,75108.0521009701,574240.6400490883,127360.00000702387,303999.999987445,177279.9999999817,177920.00000987478,75520.00000367139,263693.8618832
46860.0,37141,4976.894,4268.0,2711.293,4865.471,8839.558,3974.086999999999,11365.146,8356.725,4791.189,12850.786000000002,1374.217,1894.191,4963.860000000001,12985.17,4196.402803065,3920.73,5320.0,9064.44,1228.0,1703.0,52.0,63282.0,10779.0,198.7,2722595.0549156703,20.0,2427846.0,28911.31156641725,9318.634031140824,989.9999998598646,4.0,0.0,2188.2520744909443,561.2287122532158,54.964121553497804,0.511377514929975,0.0,30909.33705,2403658.0830589486,156466.61033060335,65036.06585632425,2182155.408326641,1128155.520318533,172800.000428565,116479.99927433528,37120.000334160424,1310079.9995328586,139519.99978093605,2868662.8523259
46900.0,12491,1961.087,2377.0,1011.771,2460.727,3022.822,2148.452,5158.783,4334.377,2698.0560000000005,5121.31,836.8969999999999,1174.1540000000002,2623.368,4870.176,2239.5378816,1782.3839999999998,1738.0,4619.1359999999995,290.0,505.0,18.0,51774.0,4802.0,266.3,929139.482506344,11.0,977547.0,30938.78238393261,9558.29896980761,3345.741238595075,224.814531385899,73.0,846.4467142210456,242.10507358260833,40.31419958654557,2.91652011343524,0.5007698928459636,65.16292302,1067494.115955953,214638.8591870388,436512.83214996,416342.424196947,1224739.1999306392,346880.0001770739,419840.0002370137,87679.9998096748,837759.9998769811,298240.00020605564,621391.7840426
46980.0,42649,5672.317000000001,8068.0,3283.973,7335.628,8444.502,6695.892999999999,16078.673,13391.785999999998,7975.362999999999,17827.282,2260.397,3198.675,9237.246,20133.609,6168.587992958999,6053.535000000001,6733.0,18026.082,1767.0,5211.0,227.0,48283.0,17093.0,903.5,3281518.258075776,44.0,3204797.0,29640.365755959,8135.891162576144,1844.2901797966176,268.29018002608746,29.0,4156.997504519711,1069.0253942376407,251.55498651293573,28.76905305483409,4.226742092373254,1921.419029,711529.9360667033,96943.37014506762,373804.08908192866,240782.47687739195,1136884.479937703,154880.00003599003,660480.0000143835,46079.99997026107,712959.999948492,174720.00002047658,376651.211694
47020.0,98196,16629.141,17381.0,7310.928,15850.704000000002,22779.834,14963.085000000001,36325.389,30678.300000000003,17137.659,38016.11400000001,4818.735000000001,7630.764,17553.84,38117.418,19421.699173008,13349.358,14464.0,32067.014000000003,3655.0,7211.0,154.0,108553.0,35634.0,636.7,7721079.997957109,84.0,5962749.0,89637.59975820042,26094.95766931355,8273.650670561276,429.81261819414783,93.99999997019768,12395.825973227396,2599.5466280277624,314.0271537876853,28.791675619758745,4.245572051225548,868.2108365,2102059.352311685,428220.58229372813,697011.4298460535,976827.3401332776,2702405.760043779,655360.0000537484,1069440.0000282617,203520.00000024107,1827840.000119633,566399.9999267289,1109810.9840626
47080.0,35492,5031.209,6275.0,2848.887,6192.853,8029.847000000002,5169.689,13024.627000000002,10780.848,6277.724,14942.132000000001,1933.006,2642.846,8348.52,13629.114,5958.1082377755,4938.768,4015.0,13062.177,1004.0,2526.0,21.0,89239.0,11331.0,1287.6999999999998,2651750.285906529,32.0,1415286.0,34353.909051560506,6906.254970415317,399.66979449335446,68.00000000000001,13.0,1824.1279324940292,342.5803055980884,27.55821389071894,5.512469856991229,0.45279913060572263,66.18865163,930214.2884246,149994.57894032833,588719.509788332,191500.19974515148,1179733.7599708068,350719.99996814,751360.0000144055,122239.99999218882,529919.9999657325,202879.9999749075,387290.1394893
47180.0,35789,5797.817999999999,6878.0,3149.432,6370.442000000001,8839.883,4509.414,11345.113,9877.764,5583.084000000001,13420.875,1395.7710000000002,1825.239,8290.494,14097.492,6141.7520743878,4017.42,4850.0,12052.26,1080.0,1820.0,68.0,44842.0,14974.0,338.9,2716516.874391624,29.0,2403854.0,47885.35254712,12020.854720025329,2292.751747441306,175.99999997764826,39.99999998044224,12513.64187893941,1821.5150444843996,233.368234573816,26.644320920869426,3.4038016419012727,165.8178945,879308.6369246505,126571.77411362198,541780.0868573096,210956.7759302961,1428280.320047092,154239.9999568844,663680.0000208911,117120.00004356996,657280.0000439284,430080.0000164076,330245.8015558
47220.0,151356,24065.604,23419.0,10897.632,25125.096,25881.876,19070.856,48887.988,43287.816000000006,24065.604,55396.29600000001,7719.156,11200.344,33217.8042373824,58362.176,27137.0999259072,17934.976,16593.0,53363.903999999995,7129.0,12196.0,160.0,60352.0,46831.0,694.2,10967136.532988865,84.0,7748472.0,28836.619630119727,7028.704074797944,935.9181247574048,24.999999972572365,4.0,8606.629742587827,1913.6712663628252,158.6835988665093,8.92032715160427,1.3799889948621715,6090.368856,967977.621820738,41602.312472789374,421177.78075268585,505197.5285744053,2363925.119935695,78720.00000436803,974719.9999496804,275839.9999903344,1520639.9999477158,423679.9999800828,309344.0632448
47240.0,20868,3631.032,4512.0,2295.48,2358.0840000000003,4737.036,2420.688,6427.344,4507.488,3046.728,6093.456,709.512,1001.664,2584.228,4627.165,4155.8708780394,1257.192,2453.0,4173.179,877.0,496.0,125.0,80459.0,5741.0,352.0,1420395.874263827,17.0,1852111.0,9951.093309038912,1533.0000005088905,216.0000000569708,8.0,0.0,604.3747539855049,51.53753168432224,6.419789517275581,0.2149764701853013,0.0,6820.715117,429903.20407891367,15.304109989732298,36944.46649461647,392943.4334711341,1260666.2400037963,0.0,273280.00000514067,48639.9999978956,1245439.9999902432,199040.00000006563,66049.96689509999
47260.0,312269,52984.659,64147.0,30565.665,40175.024000000005,68532.612,40512.845,91597.73,66414.813,43607.387,109832.754,10371.073,14553.655999999999,48436.315,94990.417,58130.482436788094,27572.012000000002,48134.0,74383.93,8436.0,13118.0,450.0,756962.0,116723.0,3529.7,24013011.156900417,-19801.0,6057855.0,133256.2646671808,45251.48375178974,6966.551414728045,750.7673903075049,56.91584390401843,19355.504668762987,5985.804273761336,1128.8821571251647,114.56124319527841,17.16518088794183,182047.3748,9137919.485367617,1368929.554490157,1045807.668350668,6723182.262662542,26170736.000164516,2439040.000032074,3892480.000008038,1485439.9999224823,24475520.00003097,5763839.99999776,2259428.8062422
47300.0,477544,90255.816,55595.0,27697.551999999996,71631.6,106014.768,62558.264,180511.632,145650.92,79749.848,179556.54400000002,26742.464,42501.416000000005,69833.31999999999,167318.75999999998,73228.200908524,65146.52,61271.0,152789.68,26299.0,37031.0,1407.0,62058.0,140970.0,742.0,36445659.97289116,288.0,23054458.0,179265.0955711847,52805.38032455827,16000.501883639316,2284.5023762134406,132.00000004144383,51632.01211186224,13917.147764018442,4635.579460698819,543.7505971787626,22.943688043508363,2987048.417,5635663.780033247,725296.4305917056,1835725.9847441337,3074641.3656649315,6786560.000233513,1206400.000194562,1845120.000313138,717439.999889873,5194879.9998378055,1373440.0000548982,3087487.1024696
47340.0,30828,4685.856,6711.0,3051.972,5672.352,7306.236,4069.296,10604.832,9032.604,5086.62,11313.876000000002,1233.12,1633.884,7234.24,10897.536,5562.9836094976,3201.536,3587.0,10097.152,884.0,1697.0,83.0,55750.0,11983.0,258.1,2334682.5630544,24.0,1584528.0,36208.30698716823,10035.04690952614,1256.6267894382156,166.99999996349274,38.0,3837.0664262393016,818.343914960306,90.57362228492126,8.734569631315845,1.5347533243747236,136.877827,692246.0054644322,101140.4516348602,464581.1367983557,126524.41702359682,927653.1200109968,149119.999973158,449280.00000915985,165759.99998147783,430080.0000309802,175360.0000083675,264018.4648011
47380.0,302582,51742.299999999996,47196.0,21720.092,51700.05399999999,74116.754,42220.236000000004,110871.039,85709.886,50599.348,113603.35399999999,14307.033999999998,21247.723,55439.601,114274.08099999999,55518.339105469495,37387.475,42075.0,96622.755,8254.0,21009.0,464.0,157794.0,104777.0,1146.0,22755234.032507114,243.0,17290761.0,217877.93762916295,54861.321207640525,15485.324575737648,3180.284187325775,168.00000002847815,32689.07348603001,9097.2352898818,2450.3535651889442,698.4376514103191,28.580520634902236,63238.12928,3141836.3769751317,660104.5409133193,1378450.3513837368,1103281.4844808658,5780471.040013527,1115520.000035607,1776640.0000340918,351359.9999333562,3956480.000091653,1605119.9999746603,1153647.7812775
47420.0,22930,4855.16,4352.0,2122.2599999999998,3568.9700000000003,5008.27,2457.04,6913.22,5486.62,3015.1200000000003,9221.39,811.37,1077.71,3936.2799999999997,7603.803,5704.251046203301,1853.818,3586.0,5882.114,474.0,907.0,18.0,131299.0,9216.0,616.3,1775586.9699464,-9990.0,1592545.0,96264.28313566763,26305.988704369425,6169.6591839200655,762.7513888264077,173.7513888776302,1657.1738533362177,338.6052821699251,34.795571224815276,7.324979765599096,1.0049587175440444,188.0113671,2942774.8556166072,434557.40706247464,2225483.701337136,282733.74699405447,2049122.5597892872,499840.0000650477,911360.0000792562,789759.9998651929,536319.9999475823,293759.99986974365,1399440.6912177
47460.0,61890,10954.53,11763.0,5755.77,7364.91,16029.51,6684.12,19681.02,11449.65,8478.93,19433.46,2475.6,3527.73,8826.047999999999,18510.184,10765.656140624,5822.74,9642.0,13545.532,2069.0,2705.0,195.0,61281.0,18618.0,518.4,4913575.929847508,32.0,4006838.0,38159.030463636875,11587.158415982376,1438.737633980921,123.0000000149012,28.0,3849.231723354309,1142.8997029242537,85.9556265045401,0.545098164214404,0.106451955504862,5204.162361,1296388.02315317,105382.47722562484,75065.94515598175,1115939.6004731895,1616565.120209247,117120.00004185518,170879.99997351956,77439.99991803116,1524480.000138253,408320.00012412865,812803.071302
47540.0,45948,8500.380000000001,8776.0,4502.904,8224.692,11027.52,5743.5,14703.36,11165.364,6800.304,19527.9,1516.284,2067.66,9866.88,17906.56,9420.390140448,4293.92,6740.0,12699.04,1701.0,1992.0,24.0,69468.0,19882.0,251.9,3560219.72287544,34.0,3016717.0,31222.446677225707,7970.056141036084,2183.6616874737083,186.41346059377247,25.99999998509884,3164.2005668467827,637.9708809795158,176.1219109862886,7.765127239446426,0.6392659629436019,251.1174853,755000.136598654,195368.5852063356,402509.42790238885,157122.1235482757,1137424.0000310703,282239.99999143655,487680.0000140181,161919.9999968493,584320.0000184072,260480.00004160148,256882.7547361
47580.0,198193,29414.768,26067.0,14298.458,27837.928999999996,41563.406,23252.669,58393.436,52669.178,25773.795,78207.513,6940.236999999999,10168.449,34668.94,66303.74,32777.936229707,23230.41,34603.0,59472.5,4379.0,12258.0,293.0,120973.0,71922.0,1661.0,14302926.72815517,180.0,9879482.0,61943.17331636245,18097.46189774082,3686.985079586105,722.0543769471409,92.00000005445325,10519.863130525355,2338.443025460769,394.5706964717465,83.31016493006544,17.932821073813848,381.3478842,1255078.4035714965,217953.379256495,434243.7398809102,602881.2843700919,2954372.4799149865,348799.9999761135,1352960.0000037714,198400.0000058967,2244479.999936238,356480.0000128029,336842.3910498
47620.0,37808,6389.552,9419.0,4045.456,6994.4800000000005,8922.688,4726.0,13194.992,10208.16,6313.936,13043.76,1550.128,2079.44,8754.975,14124.693,7924.953388820501,3463.0789999999997,4801.0,10856.169000000002,1505.0,1639.0,46.0,52729.0,13840.0,158.2,3055531.4318769868,20.0,1670178.0,25740.97578090009,5325.349572480736,304.0546754943353,59.9999999469146,25.9999999469146,1902.771099067584,309.7501874362282,21.098855579193167,1.390861161769253,0.4076881613065946,50316.06701,1070217.0351865755,100371.27446411562,814641.7158124149,155204.04491032538,1190237.4399787963,179199.99990462538,1056640.0000361153,122240.0000052248,375679.99999913544,112640.00002791198,565836.3374653
47660.0,54368,10656.128,7125.0,3697.024,9079.456,13537.632,5164.96,18920.064,12667.744000000002,7067.84,20659.84,1794.144,2664.032,10681.143,20223.687,9573.3338531886,5096.586,9470.0,16807.89,1312.0,1913.0,88.0,58373.0,21335.0,743.6,4244043.472907238,33.0,2321116.0,38873.88324026583,10202.310848784378,1813.7908902103195,162.00000010104853,25.00000003911555,4761.852914131307,1026.171192265471,279.18304145247447,28.19122861156391,4.318181196885991,4112.247899,1311586.5790065962,185577.16988900825,830264.0560633563,295745.3530015608,1908201.5999267795,376959.9999904956,1611520.0000671395,124800.00001763852,753279.9999313607,206079.99999736916,530714.8802903
47700.0,80826,12608.856,14014.0,7193.514,12851.334000000004,18751.632,9941.598,24166.974,22146.324,11073.162,31522.14,2667.258,3717.996,15481.648,27487.823999999997,13186.7843519412,8056.776,11305.0,23854.376,2541.0,4617.0,147.0,62269.0,30265.0,320.9,6150825.481918208,53.0,7180970.0,83198.06571523087,19628.790028681735,3504.8884007875804,638.0000001034059,164.0000000596043,9865.417166588522,2049.0844496670697,336.35993952796235,75.78326428209353,18.769517674007552,273.5835614,1103236.359016754,141582.23038890437,770764.0630553231,190890.06558344365,2160385.280005698,232960.0000049891,1527680.00003567,246399.9999745778,908160.0000979784,289280.0000185537,340111.4323807
47780.0,33418,5313.462,5331.0,2773.6940000000004,7385.378000000001,8722.098,4377.758,12197.57,11195.03,5714.478000000001,12698.84,1503.81,2071.916,8275.735,13066.95,5600.6886064765,3819.57,3347.0,11961.285,632.0,1195.0,27.0,53101.0,10368.0,158.9,2561090.597447405,15.0,1900951.0,27853.093777126705,8875.011176329717,2177.276498772313,96.00000002980232,11.00000002980232,1677.4806832443608,308.1859851546139,45.0528178686715,1.3084409088604123,0.544275847907076,98.317241,770860.3669390538,112548.21891099002,512471.8821356784,145840.2658856432,1140455.0399566276,148479.99998441004,785919.9999863408,148479.99998108335,419200.0000004352,188160.00000115,274873.2030659
47820.0,44272,6153.808000000001,11837.0,4294.384,7570.512000000001,10138.288,6950.704000000001,17000.448,12838.88,8810.127999999999,17000.448,2479.232,3231.856,10026.549,17605.302,7749.098390506199,5601.687,6022.0,13792.389,1228.0,3414.0,76.0,50253.0,16812.0,629.9,3573690.546621546,38.0,2159196.0,26833.588645565414,9131.73583080129,459.3629983153078,26.0,5.0,1432.4422469883125,515.9619038387167,30.559608318243317,0.4789228146820107,0.0238288127047954,1731.86735,1065198.7876921454,144843.59591786427,28437.46709004738,891917.7246656183,1340040.9600248695,290560.0000448679,136960.00000425446,62080.000025708534,1425920.0000668715,235520.00004494612,532527.5757357
47900.0,6041480,991758.6290000001,829726.0,414675.235,620620.094,1150546.941,680130.2690000001,1422313.084,1140960.947,635094.9029999999,1821794.6979999999,173001.72400000002,265312.066,715997.157,1723618.545,1021530.0257828407,581125.285,1317091.0,1351732.794,210565.0,307577.0,15325.0,1894747.0,1981337.0,8895.4,489875486.4681329,5083.0,453237676.0,962393.4254893974,282556.2366150096,69621.98687696194,9267.431206430463,500.67575996443117,886502.8739328824,232414.74930003966,50507.03541223392,7231.621669697774,349.7115417110155,179522.5137,23398552.085470453,2447395.6367648584,4056852.810559358,16894303.638216987,74452510.08023712,4213759.999958537,12927999.999862831,4451839.99997816,71002239.99972314,14019199.99997935,4203171.4035
47920.0,28839,4585.401000000001,5282.0,2566.6710000000003,6748.326,8190.276,4556.562,11103.015,9199.641,5681.282999999999,11795.150999999998,1470.789,1989.891,7744.909000000001,11888.864,4957.2461507709995,3229.427,3317.0,9916.913,1032.0,1770.0,37.0,50125.0,10636.0,234.9,2108522.784849058,33.0,2106882.0,26982.52667275303,7784.312396381258,2729.2781002864,198.7299337767113,5.0,1543.4619318371344,276.6810782772468,59.76581822134833,4.145806244119016,0.1487120804848864,66.45100104,559739.339748783,200005.48753671383,275968.3976286027,83765.45464856146,590278.4000090092,229760.00004175492,252160.00002515945,57599.99997442044,343039.99999695056,135679.99998905708,260065.3120519
47940.0,167889,36190.456999999995,30577.0,13725.873,29755.296,33766.528,18950.724000000002,48325.216,45059.001000000004,20659.946,63321.622,6078.861999999999,8005.9439999999995,31500.888,62567.276,39267.8904158208,16093.057,29645.0,47597.452999999994,4952.0,8266.0,304.0,202524.0,68678.0,1389.2,13161366.554378422,-9890.0,11733795.0,121565.92694835516,36097.39521293994,11826.992854781638,368.9999999017454,86.00000001955777,19708.703491544533,5045.841741759774,1066.7938311084263,50.99756876205591,10.103282537350378,3465.218499,2693014.6262142994,519924.8343451737,271269.51287369005,1901820.278954493,4423207.040092507,574720.0000305773,498560.0000207202,286079.9999903686,3202559.999932788,1668480.00009343,961963.9138325
47980.0,28721,6060.131000000001,5269.0,2470.006,4825.128000000001,5715.478999999999,3073.1469999999995,9161.999,7582.343999999999,3791.172,11373.516,1062.677,1464.7709999999995,5242.596,9752.356,6297.9703565204,2311.252,4655.0,8314.869999999999,754.0,1358.0,77.0,62123.0,12829.0,307.0,2240002.9451900083,20.0,1909812.0,31933.063641778994,9659.491279349624,3152.2656477058795,32.0,5.0,2017.8290304513353,399.6345033737289,28.6791898644543,0.697032427443206,0.0160685757988996,621.5689123,1647259.4594923998,216560.4231048656,1204891.2303069537,225807.80620275153,1484730.239995217,247679.999963906,508160.00003628933,432000.00009663426,562560.0000779431,338559.99991191766,764491.1966259
48020.0,85784,18529.344,15618.0,7634.776,12267.112,19987.672,8578.4,25477.848,17671.504,10379.864,34056.24800000001,2573.52,3517.144,14541.498,28657.806,21816.831781251,6547.9259999999995,13785.0,20154.006,2451.0,3548.0,94.0,71772.0,37292.0,278.4,6764295.702289884,52.0,4425435.0,39279.71238602692,10896.978309248852,2817.6562053507623,109.38555580633684,11.00000004097819,5922.74681403935,1604.6611854644,220.37392843613537,27.221396263644383,0.9069836377202736,24379.76317,1063370.0836927493,286250.6286734362,443357.1088540094,333762.3461770059,1602901.7600011,380159.9999998697,547199.9999648555,119679.99999030156,1118079.999963696,372480.0000189159,356146.734846
48060.0,116637,22044.393,15874.0,8747.775,19944.927000000003,26709.873,11663.7,36157.47,33824.73,14579.625,42339.231,4198.932,6298.398000000001,22051.379999999997,36211.825,21323.7731951855,10485.215,20264.0,32320.405,3753.0,6039.0,254.0,57570.0,40034.0,748.4,8411571.68114731,79.0,7651747.0,64253.01777547838,18473.760392630495,5186.990665965896,81.00000008591451,9.00000004470348,4068.1236442826134,678.5330342649564,124.3515552481392,2.640558229527085,0.227250383299547,1768.362365,2007143.268150349,461435.1584871582,86424.47252086725,1459283.6371051932,2530492.7999537885,737279.999983626,292479.99997953547,56319.99993849379,2705919.9997829115,474240.0000516822,811951.6261556
48140.0,137958,29936.886,25214.0,12830.094,19176.162,33385.836,13933.758000000002,37248.66,29523.012,17520.665999999997,49526.922000000006,4414.656000000001,5794.236,23593.181999999997,43660.946,33359.565465194304,10169.475,23382.0,32677.913,3602.0,4978.0,281.0,67074.0,56600.0,266.8,10856087.762760922,75.0,10619726.0,78658.9840008377,21012.91449413426,5961.849546994546,180.4277381235733,24.041850063949823,9769.199012393665,2839.8434412241772,647.2939323368676,42.08026466002564,4.217117192697946,3105.602112,3374410.2419792977,783782.1333807505,1753938.9943235926,836689.1143626717,3904234.880016583,1056640.0000303972,1608960.0001076832,439680.00013786246,2295680.000080912,860159.9999933286,1551250.6578532
48180.0,55782,7751.138000000001,9832.0,4710.5779999999995,10693.816,12514.056,8013.720000000001,20968.428,17291.538,10337.676,22048.056,3196.3,4211.1,13589.65,21055.194,9017.521682908598,7416.8460000000005,6472.0,20169.84,1237.0,4756.0,62.0,91690.0,18137.0,1259.4,4024033.289785944,53.0,2345249.0,61324.14071940953,17151.870744566353,2236.37331542556,545.6084451427739,125.99999988955096,5108.047141180783,977.5314220934733,135.1218680495466,49.60249538998286,9.334800060430572,252.5269441,1567694.584685461,151772.32849529205,1180986.803196619,234935.4529394016,2376504.319971018,266879.9999497591,1697919.9999917485,333440.0000554504,775039.999867404,393599.9999698645,793374.1819186
48200.0,62609,9829.613,16083.0,6636.554,8577.432999999999,14149.634000000002,7763.516,20723.579,14587.897,10017.44,19847.053,2504.36,3380.8860000000004,12468.456,20906.704,12060.5412554536,5982.34,9027.0,15302.196,2160.0,2603.0,242.0,50492.0,22225.0,277.6,4815870.276424481,47.0,2325969.0,27977.449174588197,10275.949697471116,3138.2390204332705,36.00000000960427,4.999999977881091,2929.8192531588866,1044.694809156544,293.326815557067,6.2904050605320565,1.4934663806646151,71981.84694,,,,,,,,,,,
48220.0,38618,5642.451999999999,6303.0,2924.3219999999997,6200.516,10538.403999999999,4765.142,15565.338,11574.926,6470.842,14574.2,1570.4940000000001,2370.7400000000002,7522.48,15655.309999999998,5613.805470826201,4578.0560000000005,5817.0,14673.594,1167.0,2212.0,184.0,107096.0,16050.0,1176.6999999999998,2923992.357764348,-9977.0,2687586.0,94681.24910925675,23057.61874194129,6416.366744186495,724.2465223540855,40.0,3121.846334812971,893.5231188990172,266.13400676617033,25.429787050385812,0.9224880001702302,514.8687355,1338865.5572410314,172134.65002449404,847462.4774961217,319268.42974076985,1488439.040188284,235519.99990392185,752640.0000350409,291839.9999709375,564480.0001188412,318080.00013343774,632804.803067
48260.0,114235,17975.503,26844.0,11759.957,22339.537,29999.852,17345.036,43212.006,33828.382,22059.319,46820.262,5081.137000000001,6801.101000000001,29366.242,43548.166,20465.3230084616,12855.46,15271.0,37617.859,4981.0,6174.0,199.0,152328.0,41392.0,682.4,8605608.659836888,89.0,7819727.0,45924.26373972972,12383.060485900927,2365.1297458422564,185.99999990677318,30.9999999941283,9140.230649388579,2813.951961756204,496.82998445045746,31.876208949619475,2.300849854035067,222.2000368,1365429.3485407727,152508.90360799938,768694.9430944505,444225.50183866086,3065690.879913705,236800.00000171497,1784960.0000364468,217600.00000281943,1687680.0000321935,531840.0000023374,371146.652216
48300.0,124118,21693.374,23686.0,11481.866000000002,15300.346,30009.280000000002,13953.866,38773.662,24792.520000000004,17765.79,39270.984,4884.794,6914.874,18794.862,37779.438,21242.7897400806,12142.038,15852.0,27787.416,5498.0,6776.0,381.0,126314.0,43508.0,709.5,9823325.075954035,67.0,8702700.0,75878.27542694248,21400.252332630167,2029.4391387700866,200.0000000692089,51.00000002235174,8954.447470626597,1805.326934379319,154.1461320914865,16.268235209196472,3.961245036014681,4139445.502,3904941.515049581,210057.3262875453,182407.82062863297,3512476.368925215,3761253.119849562,254719.9995408244,469760.0001918888,115840.00045600114,3929600.0000981665,711040.0004254408,3033816.6462526
48460.0,40631,6460.329000000001,8152.0,3819.314,10035.857,10482.798,6013.388000000001,17552.592,13611.385,9060.713000000002,16414.924,2478.491,3047.3250000000003,10508.382,14816.416,6530.155859977801,4308.034,5266.0,15460.608,1083.0,1965.0,101.0,45808.0,12771.0,373.9,2990571.5485631498,33.0,1574177.0,55948.69815163249,12310.124169421882,2515.691820048398,310.0000000703148,57.0,3992.959517578925,719.9891413592952,126.72158370332372,8.821763078318533,0.9105266340901864,218.2210308,1284550.5115091875,168660.68426375213,830601.9382378493,285287.88907875353,1357319.6799014483,290560.00003526016,958079.9999898268,127999.9999734088,600960.0000090117,189439.9999888192,593426.0490204
48540.0,136708,22535.005,30923.0,14139.798,26489.859,36431.181,20419.674,50613.771,40736.886,24474.491,55928.271,5677.571,7645.612,33062.337,52029.059,23536.640912468,14648.235999999999,19671.0,43414.022000000004,5992.0,6819.0,290.0,145966.0,51185.0,801.5,10361407.06414122,122.0,12649013.0,55250.034776786575,15105.665914410969,4354.558873708137,176.00099594864878,11.0,8664.708359378892,2607.116233474744,728.8243102156548,15.493847177952762,0.8019041082208328,451.5004359,2205946.1642416404,336252.46799879475,1257638.6338420953,612055.0623495282,4627295.999896053,723839.9999591087,3010559.999967689,259199.99999419495,2397440.0000090185,760960.0000030034,603754.6229378
48580.0,105380,22656.7,19835.0,9589.58,14015.54,23499.74,10432.62,28452.6,20865.24,12540.22,33932.36000000001,3161.4,4215.2,17360.151,36695.409,26822.247735569097,8316.24,14555.0,23493.378,3416.0,4688.0,132.0,67656.0,43238.0,329.3,8180877.94170398,74.0,5549266.0,49739.16620659087,14363.601051331496,3414.2311665899274,85.99999997019762,26.0,5379.918888943519,1397.2085502176994,227.7680296252649,6.802101281167312,1.853445743399483,1572.438658,1240586.8632637074,282914.24080030003,379049.72196756257,578622.9004552753,2356480.6399359745,351360.0000413938,574720.0000233834,114560.000053973,1987199.999950496,533120.0000101718,355460.5193637
48620.0,650039,107907.33300000001,102291.0,51542.977,107048.91500000001,127894.738,75846.55900000001,197659.73700000002,157415.56699999998,85048.01900000001,222081.07499999998,21437.679000000004,30152.717,109878.37000000001,242648.382,109449.3142092989,69040.229,113437.0,184098.992,26369.0,39928.0,1477.0,252086.0,253448.0,1747.2,49289544.784693055,552.0,43506738.0,496513.32690788317,106171.87699195227,29750.61923586595,2854.9739923595207,554.0000000304426,101072.17170073898,17142.418191392313,5302.334212028514,361.1312728669865,60.846898254142886,10427.74664,8036874.410510989,1174539.8045331603,3974364.586126248,2887970.0198296746,15945155.839846414,1635839.999954434,4460160.000035558,1964800.0000721132,10847359.99967223,3770240.000069571,2654665.0150103
48660.0,149299,29475.295000000006,24763.0,11483.41,23575.138,36136.155,19666.911000000004,50556.893,39350.633,22811.605,55986.265999999996,6051.158999999999,8808.905,28996.89,57700.46,31362.5537831275,17854.760000000002,23276.0,45293.395000000004,4159.0,9551.0,231.0,186988.0,53842.0,634.9,11533015.50830484,114.0,7689289.0,442721.0445507744,108693.7708862884,26311.94355342102,6829.185468248072,2005.999999962645,73977.49400845011,14602.455126138844,2404.9486299118294,57.365621295753584,5.513199330732518,2118.343096,4230151.344385307,707681.5205509273,1060386.5350211738,2462083.288449195,7261351.68001478,1305599.9999293091,1800960.0000609076,411519.9999466509,6254079.999431511,1477119.9996832283,1676533.5508604
48680.0,144970,16381.61,82103.0,25659.69,15366.82,24499.93,23920.05,50159.62,36097.53,27399.33,46680.34,5653.83,8263.29,23911.096,41010.31,29400.486475879203,13206.71,6060.0,32947.265999999996,2534.0,2794.0,63.0,60278.0,18472.0,152.5,11151763.703290056,38.0,6123479.0,43459.87500996537,15488.0014657542,4400.999053792596,886.2043114402916,11.999999985098848,4842.953926022,1435.8978510715897,350.84496988543196,52.83669102546763,1.0492080182831516,165897.1514,,,,,,,,,,,
48700.0,113104,20358.72,22998.0,10744.88,18662.16,26805.647999999997,12893.856000000002,35288.448,27371.168,16400.08,40151.92,4071.744,5542.096000000001,25245.607,38717.478,22163.725547808797,10188.81,16920.0,30000.385,4913.0,5641.0,206.0,56751.0,42329.0,402.5,8765337.734340359,80.0,7154393.0,57779.74416343383,16039.345337012508,4472.1091851743095,114.00000001117589,30.000000011175867,10217.531585588838,2196.6392801048187,719.0060090600213,24.81448865031959,3.050417235360362,280583.7329,1899542.7653762023,163776.59711254132,334082.6064242008,1401683.5616132624,3359196.800004208,248960.00002294529,926720.000049434,259200.00009751692,2423679.9998168335,865280.000091318,786392.1714285
48780.0,38109,9794.013,3527.0,2515.194,6630.966,7888.562999999999,3353.592,10327.539,10441.866,3887.118,14367.093,1143.27,1714.905,7043.4,14512.5,8512.05575457,3212.1000000000004,7366.0,11416.5,2205.0,1955.0,51.0,79483.0,15833.0,630.5,3014062.3407888003,26.0,6630948.0,81212.15821826558,18362.796294595704,2951.527544814138,569.0000000465664,142.0,2806.7947149944343,488.2228314377776,39.17226747670949,5.198820008757145,1.2035178211071804,228.4817638,2605479.000540598,275801.06637974136,1992449.8300457897,337228.104194564,2480132.4799956647,384640.0001526762,1646080.0000628072,622080.0001604224,671360.0000549922,312320.00003759324,1329632.6498332
48820.0,43839,8899.317000000001,8519.0,4033.188,6181.299,10477.521,5173.002,12669.471,10039.131,5962.104,15957.396,1665.8819999999998,2148.111,7720.27,14664.2,9590.182915864,3795.44,6579.0,9704.25,1184.0,2592.0,182.0,65344.0,17500.0,398.2,3470057.92859653,27.0,2785392.0,40963.879942736305,9701.837140849288,950.4990252477236,161.0000000868459,27.000000020489097,3034.619985187704,644.5356106436515,67.24138561495673,8.646543300185822,0.3733222220474809,556.856964,1261138.371909671,248351.43448262973,732399.4561054027,280387.4812720083,1562386.559972952,444159.9999914283,1024639.9999766152,168319.99998419077,695040.0000495377,247040.0000066232,510313.4881099
48900.0,453722,78118.657,107016.0,43765.075999999994,58197.475,104785.388,53782.681,141950.644,94644.666,61957.661,142808.043,15865.407,21660.345999999998,80145.38,145069.38700000002,87824.2713448662,43298.053,70795.0,108565.451,15210.0,20333.0,1344.0,189798.0,154015.0,1189.0,35513711.66735709,374.0,27230169.0,246934.47309020272,64919.321902050564,11826.763105762799,812.9999999273564,160.00000002980232,56016.22198394342,16062.75634756547,1972.5267227654042,26.04655493499523,1.2397862443143204,73451.18642,1951286.9009269893,258932.5165997128,143903.73898700095,1548450.645412967,5394831.999967643,478080.0000625025,899200.0000579215,291839.9999702708,5036800.000049918,1143679.9999862262,680654.9715025
48940.0,41964,7217.807999999999,7565.0,3818.724,9022.26,11204.388,5958.887999999999,15358.824000000002,12757.056,7343.7,17289.168,1762.4880000000005,2475.876,10731.776,16558.795000000002,7982.2432457097,4569.389,5995.0,13624.325,1479.0,2445.0,128.0,53891.0,15941.0,305.0,3133261.244340426,24.0,2952238.0,42518.47970345008,8877.466270896164,1780.7676257170667,163.62004482746102,4.0,2477.8299216121627,455.4416956328424,59.64876275529068,5.150659426459101,0.238334760897821,100.9721492,610791.1800602059,161239.5900033204,352827.2520165076,96724.33801017578,662855.6800248026,211839.99999171917,391040.0000406165,73599.99998579954,336000.00001556845,104319.99999924107,261552.6363616
48980.0,78449,10512.166,15693.0,6040.573,15532.902,17729.474000000002,12865.636,30987.355,24162.292,15846.698,30516.661,5177.634,6825.062999999999,18445.275,31889.831,12549.6048491182,11149.144,10218.0,28282.754999999997,3062.0,6726.0,155.0,44089.0,28381.0,1078.2,6166165.218053618,65.0,4618394.0,48703.3043762445,14822.050797726928,3415.479905424254,114.90845956490372,21.686836512992137,6625.243977689495,1989.0822081378317,188.47493964549463,15.63208051337498,4.334198687092625,312.6042616,852450.6539680911,170430.6836931975,45623.067753229145,636396.9025069199,1654133.7599909892,241279.9999960276,216319.99998644288,104320.00001279292,1544959.9999908723,375040.0000029307,235226.030311
49010.0,43942,6635.241999999999,8895.0,4174.49,9403.588,13534.136,6635.241999999999,17401.032,13358.368,8348.98,16873.728,1977.39,2856.23,9729.065,15591.995,7038.6432868619995,4800.805,4303.0,13042.895,1569.0,2226.0,22.0,49491.0,14550.0,331.7,3192947.505335725,18.0,1589337.0,21409.34284715876,4439.2440964755115,341.9999999348653,56.99999999863209,19.00000001912122,1262.1185457449942,260.11151619084626,19.865927749888023,3.24640515123499,1.014336251089518,1317.045041,,,,,,,,,,,
49020.0,118519,20133.015,22246.0,11802.606,19819.566,30690.526,16959.894999999997,40292.811,30221.054,19225.792,45950.114,4687.929,6489.182000000001,21155.154000000002,38957.604,19454.5958174379,10708.511999999999,15458.0,31322.091,2854.0,5026.0,73.0,136366.0,43844.0,466.3,8991404.302649051,55.0,494630.0,50306.34115214349,15779.080467196742,3742.391460361052,504.8566023167226,7.943126559257507,6358.351987572724,2411.62697101084,692.8478737608912,161.07848693574397,0.5338481885655744,1094.679272,2099189.6885803905,259645.79915796735,1015038.0426045544,824505.8468840509,3168897.9200650435,584319.9999840236,2044160.000024692,174079.9999872839,1929600.000006639,344319.9999887874,680153.8863027
49080.0,17272,3333.4960000000005,2566.0,1364.4880000000005,3350.768,3782.568,2107.184,6477.0,5129.784,2884.4239999999995,5872.4800000000005,811.7840000000001,1174.496,3171.894,6140.244,3535.4443387031997,1730.1239999999998,2190.0,4681.512000000001,395.0,681.0,17.0,72907.0,4903.0,368.4,1305816.620969718,12.0,1714942.0,73257.34155833123,21164.993450200574,5313.011088440599,407.0,94.0,1045.500185672823,266.07757434022375,69.74008713507932,4.591505622459149,0.9649166118638725,39.15382651,2788524.239637613,215255.01421754403,2284406.3303108076,288862.8937088311,1110157.4416445815,97279.99845462258,910080.0001463648,220159.9991051396,282239.999998276,94719.99914831753,6169971.683103099
49100.0,49478,10835.682,9218.0,4106.674,6778.486,12072.632,4650.932,13210.625999999998,10142.99,5145.712,15931.916,1484.34,1979.12,9188.27,17164.9,12436.5870322335,4190.255,8257.0,10551.365,1393.0,1326.0,108.0,65302.0,21214.0,400.1,4084613.07751006,37.0,2791134.0,59366.31153352249,14200.98189031824,4468.518481480795,448.6072842569261,102.00000002980232,15240.238242795702,2092.1897815699813,537.5406160981497,78.97868032635651,7.1115441329074995,1109.136238,930817.5265481054,216848.18944337545,451979.5185448081,261989.8184753258,1336552.959986251,257920.00000834695,460799.9998926512,57600.00000078513,878079.9999397302,385919.9999782429,400706.8009523
49180.0,688471,112075.283,124082.0,58494.340000000004,103551.06199999999,156903.866,84877.68100000001,224335.87099999998,160196.118,101047.302,225647.07499999998,28566.070000000003,38930.598,133928.972,248303.108,118851.7967227121,74740.675,103290.0,186900.652,23259.0,41799.0,1522.0,289865.0,250097.0,1997.8,52393158.15618011,444.0,41611851.0,194319.32750308095,65872.5472321648,12676.34371200742,1040.8401138511167,42.99999999022112,48675.74092074486,16773.47657522099,3194.8811324938656,237.97679920817387,8.047274458546823,6431.119815,5631657.864574368,654999.2398612858,503895.9886185231,4472762.636022137,11603991.03990722,1464960.0000348736,2722559.999986473,529920.0000112677,11810560.000061627,1380480.000001288,1285501.1594499
49220.0,73993,14946.586,15603.0,7325.307000000001,12726.795999999998,17092.383,8435.202000000001,23529.774,19460.159000000003,11246.936,29967.165,2811.734,3625.657,12698.0,26411.84,19227.828430368,5949.92,10245.0,18140.0,2305.0,2755.0,119.0,54154.0,28920.0,317.8,5675917.8813945595,43.0,4840071.0,70850.34874051303,15240.52104160028,1928.2210234797944,279.000000078231,80.00000008568163,11777.100113056324,2327.444087188449,341.65823833879244,39.09288676099567,6.2744683138012185,1391.341862,1373648.2307287815,190152.39006369028,809114.583290806,374381.2574554843,2345054.079954267,318719.9999921581,899200.0000554877,240639.99999515223,1303039.9999705926,635519.9999998469,507519.0238399
49260.0,19990,2978.51,3233.0,1599.2,3698.15,5497.25,2658.67,8415.79,6676.66,3698.15,8355.82,899.5500000000001,1339.33,3883.152,7370.064,3077.50380561,2040.636,2479.0,6775.704000000001,603.0,1466.0,77.0,54328.0,7724.0,494.8,1507118.696398692,17.0,1423342.0,76500.81157933359,16382.153940336118,3197.026096040732,559.0000000847499,118.0000000102446,4310.85086134963,882.185041923807,216.78209475863036,58.72449302845217,27.895509124579327,153.4998526,2298287.4933985015,247181.22581222677,1591299.6647239474,459806.6025984353,1718634.2400380506,292479.9995788473,780800.0000382785,455680.0001970295,561920.0001250708,367360.0001755454,1583493.6477635
49300.0,116559,20164.707,21674.0,11073.105,20164.707,29722.545,14336.757,36832.64400000001,28323.837000000003,17134.173,45924.246,3963.006,5711.391000000001,26493.926,44426.496,23300.6361917424,11800.788,14300.0,34592.506,3560.0,3599.0,426.0,67708.0,42398.0,253.2,8968682.509523595,75.0,7677867.0,60661.718488754945,15725.49911340537,3510.0178269738344,389.9435934025388,73.00000001411533,6668.123508595722,1399.5358794996416,276.0188306672039,32.90574604538257,6.204954703884164,616.4555195,1328192.038829572,258771.2755456335,619418.1976119288,450002.56569948664,2566562.559936481,502399.9999752436,1512319.999890654,235519.99997332753,1535360.0000199738,298239.9999961595,355067.7365923
49340.0,862927,156189.787,137277.0,73348.795,118220.99899999998,208828.334,92333.18899999998,267507.37,201924.918,115632.218,283040.056,31065.372000000003,44009.276999999995,122723.376,260372.568,181383.4385661168,67995.384,143793.0,222228.816,37924.0,38362.0,4595.0,77931.0,323460.0,362.3,65559927.08635453,573.0,54996937.0,212711.09823447507,67166.70463617642,20157.030770213725,2642.9241242603975,68.9999999552965,91444.77883501149,26107.801360712572,6650.566989683311,1171.7164800987373,28.39998045257172,52331.85294,5407869.074850097,375871.91697606794,901909.2102389454,4130087.947642268,12572009.600123623,341760.00000842614,3023359.999969148,573439.9999917259,12525440.000006428,1627520.000013705,1295059.3697048
49380.0,21947,3994.354,3678.0,1799.654,3796.8310000000006,4981.969,2875.057,7308.351,6342.682999999999,3270.103,8800.747000000001,987.615,1404.6080000000002,3852.0,8388.800000000001,4382.69674676,2289.8,2361.0,6420.0,488.0,1781.0,29.0,63011.0,7564.0,559.4,1703241.0193974,10.0,1655714.0,22922.611691905888,6919.941007784506,1762.1156999243133,70.00000000931317,29.000000031664932,1054.5165245208054,197.09285351922335,36.64468271809253,5.113930447484879,4.061108678086664,757.5214937,1053702.0950892838,239098.93574606636,649747.3013433053,164855.85796350913,924858.2400571696,266240.00002744835,444160.00004140806,199680.0000510478,370560.0000048195,181759.99997949097,457649.2882361
49420.0,257001,42919.167,36210.0,18247.071,38550.15,62708.244,32639.126999999997,97660.38,75044.292,44204.172000000006,106141.413,14135.055,21588.084,41308.156,93447.109,34904.9487900269,32744.27,29708.0,72037.394,12688.0,19981.0,888.0,56353.0,84049.0,847.4,19383197.434723735,143.0,12913176.0,93943.6675772879,27407.03138536013,5525.114759370616,188.14214991219345,26.0,27107.523506234385,6380.2537492159145,1011.0029596436932,44.743614934342794,8.558473362392244,60242.5744,4630946.120562483,265962.44910824375,393821.8831364092,3971161.787872009,4837119.999434301,236160.00004802312,864000.0001986685,268159.99938777764,4255999.999474517,1153919.9999319557,2748427.5598365
49460.0,23373,4604.481,4632.0,2220.435,3389.085,3926.664,2313.927,6521.067,5235.552,2711.268,8133.803999999999,724.563,1005.039,4025.334,7891.473999999999,5669.8350215765995,1864.844,3458.0,6777.116,541.0,931.0,133.0,57075.0,9363.0,412.0,1798860.469065306,16.0,1664015.0,17391.12051459359,5066.7509487562265,382.0682929615149,20.0,3.0,1531.0818753644162,320.53417356132604,19.987101904032567,1.3153884763133232,1.0888794811108145,152.6436331,751440.1235203957,102876.2347336965,543373.1481853372,105190.74056866944,791055.359987633,144639.9999473632,429439.99996800575,176640.00000111054,256640.000052824,156800.00000261972,333553.7628568
49620.0,461058,83912.556,83103.0,42878.39400000001,72386.106,109731.804,47488.974,138778.458,104199.108,55788.018,160448.18399999998,14292.798,20286.552000000003,86936.464,154954.112,97430.7720457888,38288.08,66871.0,122972.304,18647.0,22680.0,587.0,71655.0,183722.0,388.6,35403107.05559946,320.0,25607422.0,100062.63701620816,27315.62019495914,6818.144796301916,379.24395348718656,51.0,38684.043240720086,7665.00211411038,1906.2772684240829,139.35620195896382,17.869192467608613,22704.61787,2921351.148194912,136062.0007720872,984638.3711142496,1800650.77629368,7161662.080089229,186240.00002041084,2936320.000026714,661120.0000214045,4929919.999920729,1253760.0000144124,578782.3035646
49660.0,426279,70236.063,94269.0,40496.505,90823.818,107573.66399999999,67051.467,153136.929,128537.013,79288.59300000001,177133.51800000004,20411.406,28059.435,105870.025,162538.5,76467.14754581,49593.475000000006,55850.0,137492.92500000002,19155.0,27024.0,1306.0,97866.0,156763.0,1025.4,31813184.026375398,358.0,19770709.0,164943.271195697,41280.08052018206,10976.590098611166,803.3100032966756,111.31000331789255,35991.14906345995,8202.722855969774,1981.7878314852953,130.85813201205175,15.124541131137336,5621.076757,4360934.943457365,806578.5540836939,1665214.9557432246,1889141.433572615,9193127.039995512,896000.0000115169,3553279.999983915,935679.9999689978,5907840.000015778,1946879.999975708,1089320.1569894
49700.0,182813,33171.76700000001,26243.0,12923.798999999999,28898.647,41820.75,22149.607,63057.14,48250.135,28336.862999999998,58527.698000000004,8423.591,12755.179,26032.275,53138.115000000005,33411.4786727935,19292.08,29417.0,48135.744999999995,8158.0,10620.0,551.0,122069.0,55950.0,873.8,13666846.791198354,96.0,8743275.0,89846.93603786817,26097.94140170345,9779.984066340972,575.3891257070646,128.0000000188884,24140.378031188768,6757.409025255156,2719.7020578224024,85.95225855410719,11.647516149593528,888.2077096,2180572.243270526,336653.8845161043,106535.09617030864,1737383.262630181,3295718.4000497675,513279.9999327867,364159.99997635774,113280.0000687691,3271040.0000429987,757759.9999690116,790092.4581823
49740.0,207842,35748.824,43682.0,16627.36,27642.986,40529.19,32215.51,76693.698,65054.54600000001,38035.086,84176.01,11431.31,18082.254,32891.424,83644.416,37443.431426448,29188.416,28965.0,64693.728,16810.0,15999.0,133.0,54278.0,63937.0,536.5,17531456.32723382,135.0,9907647.0,152085.77482537148,38651.02994112123,7678.078153879602,414.5220177631997,81.19742897152896,42701.81216731319,7451.757500303723,835.3257592150703,24.067545449003894,3.4073281582101456,434.5398773,2408521.753378556,217941.35462747535,1111215.3262752434,1079365.0734870324,4359258.879616467,148480.00031199976,1288960.000574319,476159.9993282653,3207680.0005807485,883840.0002359947,3528780.1469028
49780.0,86113,15328.114,15964.0,7922.396,16533.696,22217.154,12141.933,29020.081,24628.318000000003,13778.08,35392.44300000001,3358.407,4650.102,22451.22,33891.880000000005,14710.861961862,9290.16,11041.0,26494.16,3132.0,5148.0,160.0,52457.0,32292.0,470.9,6456601.4513682,79.0,4880613.0,49710.33737739728,12573.512371931423,3319.2346405519856,341.8730032288003,28.99999998672865,5791.755147983091,1330.3865597896493,353.8833807276732,27.677967430575425,1.952414313050239,15833.81008,1206590.9364200588,188083.83888411013,782174.0616865337,236333.0358188806,1744663.6799582392,292480.0000145321,1165440.0000143407,162560.00001506385,825599.9999729284,254079.99997098724,425300.0839999
49820.0,13849,2021.954,1919.0,692.45,2755.951,3171.421,3046.78,6924.5,6467.483,3683.834,6287.446,1412.598,2285.085,2678.508,6150.648,2170.384693926,2706.852,1387.0,6264.024,571.0,1306.0,0.0,39876.0,3485.0,253.9,1102636.457459448,6.0,834289.0,9411.602490157316,3981.3795095690734,234.93901955336332,0.0,0.0,349.5293610269249,111.57273116713918,5.883030539450341,0.0,0.0,217.1475004,451648.2989081554,57260.506590773024,127459.76351521313,266928.028788188,756492.7999432067,54400.000041702835,123520.0001299713,48639.999966863325,554880.0000777127,255359.99996747065,638970.0136595999
